lat_depart,lon_depart,lat_destination,lon_destination,distance_km
36.836376,10.159377,36.788821,10.17883,7.605
36.873349,10.194348,35.282697,10.953491,196.096
36.809967,10.17941,36.825374,10.207094,3.672
36.829063,10.211471,36.36062,9.182278,109.458
33.118919,9.05089,34.429501,10.074391,198.122
34.735612,10.755956,36.829858,10.156812,248.313
34.743699,10.75525,36.871594,10.196255,274.576
33.116756,9.045908,36.927532,10.273944,497.336
36.403687,10.702559,36.762086,10.223931,65.505
36.842101,10.13576,36.832553,10.229171,10.687
36.860821,10.143431,33.322224,9.879147,412.132
36.863175,10.218794,36.046424,10.506726,106.651
36.838967,10.090205,36.511111,10.504676,58.986
34.427975,10.076675,36.880763,10.155455,314.219
36.82669,10.160111,36.890028,10.184867,9.241
36.7628,10.226098,36.661482,9.079127,118.244
36.814717,10.233085,36.832662,10.157907,9.467
36.845535,10.133013,36.558542,10.674105,68.716
33.886751,10.100191,36.4072,10.701585,309.645
36.876156,10.103435,36.646255,10.738586,72.346
36.36254,9.180826,36.926251,10.270594,128.777
34.375655,8.829061,37.274014,9.866091,354.402
35.286701,10.950213,36.729045,10.738405,168.512
36.509385,10.509403,36.401336,10.700826,25.893
36.406689,10.700176,36.476613,8.785823,189.052
36.885999,10.182344,36.835981,10.228765,8.974
36.407201,10.705045,36.873862,10.339143,71.504
37.27756,9.867516,36.049499,10.504869,159.493
36.40314,10.703907,36.76227,10.221136,64.114
34.92871,8.123656,35.672982,10.90052,308.84
36.79906,10.172163,36.86021,10.14102,9.631
33.322247,9.883058,36.836729,10.225209,414.725
36.730279,10.25047,36.883141,10.15651,23.013
34.428712,10.071868,36.846844,10.192169,309.664
36.860214,10.143004,33.317803,9.879767,437.083
36.872575,10.157797,36.82017,10.165771,7.192
33.121091,9.048018,36.886113,10.159755,494.935
36.817523,10.180272,36.558648,10.678216,64.218
36.787917,10.172258,36.815591,10.231022,7.787
35.667503,10.896469,36.51075,10.504913,109.187
36.819565,10.161566,32.93063,10.455919,483.889
36.824534,10.16863,36.791102,10.171861,5.122
36.800793,10.206849,36.362308,9.179828,123.561
36.928004,10.276397,36.823172,10.149883,18.947
36.80441,10.198833,36.408308,10.696251,70.007
32.932932,10.445327,36.18288,9.553807,416.886
36.850952,10.199443,36.471519,8.784632,150.966
36.807436,10.184007,36.806156,10.166104,2.269
35.677693,9.106561,36.823378,10.155447,182.653
35.676489,10.898017,36.84965,10.191421,163.809
34.924332,8.126841,35.924655,10.576421,289.914
36.869041,10.223012,36.80741,10.169867,11.138
36.790888,10.171903,36.88867,10.187689,14.733
36.874508,10.335479,36.181978,9.554145,116.169
36.818269,10.168895,33.877166,10.095893,361.97
36.921637,10.276082,36.510522,10.504246,55.725
36.831173,10.163767,34.348032,10.547516,294.903
36.80661,10.184905,36.850684,10.193055,6.405
36.874841,10.334694,36.860166,10.14438,19.005
36.842375,10.132925,36.817544,10.224636,11.179
36.790244,10.176492,36.659235,9.086254,108.86
37.276514,9.859191,34.342144,10.554904,360.605
36.473869,8.786257,37.270684,9.86111,146.81
35.505175,11.043151,37.273642,9.867609,244.413
36.72638,10.733591,34.926823,8.127206,344.065
36.924049,10.278291,36.182562,9.555802,122.478
36.476365,8.78311,36.814127,10.169832,150.148
36.869975,10.213904,36.647611,10.738177,61.567
36.802434,10.167404,36.825627,10.150325,4.188
35.673354,9.106723,35.280989,10.948734,186.209
34.924637,8.128592,33.319206,9.879078,281.504
35.669098,10.896925,36.880999,10.196376,156.285
36.812195,10.172669,36.85019,10.194578,5.597
36.799064,10.171177,36.786402,10.169136,1.977
36.872173,10.223658,36.8614,10.139685,9.015
36.818214,10.158874,34.928081,8.128112,307.77
36.844394,10.131717,33.887243,10.10394,375.255
36.355552,9.185588,36.797833,10.176906,114.38
34.375586,8.828903,36.835069,10.160531,337.019
34.348517,10.548685,36.651841,10.734427,275.977
36.875651,10.192481,35.498982,11.042906,182.71
33.3162,9.882219,36.733873,10.255427,440.001
36.048057,10.504796,36.819166,10.16886,100.369
36.473223,8.780822,36.81449,10.180271,141.663
36.798409,10.174793,35.276375,10.958417,203.777
36.662243,9.089036,35.502531,11.03943,256.232
36.831765,10.214587,36.733336,10.256948,15.743
36.815187,10.23172,36.874482,10.342456,14.131
36.831615,10.233954,36.046752,10.501179,93.403
34.737286,10.760365,36.476235,8.783508,298.865
36.87907,10.155204,35.673331,9.105414,194.362
36.877753,10.197456,36.401834,10.698713,78.668
37.279813,9.857989,33.879575,10.101929,433.845
36.874342,10.103331,36.929939,10.276085,19.182
36.180743,9.552862,37.276421,9.865504,138.752
36.883245,10.157339,36.823026,10.152129,8.968
36.788269,10.175683,36.649837,10.739654,59.322
34.434041,10.06796,36.86487,10.221259,293.157
35.499882,11.0412,36.504861,10.502363,140.398
36.807093,10.185954,36.876554,10.190934,9.464
35.507881,11.043261,35.923719,10.575803,75.985
35.279688,10.947385,36.360331,9.184505,220.07
36.755018,10.22785,32.929416,10.448412,475.659
36.873978,10.195489,33.319848,9.876057,444.851
36.648346,10.739003,36.659743,9.090849,168.93
36.92145,10.272907,35.498703,11.043761,189.239
34.430353,10.071494,36.409061,10.702264,250.355
36.792096,10.172585,36.666954,9.092738,107.09
36.184225,9.555722,36.471201,8.783066,94.426
36.84313,10.095228,36.876976,10.158565,8.989
34.738802,10.763805,36.89348,10.189976,262.708
33.115441,9.048796,32.92846,10.451732,143.997
35.928535,10.580158,34.928772,8.127343,288.987
34.925147,8.121795,36.805479,10.17834,306.246
32.933274,10.448703,36.812729,10.228462,491.325
36.816665,10.18237,36.798605,10.209173,3.89
32.93286,10.448732,36.820057,10.160365,508.552
36.853852,10.195766,34.357107,10.547062,319.265
36.811937,10.224464,36.871669,10.1066,16.674
36.831494,10.229473,34.740113,10.76309,265.211
36.731724,10.251129,36.872564,10.190786,19.345
36.829695,10.160118,35.676702,10.894008,157.14
36.891372,10.152,37.271668,9.87231,58.855
33.886878,10.097977,36.878304,10.339826,361.099
36.835594,10.210776,34.739697,10.760233,281.596
36.833328,10.221328,34.435252,10.071029,293.56
36.728837,10.74012,36.83418,10.153879,62.921
36.814437,10.226949,36.830321,10.160435,8.114
34.73997,10.758136,33.32152,9.884758,208.672
35.502755,11.047593,36.752598,10.226619,178.711
36.789608,10.173618,36.668819,9.085757,115.208
36.052535,10.506615,34.37286,8.832535,268.385
35.670861,10.89891,35.278891,10.953249,51.718
36.051828,10.503923,33.324155,9.884163,356.175
36.186632,9.561583,36.786829,10.177293,94.064
36.839718,10.091284,34.923688,8.118759,310.865
36.795804,10.200302,36.176696,9.551285,98.924
36.92593,10.27575,37.26851,9.871413,61.888
36.814238,10.180895,33.126174,9.048548,477.326
36.92289,10.268862,36.814567,10.180844,20.426
36.929833,10.271656,36.878296,10.152162,15.297
34.429528,10.082503,36.822728,10.165507,299.974
36.811777,10.181994,36.844201,10.092646,10.493
36.863102,10.21919,36.176853,9.556774,105.317
36.510841,10.5057,36.729249,10.732105,37.129
36.812316,10.181448,36.832217,10.227641,6.247
36.87314,10.193304,33.318335,9.886196,439.663
34.430009,10.07742,36.555179,10.676261,260.571
36.84162,10.132947,36.047938,10.505648,102.925
36.184617,9.55778,36.888523,10.187498,105.742
36.883652,10.153844,36.878038,10.196803,5.292
35.277864,10.948312,36.044832,10.508243,109.801
36.893984,10.189198,36.831151,10.230164,9.883
36.72575,10.741092,36.81782,10.230602,52.625
36.051724,10.50124,36.841568,10.134459,111.935
35.504978,11.046233,36.80551,10.184048,176.181
35.926653,10.575969,36.800498,10.171444,116.909
36.180441,9.558426,36.662078,9.081887,79.11
36.835786,10.230477,36.797901,10.202877,6.492
37.27327,9.869978,36.184401,9.558086,136.457
36.797545,10.588207,36.55679,10.676482,30.361
36.9295,10.27675,36.841824,10.13533,18.913
34.922986,8.122615,36.652718,10.733294,329.067
36.856715,10.194794,36.360544,9.180006,120.766
36.182462,9.556408,34.737558,10.764809,224.115
34.371692,8.83155,36.87121,10.195193,329.504
36.868926,10.225131,32.934769,10.452962,481.057
36.837514,10.141086,33.117964,9.048657,445.724
36.736901,10.257148,34.437564,10.077363,289.287
35.924018,10.572828,36.879176,10.102093,133.198
36.834658,10.159917,33.316618,9.882905,414.263
36.508781,10.509056,36.888306,10.156982,59.737
36.871546,10.192353,34.341478,10.548397,315.587
35.929547,10.578785,36.804454,10.179935,117.027
32.934731,10.453185,36.864563,10.141145,516.957
34.343599,10.557063,36.754065,10.229365,298.705
36.832639,10.161313,36.809229,10.178944,3.881
34.429016,10.077435,36.800755,10.207161,314.091
35.66815,9.103022,36.842933,10.092715,185.489
36.80334,10.167677,36.828552,10.20663,5.9
34.371771,8.832438,36.808126,10.188604,325.597
36.84912,10.092697,36.803145,10.208057,16.041
36.847347,10.198374,36.802983,10.17414,6.768
36.842654,10.133318,34.345148,10.553178,313.929
37.272915,9.869865,34.344482,10.553169,367.995
36.469093,8.78937,36.879323,10.337674,156.898
36.565404,10.672837,36.182518,9.554447,118.778
34.377332,8.829102,36.04846,10.504845,249.646
37.275935,9.867572,36.512007,10.505298,112.211
36.809846,10.182663,36.182864,9.565643,94.908
36.812877,10.224704,36.861601,10.141877,12.643
36.843097,10.086853,36.877218,10.10504,5.264
36.047561,10.503011,36.890362,10.18782,102.668
36.832598,10.159387,34.351346,10.54973,292.922
36.40797,10.704493,36.858329,10.13853,83.492
36.875109,10.193822,36.556478,10.673418,69.531
34.926857,8.126802,36.470519,8.787556,194.073
36.405227,10.700829,36.885609,10.187517,78.106
32.933364,10.455647,36.807488,10.18102,497.654
36.883544,10.151726,36.859758,10.140865,3.395
33.876575,10.101291,36.509192,10.506136,330.305
36.843792,10.132988,36.835539,10.229026,12.017
34.927465,8.125423,32.924185,10.451106,351.862
36.893584,10.191939,36.359654,9.179615,115.045
36.799583,10.175822,34.735896,10.762055,250.938
33.121403,9.049972,34.355235,10.551087,208.528
34.374428,8.826706,36.511593,10.505513,323.893
36.854751,10.196136,36.842032,10.092195,12.366
36.824746,10.155085,37.274322,9.861095,66.1
36.812004,10.181472,35.502683,11.038487,181.857
35.673789,10.899255,36.84446,10.134944,171.899
36.789981,10.171373,36.846618,10.088064,11.975
33.318368,9.8829,36.7949,10.170345,455.427
36.831305,10.212525,36.835403,10.16759,5.381
36.795491,10.591999,36.798114,10.183242,41.685
36.879177,10.157846,33.877942,10.098412,369.874
36.841946,10.087442,33.317828,9.879504,464.394
36.837238,10.166108,35.275988,10.952709,193.703
36.800353,10.207276,33.880301,10.095325,389.856
36.876485,10.201085,35.673357,10.900152,162.845
36.808685,10.177843,36.759995,10.229695,9.727
35.928328,10.574359,36.854123,10.195211,123.046
36.838292,10.137143,35.923786,10.575052,121.784
36.475536,8.779707,36.405657,10.703116,181.521
36.475168,8.787928,36.66117,9.091411,42.15
35.674242,9.103399,36.845753,10.091381,167.407
36.805872,10.207262,36.818052,10.226647,3.129
33.318649,9.880085,35.933373,10.583389,338.26
36.800532,10.590608,36.804353,10.182091,42.025
34.735278,10.756681,36.796849,10.586825,235.792
36.843282,10.084954,35.671979,10.898265,164.723
36.053181,10.506584,34.74022,10.75758,176.028
36.790965,10.173532,36.84476,10.087378,13.704
36.872473,10.337798,34.432563,10.074457,297.286
36.660164,9.084764,36.797055,10.208648,111.71
36.865032,10.218017,33.877526,10.097788,372.754
36.805794,10.182761,34.370773,8.832288,354.308
36.832067,10.157652,36.802014,10.174846,4.757
36.829871,10.227448,35.281067,10.944906,206.084
36.401817,10.699949,36.851176,10.197014,77.691
36.923875,10.274953,36.176265,9.557034,121.652
36.550138,10.670032,36.925109,10.275395,67.662
36.645686,10.736709,32.934054,10.44765,470.691
36.47634,8.783357,36.873855,10.344819,174.86
36.858725,10.136766,36.924184,10.275487,20.13
34.736638,10.758327,36.790383,10.172169,260.851
36.80622,10.206954,34.745988,10.763245,270.194
36.929122,10.272895,36.873791,10.337093,10.403
36.404218,10.698767,36.832862,10.226249,74.915
36.81604,10.228697,36.815441,10.153853,8.761
36.476415,8.791346,36.810131,10.183898,147.721
35.923309,10.573947,36.734115,10.73543,100.201
36.737017,10.252946,36.842957,10.194204,18.406
36.848779,10.19789,36.821441,10.164622,5.524
36.561236,10.672968,36.795606,10.588937,32.782
36.88715,10.186165,36.66571,9.08724,110.991
36.872718,10.335252,36.731373,10.254773,19.732
36.819395,10.228608,36.734323,10.252862,12.349
35.501459,11.046552,32.935358,10.451314,322.527
36.786931,10.176866,36.65663,9.086899,110.844
36.790168,10.172738,36.832414,10.157608,5.87
36.864728,10.223329,34.43531,10.07137,318.312
36.874289,10.101343,36.406852,10.698437,87.041
35.931498,10.57643,36.78409,10.173865,107.355
36.561515,10.675357,37.272865,9.864346,121.692
36.659697,9.086724,36.847125,10.091186,107.537
35.676013,9.102461,35.673195,10.895568,172.678
36.836878,10.226705,36.882564,10.156839,9.934
36.892831,10.189344,36.814539,10.177935,12.036
36.879958,10.192634,36.825992,10.160415,8.379
35.679799,9.112973,36.562561,10.669659,200.659
36.887397,10.191344,36.650425,10.741306,61.313
36.894146,10.193557,36.871531,10.107485,10.771
36.928632,10.275464,36.879179,10.152304,15.038
35.674206,9.10909,37.27467,9.864228,209.64
36.888301,10.193676,35.926766,10.572668,119.562
36.801459,10.174494,36.566778,10.676731,65.433
36.830851,10.16055,36.829042,10.154761,0.835
33.317525,9.882856,36.826413,10.213522,444.101
33.883061,10.100635,36.862894,10.141096,366.531
34.923916,8.128685,36.408883,10.703563,313.93
36.87548,10.34246,36.82863,10.223323,14.848
36.886804,10.188761,36.802842,10.170026,12.812
36.884749,10.345942,36.865783,10.220295,14.757
36.404936,10.704204,36.045758,10.505913,49.693
36.804891,10.593915,36.657364,9.088094,156.795
36.18004,9.555188,36.851419,10.195851,110.74
36.183545,9.558195,34.735864,10.763892,218.878
36.821744,10.161564,32.935203,10.450102,472.626
33.121406,9.052907,36.760535,10.231762,507.037
36.560626,10.673001,36.850392,10.193139,57.679
36.835563,10.159711,36.728646,10.741247,59.42
34.347712,10.55155,36.470975,8.783379,304.217
36.655463,10.738591,34.737503,10.755173,243.285
36.817162,10.230576,36.554563,10.673088,55.619
34.370834,8.831571,35.673175,9.104604,165.816
36.814998,10.180605,36.873556,10.107379,12.376
36.876434,10.190435,36.793965,10.596203,47.526
36.85145,10.199862,36.730592,10.735787,53.481
35.502285,11.041698,36.65235,10.736872,154.471
36.878972,10.098775,36.858822,10.143681,6.141
36.819526,10.160386,36.655716,10.744905,66.694
33.120783,9.051256,36.837132,10.22888,485.112
36.844356,10.135444,33.322481,9.881838,441.437
36.356114,9.179013,36.737576,10.255136,122.777
36.876679,10.1979,35.49972,11.038331,181.841
36.814225,10.167528,33.882027,10.098768,361.914
36.511036,10.506786,36.178188,9.554649,109.427
36.814532,10.168488,34.739395,10.756206,274.839
36.559277,10.672321,36.757719,10.228355,49.845
35.501388,11.046988,36.177366,9.561521,175.578
34.346438,10.552424,36.879008,10.338128,324.913
32.9282,10.455752,37.279153,9.858731,514.203
36.82814,10.210247,36.873889,10.33957,17.082
35.926883,10.577162,36.406639,10.699213,66.304
36.648423,10.734552,36.737194,10.252028,53.048
34.74528,10.762451,36.831253,10.205693,250.484
35.675783,10.898593,36.798655,10.174287,159.505
36.65537,10.7352,36.509285,10.506403,32.895
36.649183,10.737035,34.431522,10.069639,280.741
36.854489,10.193536,35.92395,10.577957,127.65
36.818803,10.169381,36.812073,10.228534,6.972
35.674559,9.103041,36.66024,9.086992,112.704
36.187317,9.560751,36.875632,10.196016,103.832
36.470815,8.784481,33.118137,9.047516,414.406
36.79053,10.17048,36.805705,10.179887,2.869
36.736057,10.256247,36.052105,10.504438,90.225
36.833335,10.159302,36.799501,10.170693,5.103
36.861375,10.14482,36.928389,10.273994,17.082
36.732475,10.255947,34.372536,8.83696,329.493
34.427947,10.071432,34.920653,8.130735,213.875
36.863495,10.138041,33.879778,10.095705,350.433
34.374877,8.833309,36.826775,10.207766,330.806
36.656056,10.734629,36.830841,10.211606,56.646
37.27667,9.865935,34.349623,10.552098,393.632
36.505444,10.506144,36.807046,10.182903,50.594
36.806642,10.18226,36.87639,10.107445,13.916
36.840601,10.134548,36.801905,10.592408,49.74
36.876203,10.101769,36.85062,10.197095,12.162
36.406542,10.701456,33.88052,10.103954,310.279
36.788781,10.172095,36.841643,10.130428,9.601
36.354081,9.179494,36.76011,10.220998,116.461
34.435092,10.081266,36.648964,10.741773,297.606
36.82529,10.15976,36.815109,10.229553,8.002
36.83001,10.21473,36.846404,10.085526,15.535
35.927636,10.578081,36.829941,10.160263,121.638
36.508758,10.51293,36.863,10.225387,52.395
36.848692,10.139435,36.886929,10.186524,8.322
35.679488,9.105886,36.925352,10.275088,189.314
36.847172,10.085771,35.932001,10.571862,117.753
36.667209,9.091169,36.806397,10.18154,113.497
36.831877,10.208284,36.848324,10.085645,13.373
36.871779,10.190271,34.376985,8.832344,352.448
36.359127,9.183727,36.812275,10.181177,115.471
37.276749,9.865139,36.823324,10.169891,68.8
36.732599,10.740892,34.926289,8.127734,334.707
36.873159,10.101496,36.84751,10.091609,3.866
33.120146,9.054849,36.893636,10.187998,470.423
36.816062,10.224997,36.838247,10.095135,14.603
35.506288,11.043924,36.80868,10.177588,191.41
36.802133,10.17594,33.882125,10.100772,374.551
36.40432,10.703464,36.797255,10.588122,53.741
34.377024,8.835393,33.316399,9.880808,176.299
36.843116,10.135117,36.882935,10.155853,5.915
36.507555,10.503443,34.735977,10.762365,210.882
34.347556,10.554546,36.796983,10.204856,317.398
35.670218,9.102748,35.281534,10.948993,199.711
36.406237,10.708818,36.836581,10.22975,71.825
36.801216,10.172428,36.868295,10.220344,11.061
36.559832,10.676888,36.889991,10.1839,67.689
36.807339,10.179262,32.935359,10.45285,472.849
36.660748,9.089718,36.507378,10.504828,134.809
35.927632,10.572871,36.821101,10.15595,121.451
36.472731,8.785148,34.378377,8.828518,267.791
36.865688,10.221283,36.807859,10.182405,8.927
34.366535,8.830917,36.790327,10.178894,357.81
36.886444,10.151144,36.662525,9.088184,107.746
34.741059,10.755194,35.928134,10.577872,161.094
36.841585,10.13125,36.876488,10.336357,22.47
36.64697,10.734521,33.121705,9.050163,479.999
36.867281,10.221902,36.893113,10.189669,5.81
36.798833,10.205883,36.860673,10.145759,11.441
36.664158,9.087684,36.871713,10.224133,110.474
36.36015,9.182508,36.80082,10.174603,118.242
36.867009,10.222175,33.320801,9.882913,457.719
36.800722,10.207886,36.812906,10.23106,3.378
33.880857,10.09951,36.665504,9.090819,378.135
36.851374,10.191706,36.929904,10.276229,14.658
36.821414,10.165155,33.883996,10.098593,367.612
36.400738,10.703279,36.816297,10.229358,78.936
36.845293,10.08741,36.873052,10.334848,26.012
36.884991,10.154964,36.803179,10.177164,11.578
32.934216,10.451884,36.789931,10.17741,493.685
36.805747,10.179812,34.924425,8.127884,310.275
36.848349,10.192466,34.347135,10.554968,305.823
35.504302,11.043519,34.926744,8.12357,314.539
36.807064,10.178727,34.92068,8.125046,326.929
34.925122,8.128378,35.504234,11.048259,305.903
36.471517,8.787102,36.560191,10.675759,180.127
36.659447,10.741462,36.869109,10.225701,62.287
36.729458,10.250016,36.403853,10.695711,60.13
35.926213,10.574252,36.80518,10.204533,113.636
36.799841,10.590173,36.850714,10.197598,39.917
36.874988,10.339578,36.845954,10.084285,24.902
36.860886,10.13426,36.803887,10.199143,11.219
35.676047,9.108508,35.283149,10.951328,205.927
36.796071,10.593288,36.806173,10.177609,43.76
36.802153,10.169311,35.281748,10.947507,190.472
36.82251,10.216071,35.928751,10.574833,120.821
34.347101,10.550918,36.72531,10.738064,278.334
33.313947,9.876182,36.759944,10.221978,435.804
36.820156,10.170264,35.670886,10.900259,159.758
37.272416,9.865875,36.884683,10.193189,59.469
36.471334,8.780284,35.928612,10.576002,197.121
33.320124,9.881648,35.675401,10.898552,319.224
36.870564,10.191695,32.930252,10.451081,504.136
36.360539,9.183888,36.761038,10.225507,118.682
36.648657,10.735867,35.676469,10.897699,122.255
36.834784,10.227031,34.374882,8.827243,327.155
36.922674,10.268709,36.756534,10.226246,22.922
36.80416,10.174037,35.676485,10.90173,154.708
35.671903,10.896468,37.273875,9.866063,232.496
36.871918,10.197114,36.804937,10.171267,10.426
36.564467,10.67302,36.185604,9.554477,115.984
35.677812,9.107845,36.856116,10.139588,184.894
36.88003,10.112656,37.279371,9.864051,55.221
36.82366,10.161326,36.360414,9.186232,111.919
36.880697,10.156952,36.87289,10.196141,4.744
36.825539,10.207263,34.349299,10.55311,312.927
36.816972,10.223824,35.932158,10.570429,118.397
36.808946,10.178515,36.799431,10.59169,44.37
35.66911,9.110754,36.849652,10.193112,178.972
34.370205,8.835538,36.804343,10.186853,348.765
36.726456,10.742704,36.844397,10.087391,72.789
36.867804,10.196376,36.873118,10.339902,16.531
36.833785,10.225932,36.509234,10.503049,53.313
35.930822,10.580431,36.806815,10.182484,106.401
34.373904,8.83373,36.857059,10.140673,355.191
36.402747,10.70223,34.376299,8.830164,313.436
35.674635,10.894859,36.868943,10.220164,172.263
36.925287,10.271392,36.727632,10.741057,52.97
36.848596,10.135369,36.819555,10.152749,4.239
33.885212,10.097115,36.857412,10.141343,356.64
36.660529,9.08198,33.879887,10.098839,363.773
34.370528,8.827714,36.04957,10.506369,262.591
36.835505,10.157216,33.317467,9.875854,417.887
36.880385,10.101801,36.407312,10.698156,90.687
36.88419,10.181405,36.806315,10.184619,10.761
36.861108,10.137483,35.926958,10.570552,125.43
36.795209,10.171734,33.122308,9.044833,441.168
36.843704,10.095445,36.868155,10.218099,14.876
36.870957,10.197909,36.726145,10.742948,57.941
34.742009,10.757278,36.665652,9.084044,299.204
36.879308,10.341099,36.506957,10.505423,52.916
36.872722,10.340103,32.933763,10.449163,484.215
36.837777,10.13533,36.875889,10.197814,8.281
36.878497,10.109449,36.836916,10.135333,6.333
36.827611,10.163437,36.357382,9.183557,108.819
36.819159,10.162112,33.319271,9.882031,439.361
33.121034,9.052138,33.879461,10.097041,146.827
34.739439,10.755998,36.659709,9.092345,304.998
36.798001,10.587199,33.123573,9.046971,447.148
36.8436,10.086016,36.929397,10.277503,22.728
36.834558,10.154846,35.673219,10.895477,157.627
36.835929,10.229163,36.831634,10.211605,2.392
36.82513,10.156183,36.836929,10.161155,2.066
36.177851,9.555697,36.814927,10.234148,104.629
36.845953,10.127967,35.672068,10.898399,158.6
36.930454,10.273904,36.834477,10.210077,17.034
36.801772,10.17305,36.793202,10.588646,40.676
36.730507,10.737821,36.661659,9.087306,153.7
34.740828,10.757537,34.372904,8.829663,202.474
36.842388,10.087861,36.806892,10.167402,10.304
34.374243,8.83377,32.933323,10.450439,246.253
36.183368,9.554811,36.81525,10.183573,108.143
36.818922,10.227177,36.179076,9.554648,106.965
34.352014,10.547305,36.8056,10.175238,305.683
36.18424,9.556666,37.27216,9.869308,143.553
35.920398,10.57171,36.888684,10.187612,127.88
36.814805,10.227072,36.35545,9.186715,118.982
36.054057,10.506448,34.351219,10.556863,224.72
36.880776,10.155117,36.876947,10.10482,5.641
35.676861,9.108545,36.404845,10.70143,181.371
36.797203,10.587853,36.864737,10.222004,35.856
34.426907,10.069205,34.343957,10.55033,52.197
36.835005,10.224765,36.728444,10.733963,56.132
37.277601,9.867529,36.79081,10.174039,73.701
36.049001,10.506013,36.562786,10.671891,73.263
36.181947,9.55798,36.820257,10.233036,102.382
36.873351,10.342296,36.864069,10.141224,21.028
37.269918,9.858704,36.665338,9.08964,104.348
36.354446,9.183383,35.283648,10.949109,226.784
36.840911,10.092641,36.818631,10.226612,15.998
36.830033,10.213022,36.87462,10.10709,14.179
34.433718,10.071647,36.832086,10.206848,295.347
36.050419,10.507015,36.832986,10.154544,105.878
36.861854,10.139708,36.807881,10.178873,9.46
36.043776,10.501434,36.472886,8.779647,188.822
36.357328,9.182903,36.821732,10.169337,111.499
36.757314,10.224458,34.744861,10.761997,247.1
33.123829,9.053625,37.273604,9.859011,537.614
36.407149,10.696752,36.508961,10.51031,24.802
36.822975,10.155787,33.31892,9.87998,463.882
37.277979,9.862527,36.724982,10.733973,111.494
36.844441,10.134443,36.892002,10.194081,9.088
36.507725,10.508213,36.786515,10.173449,50.37
32.930564,10.449316,36.664506,9.089178,469.768
34.346326,10.557028,36.79989,10.171638,314.575
36.737237,10.254478,36.556784,10.675876,46.67
36.926603,10.277471,36.801988,10.176916,20.035
36.880454,10.105247,36.805873,10.182177,14.328
36.852213,10.192065,36.822421,10.15459,5.961
36.807773,10.178885,36.561062,10.67092,58.629
36.868728,10.337363,33.322723,9.888517,430.825
36.880519,10.150464,36.930084,10.272635,14.904
36.830682,10.205727,36.872621,10.218162,5.884
32.931854,10.451524,36.851051,10.190313,482.868
35.670773,10.898737,36.181495,9.556226,152.242
36.808291,10.176589,36.885997,10.187612,10.833
36.816584,10.226527,34.744372,10.762641,258.966
36.797345,10.172603,36.808456,10.183758,2.4
36.832137,10.164981,36.804885,10.203699,6.269
36.82017,10.164627,36.053778,10.506015,99.974
36.875226,10.19878,33.880688,10.095954,397.183
36.800675,10.208803,36.757974,10.22748,6.739
36.842288,10.223023,36.872322,10.105913,13.408
36.81547,10.225574,36.875236,10.339373,15.736
34.350124,10.550459,36.879045,10.156267,310.447
35.930686,10.56792,34.374272,8.833268,273.188
36.811528,10.182792,36.356847,9.180567,113.957
36.840565,10.135118,33.880243,10.097017,364.665
36.64948,10.744235,36.877053,10.338549,48.673
36.801981,10.179056,35.28219,10.950798,202.686
36.649034,10.736599,36.469066,8.787953,201.607
36.842693,10.089991,36.662713,9.08733,101.718
34.349818,10.555112,36.820222,10.156625,328.18
36.798199,10.197946,36.872916,10.221276,10.522
36.726226,10.73484,36.850766,10.191127,63.756
36.8479,10.198182,36.806407,10.179244,6.619
36.652011,10.741878,35.925106,10.57827,95.272
34.921216,8.125713,36.730336,10.73544,346.564
36.507984,10.5068,36.841574,10.089778,57.751
34.432802,10.069971,36.857691,10.141373,290.191
36.470355,8.781661,36.9261,10.276191,152.895
36.837706,10.089499,36.835092,10.160443,8.759
35.678195,9.106179,34.434498,10.070653,194.566
36.925343,10.272898,37.271903,9.865243,60.065
35.283828,10.954007,36.841561,10.139795,205.241
35.282374,10.952937,36.884566,10.156272,223.113
36.180522,9.554846,36.802309,10.202647,105.186
36.87967,10.107433,36.791049,10.171843,14.042
36.819151,10.157308,36.815277,10.176715,2.624
36.471062,8.786716,36.841725,10.129928,141.032
36.84184,10.090312,35.675549,10.894104,171.746
36.874656,10.332878,36.817675,10.165093,18.024
36.828803,10.210772,33.315441,9.883783,425.618
35.920906,10.568989,34.371381,8.832216,263.071
36.730785,10.251748,34.376929,8.830716,333.468
36.845589,10.091475,36.802513,10.164833,9.885
32.927563,10.448007,36.052821,10.505957,400.85
36.801866,10.203559,36.475955,8.784832,135.75
34.921254,8.123611,35.673033,9.10307,145.873
36.832133,10.159753,36.795009,10.584485,42.254
34.428833,10.073784,36.510394,10.506711,246.185
36.763217,10.225896,36.872184,10.196399,16.348
36.869185,10.220545,36.858786,10.145513,9.284
35.501451,11.040777,36.731548,10.736323,150.354
36.81825,10.2301,36.05511,10.503233,106.043
35.925319,10.567671,35.669257,10.894012,51.074
36.659132,9.087974,36.82347,10.156255,103.448
36.726374,10.732868,36.819613,10.157464,62.462
35.673297,10.898944,36.405979,10.699255,91.805
33.319769,9.885841,33.121036,9.054531,92.422
36.868212,10.222223,36.875791,10.340155,14.677
33.119274,9.048509,36.8056,10.208547,457.617
36.651669,10.735641,36.847438,10.199878,64.932
35.505088,11.046653,36.794986,10.588789,167.397
36.556292,10.674508,36.354999,9.182953,151.087
36.785404,10.173702,36.834486,10.210238,7.912
34.374248,8.829526,34.347808,10.554369,184.249
36.731223,10.254438,36.798039,10.586141,35.24
35.932528,10.574407,36.845881,10.085592,128.097
34.928618,8.132019,36.879204,10.342384,315.862
36.831446,10.158446,36.557727,10.674192,65.921
36.817083,10.230788,36.829845,10.215731,2.712
35.671552,10.898947,34.374015,8.828438,259.638
36.823239,10.159729,34.4299,10.072503,303.899
36.817115,10.156385,36.51226,10.504122,52.931
36.794626,10.199674,36.754358,10.227948,6.741
36.872556,10.196165,36.755297,10.222127,17.384
37.275855,9.862836,36.835347,10.130956,62.082
36.805885,10.177124,36.848337,10.088297,10.973
36.819132,10.227686,36.887859,10.156709,13.32
36.815072,10.228149,35.676711,10.894757,153.313
37.276572,9.867618,36.834384,10.159705,65.713
36.477696,8.783414,36.662543,9.090222,43.164
36.730535,10.250562,35.279459,10.947087,195.141
33.878861,10.098248,33.121177,9.051373,138.916
36.821325,10.160462,36.558122,10.676806,61.6
36.874432,10.109866,36.475201,8.780138,146.493
36.878374,10.33583,36.182003,9.560753,120.122
36.731694,10.740007,35.668647,10.895439,136.03
35.500798,11.039031,34.739772,10.761923,91.458
36.784835,10.174912,36.832931,10.155676,6.951
36.650546,10.739282,36.805928,10.18622,62.137
36.796258,10.205111,36.816971,10.17078,5.345
36.854378,10.196415,32.932435,10.452876,482.088
36.735805,10.251613,36.875648,10.338324,21.914
34.926233,8.125646,36.843998,10.134931,312.614
36.796528,10.172771,36.926992,10.277451,20.024
36.052474,10.507386,36.559144,10.676704,65.283
36.786217,10.17203,36.407197,10.704094,72.222
36.814987,10.163559,36.849343,10.192388,6.138
36.796932,10.586491,36.878973,10.19304,39.78
36.797607,10.204676,36.827389,10.2102,4.429
33.118934,9.04938,37.270536,9.868346,492.222
36.856502,10.13864,37.270128,9.865241,60.788
36.665731,9.084004,35.504135,11.040637,243.391
35.673924,10.896084,36.648105,10.735767,113.986
34.371079,8.829192,36.849229,10.138039,340.348
36.822171,10.154273,36.797363,10.592014,43.775
36.807805,10.17392,36.883328,10.155681,10.254
36.848128,10.191686,35.923813,10.575266,118.793
36.727902,10.737523,34.434853,10.071914,312.811
36.666558,9.088427,36.83688,10.157823,107.991
34.343197,10.551114,35.503612,11.040958,147.373
36.816352,10.231939,36.891535,10.194111,12.16
36.04536,10.503225,36.868402,10.216088,109.454
36.358945,9.18464,36.813782,10.230579,117.096
37.277102,9.86282,33.12479,9.049885,520.149
36.887001,10.187569,33.320148,9.88698,458.435
37.274797,9.865001,35.673883,9.107531,208.09
36.821076,10.165596,33.878956,10.102732,391.105
36.04358,10.502628,36.510469,10.506687,58.579
34.373002,8.833308,35.280788,10.953707,241.181
36.881443,10.158071,36.883593,10.190473,3.951
36.815481,10.228355,34.432054,10.071254,313.327
32.933332,10.448805,33.120377,9.049355,154.209
34.428172,10.070837,36.822448,10.16702,291.882
33.318442,9.880362,36.505227,10.496828,428.414
35.930693,10.576711,36.510385,10.504346,74.422
36.865765,10.219302,36.830926,10.228907,5.398
36.474964,8.786851,36.04653,10.503332,190.316
36.405676,10.705165,36.881433,10.151396,80.426
34.374007,8.833567,33.116121,9.045741,150.044
37.274553,9.865721,34.348832,10.550179,369.398
36.873854,10.191766,36.786771,10.172831,13.26
32.931856,10.448588,36.82735,10.210485,488.517
36.650008,10.734215,36.553301,10.667464,16.628
34.927049,8.123957,35.281964,10.951056,283.278
35.495945,11.043579,36.837528,10.228792,193.444
34.378987,8.831721,36.814715,10.227245,337.899
36.811974,10.229389,33.3207,9.883049,459.582
36.866571,10.141676,36.805322,10.184776,10.239
36.820435,10.158008,33.127315,9.049791,447.121
35.678254,10.892499,34.927752,8.126703,281.339
35.677158,9.110686,36.796522,10.171414,184.304
36.179163,9.554601,36.404437,10.705781,115.079
36.808024,10.17778,36.844483,10.091563,11.888
36.85218,10.089778,36.36227,9.188516,112.353
36.051428,10.504522,36.647456,10.743625,85.551
36.175453,9.55845,33.886492,10.093692,286.035
36.818028,10.233665,36.842198,10.088471,17.056
36.729205,10.738199,36.8223,10.154418,64.923
36.813197,10.182718,34.37123,8.831294,319.637
36.821025,10.165145,35.502042,11.040222,175.649
37.271346,9.865168,34.345821,10.552595,355.103
36.867441,10.217049,34.927626,8.124542,323.435
36.856739,10.139575,36.850411,10.193218,6.758
35.67688,9.107725,36.868731,10.212344,177.144
33.882564,10.095052,36.838347,10.136936,347.809
36.800583,10.202117,36.662749,9.085551,118.948
36.832045,10.212329,36.648205,10.738572,61.574
36.87824,10.339425,36.660186,9.083198,124.374
36.872845,10.189906,36.792043,10.176402,12.543
34.345876,10.554028,36.758758,10.219425,306.254
36.800279,10.203618,36.757261,10.222959,6.519
37.272949,9.863929,34.741368,10.761486,326.28
36.66531,9.084037,36.804207,10.589224,146.721
36.472969,8.784653,36.661182,9.085678,40.563
36.05162,10.505514,36.927531,10.274326,116.754
34.430373,10.075122,33.888405,10.104039,66.938
36.799788,10.168283,36.822777,10.207025,5.746
36.850307,10.191369,36.878445,10.190664,4.317
36.881495,10.155279,34.741701,10.757928,264.7
36.931647,10.276396,34.35165,10.551524,309.746
34.430048,10.077999,36.858514,10.143348,315.747
36.840645,10.088607,34.345638,10.549425,303.108
36.860167,10.139978,34.744157,10.760631,263.035
34.345681,10.55339,36.17803,9.554416,230.294
34.740643,10.757508,35.671348,10.895888,110.768
32.930335,10.446903,35.675833,9.107339,356.239
36.826633,10.153306,36.471904,8.781275,148.937
36.644648,10.739286,32.931916,10.450554,464.185
36.821451,10.155802,33.316619,9.880741,464.664
36.882856,10.155741,36.803188,10.204567,13.56
34.919042,8.122622,36.734045,10.248311,295.058
36.17979,9.556041,36.866972,10.196191,101.684
36.789133,10.168922,34.37578,8.829317,309.773
36.512496,10.51233,36.798598,10.201369,50.24
36.815289,10.227566,36.559471,10.670715,58.848
36.823166,10.163914,33.879938,10.097285,353.661
36.558595,10.671816,36.839707,10.133785,69.881
36.875562,10.340594,34.738601,10.760543,253.824
36.817702,10.16529,34.344347,10.551,308.859
34.740037,10.761153,35.925934,10.573218,144.011
36.476804,8.78492,36.824565,10.157541,150.037
36.832701,10.155056,36.827885,10.215112,7.286
36.654968,10.737171,36.872442,10.194341,67.726
36.65862,9.088255,36.815169,10.225747,109.245
34.350556,10.550442,35.672618,10.891783,177.151
36.666346,9.087644,36.796014,10.591681,146.865
34.431974,10.075004,35.930205,10.57012,190.194
33.877111,10.098973,36.650161,10.740236,335.616
36.884198,10.159459,32.923372,10.454523,491.148
36.832075,10.213953,36.405684,10.697278,76.735
34.43038,10.07521,36.660577,9.087869,292.377
36.822391,10.153098,34.426595,10.074158,288.34
35.281962,10.949957,36.877031,10.106359,214.425
35.929519,10.579276,37.272416,9.868563,187.39
36.36074,9.182699,36.860324,10.140204,119.408
36.849963,10.092466,34.740121,10.759975,279.757
36.78946,10.172358,34.739112,10.75713,253.595
34.919755,8.124763,36.356087,9.183305,209.998
36.180542,9.561914,36.799323,10.205325,99.55
36.789585,10.592533,36.804707,10.174182,43.229
36.833796,10.208223,34.427977,10.074891,307.581
36.727674,10.738167,36.729139,10.253056,51.453
36.644434,10.744158,35.923736,10.573054,86.776
36.833051,10.213788,36.88256,10.193114,7.853
36.874994,10.193177,36.555138,10.67485,67.603
36.834773,10.156521,36.652603,10.738896,67.654
36.507593,10.504793,36.469013,8.790606,163.512
36.829983,10.205166,34.430016,10.073584,291.021
36.838948,10.22667,36.799248,10.170263,8.136
35.504639,11.043803,35.674318,10.895605,25.339
35.283899,10.952654,36.86883,10.217818,214.563
36.559306,10.675051,36.854284,10.199528,60.183
36.178725,9.558955,36.841727,10.133205,103.138
36.832999,10.232529,36.81517,10.181086,6.454
36.876466,10.109527,36.648195,10.739492,72.366
34.738073,10.761765,37.26664,9.863584,311.451
33.11565,9.047211,36.357663,9.185358,410.263
35.277634,10.951089,35.674231,9.111473,198.431
36.824599,10.155889,36.830391,10.210026,5.868
36.558899,10.671434,36.815646,10.226742,54.383
36.830344,10.222254,34.435072,10.072691,297.623
34.427374,10.077582,36.840763,10.085666,281.492
36.732781,10.257238,35.676931,10.89751,156.643
36.83033,10.207369,36.801618,10.173001,5.951
32.930716,10.456484,36.833998,10.228023,502.389
35.673123,9.105862,36.730916,10.252195,172.361
37.273955,9.865798,36.864372,10.142071,61.106
36.797928,10.588898,36.801901,10.205703,37.918
35.678703,9.107109,35.92845,10.571608,150.826
36.883447,10.157921,36.648056,10.733156,64.474
33.117739,9.047239,32.925892,10.445403,140.54
32.933749,10.446738,36.873498,10.195958,506.038
36.800098,10.174844,36.879591,10.34085,20.66
37.2743,9.865751,36.877932,10.221596,61.163
36.648685,10.741466,36.813655,10.177172,65.021
36.833709,10.226137,32.93501,10.45468,492.136
36.824342,10.159179,36.650732,10.737626,62.284
36.478472,8.785324,34.349258,10.553349,298.521
36.811637,10.225334,36.668092,9.089164,109.758
34.349862,10.55278,36.725025,10.742866,301.505
36.786552,10.173251,36.824752,10.151441,6.354
32.932201,10.452139,36.879011,10.157354,491.488
35.285551,10.953946,36.848035,10.191848,204.475
36.880841,10.194311,36.817919,10.161921,9.62
36.841278,10.133094,36.47167,8.78119,144.295
34.349837,10.552443,36.822649,10.210005,318.406
33.121198,9.050063,36.184727,9.558482,362.247
36.872652,10.104841,36.648564,10.736538,66.603
36.802671,10.199508,36.82023,10.156028,5.842
34.373573,8.83321,34.735319,10.755777,195.515
36.835864,10.231703,36.648516,10.73814,62.16
35.277655,10.952422,33.320742,9.880707,250.037
36.404291,10.703046,36.86891,10.21926,77.826
36.358868,9.187021,36.800267,10.20761,112.734
33.119463,9.051495,35.502626,11.041016,350.926
36.664308,9.089422,36.185085,9.553328,82.98
34.344644,10.550206,36.758393,10.229065,308.332
36.924702,10.275554,35.285158,10.950289,220.139
36.359186,9.189769,35.288266,10.947799,230.165
36.849632,10.190465,36.471317,8.785352,154.533
36.814751,10.229037,37.274089,9.860389,69.231
33.119763,9.061086,34.744439,10.760446,255.555
35.920896,10.570879,36.866403,10.22037,122.864
34.368856,8.831945,36.834734,10.158117,345.474
36.847874,10.195068,34.743538,10.758754,280.919
36.877586,10.190669,34.354808,10.554442,328.814
36.785232,10.177117,34.922763,8.127393,303.439
36.862375,10.14812,36.842105,10.136469,3.299
35.28324,10.954802,36.83043,10.212765,202.32
35.505545,11.04307,36.829844,10.227317,177.509
36.824655,10.154057,36.646966,10.741307,69.278
36.885583,10.152915,36.881613,10.341094,19.665
36.815248,10.233575,36.751884,10.226141,9.3
34.743678,10.759288,36.183869,9.558042,216.309
34.745611,10.762343,36.876807,10.345237,270.608
32.92938,10.448882,36.80814,10.177434,499.246
33.884577,10.101904,35.929099,10.577052,264.847
36.843463,10.13697,36.837509,10.225868,9.802
36.732438,10.248838,36.86126,10.141817,18.822
36.843875,10.091912,37.273263,9.864695,58.918
34.371269,8.830557,37.271851,9.871399,370.346
36.800571,10.204234,36.666705,9.086297,113.404
34.746296,10.755178,36.474251,8.774397,303.897
36.889226,10.191243,37.273149,9.865113,60.547
36.804935,10.180075,35.672334,9.109082,175.556
36.561,10.668977,36.728419,10.739181,24.365
36.871255,10.196145,36.507137,10.503832,54.752
35.673327,9.103903,36.798645,10.205308,172.529
37.278125,9.867531,36.041174,10.508226,169.77
36.889584,10.186925,36.360073,9.179521,113.489
36.566967,10.677073,32.93105,10.44971,457.724
36.177565,9.554378,36.734054,10.251373,93.68
36.055416,10.506472,36.799294,10.586799,93.011
36.807938,10.183588,36.816291,10.162502,2.591
34.742806,10.765902,36.181558,9.555431,222.82
36.88289,10.151044,34.425464,10.071581,308.886
36.826592,10.213486,36.790312,10.174256,6.875
36.664181,9.088348,36.829556,10.213097,118.033
34.739229,10.759081,36.561459,10.677959,234.43
36.756848,10.228348,36.653025,10.733549,53.666
34.370272,8.830401,36.817008,10.230278,331.492
36.183573,9.555147,32.931712,10.454477,437.081
36.047259,10.49812,34.350689,10.5481,219.277
36.183291,9.555248,36.663381,9.087412,79.061
36.847115,10.087414,37.274234,9.862265,60.406
36.791189,10.177341,36.727024,10.735621,58.49
36.358119,9.181545,36.833428,10.210407,115.074
36.848955,10.193911,36.802681,10.173557,6.685
36.877362,10.098395,36.817785,10.235203,16.991
36.878054,10.188104,36.801632,10.204123,10.617
36.8902,10.193894,34.351202,10.554299,293.847
36.878371,10.34243,34.744821,10.760131,288.174
36.857325,10.142978,36.466989,8.786793,136.763
34.92448,8.128102,36.364579,9.188644,194.292
36.844361,10.085328,36.797191,10.588697,50.648
34.737905,10.75847,36.666214,9.086515,290.522
36.361958,9.178014,36.878296,10.331285,125.594
36.820583,10.15334,36.793538,10.58836,43.151
36.834885,10.209307,35.283423,10.948859,199.201
36.877701,10.335464,34.431339,10.077136,309.225
36.837807,10.132202,35.284263,10.94318,207.605
35.67231,9.106879,36.79653,10.589431,199.952
36.844801,10.090579,36.810608,10.183378,12.59
36.824401,10.159427,33.319984,9.882681,455.359
36.662048,9.09039,36.87225,10.337887,131.498
36.80962,10.182128,36.87854,10.103497,13.008
36.666745,9.087784,36.851629,10.192039,114.687
36.843259,10.086612,33.884477,10.100854,377.842
35.922179,10.575888,36.471013,8.783874,197.066
34.343019,10.558611,36.821693,10.156648,299.467
33.114587,9.047429,36.865926,10.217922,490.071
36.184105,9.55678,33.11925,9.052583,369.009
33.880687,10.09851,36.786465,10.176961,377.153
36.185351,9.556432,35.505592,11.042364,171.038
36.819638,10.231645,36.796176,10.592041,38.727
34.345902,10.55443,33.875185,10.098111,83.421
36.649782,10.738911,36.931041,10.274928,59.613
36.874747,10.192889,36.859419,10.140957,6.688
36.929232,10.270822,33.117266,9.055132,485.795
36.872566,10.34042,36.177124,9.557476,108.708
36.862559,10.137012,36.561771,10.681469,71.257
36.836125,10.153526,36.655841,10.734129,65.304
36.873837,10.338519,34.372886,8.825892,357.434
36.88389,10.157963,36.835932,10.155132,6.721
35.675481,9.108282,36.406156,10.70762,184.044
36.359671,9.181874,36.811896,10.180722,116.437
36.049457,10.504306,36.733099,10.24784,90.102
33.318677,9.883038,34.43714,10.07222,146.139
35.675212,9.105162,36.886812,10.188476,178.721
35.284077,10.949047,36.843655,10.133532,204.37
32.930565,10.445586,35.281733,10.942981,279.458
36.925866,10.275853,35.500053,11.040143,194.894
33.314966,9.884095,36.656008,10.73659,441.083
36.860268,10.139442,34.377005,8.830152,351.683
36.837388,10.224781,36.829945,10.212956,2.002
36.81985,10.155521,36.787647,10.174133,5.634
35.678707,10.898997,33.881188,10.100053,254.228
36.83772,10.155484,33.318345,9.882437,464.739
36.797438,10.582168,36.472439,8.786728,187.445
36.757923,10.227109,36.825738,10.212313,9.92
36.830323,10.205716,36.807813,10.18447,4.043
36.874656,10.341692,36.835744,10.160458,20.475
36.814756,10.182938,36.869994,10.108795,11.892
36.84586,10.093567,35.672857,10.898157,156.883
35.67986,9.10488,34.925165,8.133204,143.677
36.840761,10.154519,36.729489,10.742419,60.179
36.357917,9.184293,34.426088,10.079369,247.81
36.360891,9.181411,36.841304,10.133663,112.599
35.502934,11.039057,34.738146,10.760854,97.507
36.890704,10.191756,36.822191,10.155301,11.369
37.270889,9.868328,36.405583,10.702112,128.308
36.828167,10.205626,35.672736,9.102269,171.4
36.836573,10.225579,32.928503,10.454248,503.721
36.860114,10.139711,36.865063,10.219916,10.09
36.845824,10.090482,36.051687,10.508062,104.698
36.87321,10.190904,33.31883,9.884595,466.399
35.500963,11.044444,36.869921,10.218655,201.044
36.558343,10.674707,33.318713,9.878524,432.662
36.801296,10.171053,36.83529,10.160743,4.628
36.850968,10.143812,36.663777,9.086618,107.074
36.792204,10.589255,36.664033,9.085856,146.276
36.733998,10.247421,36.753919,10.224287,3.872
36.8192,10.163917,36.561979,10.672919,61.484
32.929191,10.45927,36.80859,10.183513,493.943
33.322277,9.882601,36.798099,10.20169,432.551
36.80057,10.172789,36.816631,10.163508,3.12
35.928228,10.57592,36.842358,10.087919,113.954
34.432924,10.075265,34.924321,8.13114,199.026
36.925673,10.276962,36.753511,10.220047,21.971
36.358896,9.180575,36.867368,10.218539,125.806
36.503769,10.506407,36.872182,10.338569,51.524
34.374649,8.8349,34.351004,10.553985,187.637
36.81043,10.173249,36.817733,10.155261,2.449
36.87131,10.20221,36.472983,8.781677,144.628
35.921643,10.57289,36.829926,10.226698,116.352
36.891081,10.187404,35.923591,10.572371,120.563
36.664301,9.081376,36.736988,10.253873,118.349
36.890152,10.186723,36.663974,9.084438,120.711
36.935507,10.279018,36.733737,10.25748,25.476
35.678366,9.107366,36.785038,10.174757,179.63
36.88821,10.195195,36.794586,10.585923,45.643
33.881354,10.098355,36.87441,10.194347,400.012
36.925415,10.271507,36.47013,8.785652,160.438
33.877689,10.098775,36.843791,10.135247,357.149
36.801253,10.589403,36.474116,8.786505,189.713
32.93565,10.454499,36.816171,10.167092,484.035
36.890824,10.189995,36.047091,10.507122,115.073
36.797182,10.585414,36.725694,10.73923,17.99
36.185108,9.558808,36.472014,8.7814,87.46
36.886839,10.190619,36.872011,10.337808,18.088
36.853905,10.141224,36.800496,10.169058,8.477
36.809834,10.18261,36.869754,10.219676,9.335
36.87216,10.194199,36.802939,10.174905,11.0
36.798367,10.59281,33.883828,10.097987,358.389
36.735066,10.253217,36.506229,10.507756,37.507
35.675117,10.890984,32.931482,10.447202,366.655
36.507724,10.501891,34.433884,10.072568,264.762
36.788813,10.169966,36.816876,10.22792,7.918
36.7595,10.227374,36.830874,10.1627,13.362
36.799193,10.587738,36.886364,10.194191,39.915
36.182269,9.553765,36.842995,10.132446,97.742
34.373086,8.828164,36.859124,10.138519,343.607
36.72899,10.735064,36.841201,10.091793,73.261
34.368187,8.832816,36.805768,10.177954,311.568
35.674548,9.107917,36.842254,10.1306,184.509
36.838832,10.226328,36.839721,10.153337,8.533
36.833361,10.206577,36.048926,10.507538,108.201
34.346998,10.548896,36.800046,10.208613,319.239
36.833983,10.206606,33.117358,9.051123,451.592
32.930233,10.446136,34.930544,8.132627,326.856
36.044999,10.504325,33.881382,10.098603,282.342
36.404954,10.704966,36.837134,10.134839,84.584
36.513592,10.509539,33.122054,9.04882,436.399
32.934073,10.44253,36.400172,10.699452,437.817
34.429553,10.075983,36.729031,10.733361,302.421
36.56004,10.676674,36.863149,10.217239,59.741
36.860587,10.138907,36.36381,9.185394,112.451
34.369058,8.830344,36.819015,10.155643,322.664
36.355274,9.176238,37.273643,9.861904,127.48
36.790404,10.591067,36.856331,10.139695,49.047
36.852121,10.1972,36.86933,10.219287,3.671
34.372102,8.834537,35.92989,10.576725,254.684
36.809011,10.184619,36.805064,10.206914,2.753
36.871778,10.22005,36.798827,10.589374,39.23
37.274667,9.861659,32.930234,10.446979,558.601
36.659885,9.088014,36.877777,10.103019,109.078
36.182324,9.558992,34.916693,8.124075,226.341
36.815131,10.176492,36.869188,10.191661,8.295
36.786173,10.173285,36.80911,10.17733,3.131
36.869679,10.338967,36.881122,10.109827,22.35
36.930752,10.269971,36.404893,10.701395,81.71
35.275018,10.950374,36.848986,10.195599,198.008
34.931046,8.130536,35.671625,10.895362,288.099
36.803318,10.203662,33.888128,10.100766,352.608
33.882353,10.098967,34.925813,8.124557,258.237
36.833764,10.231036,36.876303,10.341563,14.579
35.501415,11.045462,36.834166,10.22729,191.935
36.802743,10.180172,35.50709,11.045031,181.534
35.922525,10.576933,36.176757,9.555986,102.868
36.754937,10.225264,36.408793,10.700264,62.876
34.346961,10.550511,34.746295,10.7625,54.47
36.827767,10.155973,34.925333,8.131593,297.314
36.651177,10.738553,35.9262,10.569642,96.665
36.352206,9.178179,36.92611,10.27913,126.377
36.873845,10.10566,36.862727,10.139708,4.252
36.811025,10.18655,36.829785,10.209825,3.464
36.048529,10.500131,36.824872,10.208747,99.7
36.805051,10.18202,36.803871,10.17149,1.382
36.843541,10.134843,36.828651,10.211428,8.553
36.874007,10.100727,35.504984,11.047154,200.85
36.728804,10.737832,36.793323,10.589211,17.403
36.835854,10.160552,35.672166,9.106996,174.724
36.820988,10.155561,34.431762,10.074794,289.237
36.727682,10.735619,36.560374,10.67347,24.436
34.345378,10.546365,35.677166,10.896039,173.852
33.320713,9.879457,36.360616,9.185511,383.648
36.850386,10.19639,36.88713,10.191576,4.844
36.877237,10.185462,35.9287,10.579535,133.888
36.875484,10.33895,36.757497,10.225495,18.734
36.835217,10.157095,32.923527,10.452252,514.487
36.564865,10.672198,36.402274,10.69852,21.868
36.87653,10.192541,36.837056,10.224062,6.88
37.272663,9.86899,36.837634,10.228813,67.775
34.928129,8.128837,35.67443,9.111036,134.255
34.925729,8.12007,36.660999,9.085139,252.269
36.662075,9.08873,36.563223,10.676426,153.101
36.878514,10.340545,35.925886,10.577711,119.852
36.846408,10.090962,36.843005,10.196983,12.61
36.65206,10.740677,36.840018,10.133496,72.314
36.802358,10.173742,36.823618,10.152516,3.63
36.880416,10.335139,36.831577,10.162737,20.161
34.429076,10.077441,36.83404,10.209045,289.648
36.65626,9.087172,36.847033,10.190469,109.763
36.474634,8.778528,36.869026,10.217273,152.362
36.821818,10.165975,34.371434,8.83044,332.584
36.876709,10.105201,34.373598,8.832757,355.476
32.93105,10.452981,36.051047,10.50709,376.211
36.840489,10.084842,34.922913,8.127751,304.509
34.374741,8.834232,36.802271,10.168006,331.229
36.789176,10.172933,36.80037,10.208437,4.499
36.358032,9.183922,36.832551,10.157706,115.835
33.324049,9.883756,36.410087,10.697801,422.403
36.930951,10.276656,36.889432,10.18906,11.963
36.808481,10.179797,36.873422,10.105589,12.62
36.856096,10.14065,36.79457,10.584953,47.214
36.877966,10.335718,37.271833,9.870901,73.189
34.371469,8.830497,35.67681,10.897639,261.743
36.660711,9.08482,36.506987,10.506623,146.272
34.924938,8.127978,36.804771,10.17926,302.043
36.506737,10.501866,36.651223,10.737392,28.581
36.876882,10.340532,32.929206,10.456216,493.293
36.870767,10.139864,34.431074,10.069078,307.759
33.883302,10.093287,34.737481,10.761739,128.462
36.468939,8.783597,36.813786,10.182435,143.049
36.468758,8.783477,36.72823,10.733202,199.259
33.312547,9.885097,36.873198,10.339594,449.093
36.845797,10.088174,35.92773,10.571479,124.815
36.723522,10.740256,36.18237,9.55142,133.735
35.92953,10.574186,36.852568,10.193212,123.173
34.436632,10.067767,35.928847,10.577863,189.258
36.813021,10.227609,32.932047,10.450185,460.94
36.849443,10.193577,36.83208,10.216268,3.505
34.736735,10.759496,36.800697,10.172329,263.645
35.675574,9.106897,36.753689,10.228426,176.417
36.929774,10.273122,36.845835,10.085962,21.543
33.882388,10.102559,35.280053,10.950514,204.122
35.675297,9.103572,34.436215,10.070705,182.285
36.866539,10.226015,36.869517,10.195263,3.654
34.346375,10.55296,36.731643,10.250849,296.099
36.833834,10.212625,35.934013,10.576692,115.237
36.649442,10.737034,34.73905,10.753601,246.828
36.878082,10.106986,36.050121,10.501447,112.9
36.75824,10.226874,35.678222,10.896715,152.446
32.929409,10.452166,36.870215,10.220536,490.153
36.797747,10.172743,36.871812,10.222176,12.49
36.474998,8.782461,35.504372,11.042156,250.999
35.678502,9.109387,36.757237,10.224445,168.352
36.846826,10.193347,36.826068,10.157259,5.21
36.799009,10.173634,36.816275,10.229094,7.291
36.407684,10.700913,34.373711,8.831072,303.001
36.828986,10.158928,36.805681,10.17525,4.013
36.8445,10.193567,36.180143,9.55978,108.046
35.67551,9.108432,36.35685,9.184453,87.292
34.922928,8.126284,36.929728,10.271012,315.586
36.92671,10.278844,36.183382,9.555853,120.902
35.927984,10.576338,36.756092,10.229782,109.663
36.84325,10.136381,36.830337,10.205436,8.896
36.889575,10.155732,32.927595,10.452132,506.117
36.860453,10.144128,36.821055,10.164242,6.476
34.350703,10.553069,36.873503,10.195647,295.57
36.893241,10.189766,34.432156,10.072878,304.008
36.850806,10.191,36.561919,10.669384,61.41
32.931274,10.451962,36.413783,10.697572,452.968
36.730538,10.735388,34.432715,10.077866,277.513
36.874899,10.336761,36.833873,10.228262,14.358
36.924841,10.274853,36.404242,10.702369,77.947
34.429712,10.077715,36.407971,10.701595,263.64
34.370567,8.833352,35.670362,9.10892,158.942
36.474237,8.780841,36.812158,10.184762,142.73
36.051321,10.507621,36.889158,10.192299,109.191
32.930566,10.449068,36.844237,10.089862,514.125
34.370432,8.832756,36.794104,10.592036,340.242
35.281291,10.950458,36.885606,10.153602,212.008
36.358667,9.178038,35.671263,10.899839,194.037
36.831132,10.229079,36.812069,10.183419,6.293
36.864371,10.140784,36.824449,10.159278,6.436
36.402103,10.69991,34.43179,10.075269,243.362
34.921789,8.118196,35.679762,9.110184,140.649
36.356737,9.179698,35.667875,10.894703,196.678
36.876984,10.103944,36.885187,10.187638,10.079
36.925936,10.27654,36.873505,10.21955,9.033
36.82568,10.209317,36.181805,9.554175,102.865
36.879028,10.344649,36.792757,10.59068,26.248
36.737057,10.260996,36.878238,10.102665,25.486
36.835114,10.15961,36.758775,10.226772,12.322
36.798027,10.588586,36.821246,10.163439,46.307
36.851287,10.199156,36.813419,10.23156,7.007
36.798177,10.584918,36.471651,8.787885,177.961
36.404512,10.699481,34.375634,8.831991,300.854
36.658352,9.090297,36.83061,10.209689,108.461
36.831143,10.207361,36.872762,10.102021,13.466
36.883513,10.337346,36.819211,10.165293,18.967
36.867043,10.218032,33.314105,9.882477,452.798
36.478059,8.778907,36.800753,10.16951,135.917
36.561035,10.669349,35.931452,10.575698,80.045
36.051606,10.507839,36.666305,9.089939,153.224
36.875562,10.103653,36.80173,10.17197,14.01
34.923094,8.130695,36.83828,10.128625,320.222
36.649799,10.736709,36.831824,10.15332,70.265
34.429197,10.071705,36.882005,10.150206,302.568
36.050766,10.503008,36.35896,9.183854,132.697
36.879656,10.336606,36.869811,10.221867,13.284
33.879357,10.096956,36.831097,10.229036,384.534
36.841931,10.086564,36.56032,10.674253,74.118
34.736691,10.760003,36.726646,10.736997,256.033
36.827903,10.208499,36.851537,10.193907,4.153
36.475664,8.780913,36.833171,10.156203,150.34
36.864047,10.134285,36.928763,10.279834,20.845
36.79127,10.59444,36.886854,10.185094,47.519
32.927001,10.442786,36.358145,9.180015,440.098
36.828857,10.206396,36.878171,10.339522,18.118
36.832042,10.231124,36.857133,10.13849,11.552
36.929458,10.279103,36.864171,10.224499,10.841
36.802014,10.204029,34.927728,8.120259,306.515
36.736673,10.255428,36.831811,10.229718,13.488
36.408214,10.704048,36.848687,10.197821,76.12
36.846465,10.134752,36.832832,10.211787,9.507
36.833569,10.159155,36.813138,10.181024,4.071
36.720419,10.733397,36.801923,10.182093,55.953
34.928673,8.125999,36.473536,8.785481,201.133
36.64614,10.740611,36.729654,10.256424,53.864
36.884944,10.151812,36.561826,10.670044,69.736
36.802712,10.175677,36.789626,10.177452,2.16
36.844483,10.091712,35.922587,10.572758,120.629
36.507538,10.508844,33.874598,10.101361,306.152
36.558241,10.671261,34.735908,10.757847,233.314
33.117,9.04951,34.435513,10.077236,185.277
33.884928,10.096923,36.928599,10.277765,364.091
36.882908,10.157941,36.052494,10.503274,101.763
36.359259,9.184586,36.828368,10.208272,120.191
36.856008,10.138313,34.371209,8.830871,343.795
36.362027,9.183661,34.925368,8.126724,198.661
36.881187,10.152803,32.929799,10.453074,503.537
36.813339,10.171309,36.814978,10.229976,7.097
36.885386,10.187119,33.883293,10.09957,370.533
35.503764,11.042548,34.428925,10.078559,162.147
36.816122,10.154021,36.64671,10.740308,63.961
36.859087,10.138608,36.796844,10.204025,12.619
34.373778,8.82655,36.857109,10.141631,329.897
36.661301,9.094211,36.505263,10.505384,146.402
36.836899,10.158007,36.873499,10.195204,6.466
36.872877,10.193425,36.756456,10.232736,17.724
36.353147,9.182735,36.81842,10.15646,122.13
36.826559,10.212324,36.792208,10.171362,7.178
36.868178,10.224914,33.124322,9.048303,501.393
34.424943,10.069155,36.847168,10.188483,296.406
36.884919,10.151951,34.376006,8.830075,331.066
36.789951,10.172831,32.926038,10.449755,452.979
34.741129,10.764779,35.672093,10.895119,116.482
36.812369,10.179284,36.505951,10.506957,52.212
34.346672,10.554469,36.669302,9.087204,309.227
36.814739,10.229063,36.356274,9.182844,113.365
36.797811,10.203211,36.839997,10.136546,9.54
35.507375,11.041707,36.814471,10.229612,180.992
36.861886,10.141574,36.878094,10.340335,19.859
36.808206,10.169577,36.8775,10.337838,19.753
36.825483,10.159591,36.860574,10.137023,5.989
34.925106,8.126912,36.845729,10.090231,314.129
36.404805,10.699528,36.838352,10.226276,73.734
36.798155,10.586742,36.876064,10.196937,41.32
35.674092,10.90156,36.831496,10.214453,166.832
36.513935,10.514527,34.344424,10.549692,254.769
36.856889,10.193584,35.499284,11.043855,174.769
36.180524,9.559985,36.560316,10.676697,120.795
36.811205,10.182239,36.832968,10.229738,6.186
36.834449,10.227249,36.733932,10.25093,15.084
36.818907,10.235699,36.356327,9.184932,110.37
36.051741,10.502948,36.841845,10.132163,108.297
34.371792,8.829332,36.401324,10.706173,305.923
36.782338,10.170576,36.848897,10.192392,10.522
36.881137,10.153272,36.644991,10.738819,67.478
36.83988,10.092326,36.879934,10.334811,27.125
33.114479,9.051517,34.373952,8.830403,160.363
36.511197,10.508082,36.80893,10.180997,53.421
36.829824,10.206985,36.873581,10.33244,16.638
36.872106,10.10847,36.508061,10.507393,59.524
36.925974,10.269175,35.282836,10.9468,220.261
33.880319,10.100272,36.729565,10.739454,356.027
36.836261,10.158138,36.803091,10.209523,7.316
36.931233,10.277894,36.644602,10.732054,60.733
36.049464,10.501974,35.671968,10.894287,61.993
33.118703,9.047588,36.72798,10.738532,498.91
36.845895,10.138079,35.278778,10.952951,221.623
36.050864,10.503066,36.927533,10.278933,116.689
36.799553,10.209797,37.269612,9.869753,65.956
36.727489,10.249953,36.877034,10.340212,21.664
35.673113,9.106286,36.824024,10.156984,190.883
36.811236,10.228191,36.891454,10.186188,11.982
36.822396,10.15967,36.87947,10.108798,10.029
34.431109,10.073602,36.819971,10.162177,313.81
36.877248,10.197888,36.880302,10.334549,15.32
36.403721,10.701361,36.832902,10.226832,70.8
36.81835,10.226966,36.512138,10.506016,47.499
33.117446,9.05659,36.810169,10.175812,495.201
36.800136,10.588876,36.76035,10.225341,35.957
34.376238,8.828507,36.875611,10.197319,346.817
36.797384,10.201123,36.799589,10.177958,2.605
34.374761,8.826611,35.674176,10.896091,272.263
36.810724,10.1827,36.798057,10.199821,2.619
35.930346,10.574391,36.366196,9.188234,142.41
33.314905,9.884124,36.793432,10.591743,436.493
36.809188,10.182537,36.402608,10.701158,75.145
36.873197,10.190418,35.282911,10.944598,199.184
34.374693,8.8366,36.816793,10.168387,309.636
33.122502,9.045099,34.374053,8.828725,153.446
36.182523,9.558075,36.405972,10.700502,117.582
36.888952,10.187024,36.807839,10.181973,11.871
34.433809,10.074539,36.759057,10.226572,296.503
36.801039,10.20951,36.875945,10.100354,16.036
32.931906,10.446465,37.2736,9.8667,549.679
36.875557,10.104991,36.736248,10.249069,24.846
35.669284,10.895945,35.926446,10.575808,50.697
36.844989,10.094049,36.868371,10.221875,15.796
36.88045,10.155512,36.826468,10.205626,9.387
36.812489,10.181351,36.361601,9.184916,115.11
34.738935,10.759715,36.753867,10.223111,250.67
36.834077,10.160262,36.849178,10.193612,4.76
36.835648,10.228425,33.32397,9.881389,460.175
33.316825,9.883785,36.879088,10.108268,443.861
36.504818,10.505929,36.821291,10.229793,51.435
36.852405,10.197855,34.743703,10.761998,277.112
36.925093,10.270768,36.826096,10.162549,19.319
36.814483,10.178836,36.560601,10.671337,61.535
36.362002,9.179718,36.848438,10.195332,116.181
36.796555,10.202468,35.928561,10.573433,119.062
36.876161,10.195451,36.79963,10.588283,40.753
36.87622,10.198656,36.882831,10.158393,4.678
36.819444,10.177043,36.841156,10.09021,10.125
34.349976,10.554078,36.82615,10.14988,308.469
36.509507,10.512104,37.272283,9.861193,118.1
36.406164,10.701658,36.8315,10.208017,72.194
36.880449,10.157159,36.730796,10.739862,66.745
36.667176,9.089499,36.821893,10.225637,115.942
32.926867,10.460187,36.878347,10.155402,483.021
36.851887,10.196805,36.648323,10.735967,59.018
34.926618,8.124895,36.830425,10.228445,306.953
36.873976,10.106065,36.822743,10.157483,8.938
36.862527,10.137353,37.272875,9.862965,61.783
36.360452,9.182425,32.933271,10.457788,444.354
36.751892,10.228562,36.824953,10.207613,11.196
36.875327,10.334114,36.885724,10.158495,19.434
36.867305,10.221566,36.888362,10.190435,4.863
36.821614,10.160787,36.189168,9.555469,103.882
36.835724,10.160211,35.285105,10.949589,204.82
34.919721,8.132041,36.931873,10.274305,316.565
36.809322,10.179358,33.884136,10.094565,368.097
36.179753,9.559004,33.113948,9.049259,359.224
36.359788,9.186615,34.370164,8.830219,262.26
36.357134,9.187085,36.839274,10.156318,122.251
36.813552,10.225647,36.871018,10.195859,9.581
36.812283,10.230362,36.83643,10.159505,8.656
36.661548,9.088345,36.048482,10.505294,173.568
36.180589,9.551274,36.814904,10.180139,96.064
36.798715,10.178059,35.677779,10.89358,150.891
36.855232,10.194871,36.82096,10.162745,6.353
36.76023,10.225899,35.929936,10.574675,112.683
35.930943,10.578089,36.359835,9.182737,156.683
36.362371,9.186158,36.723763,10.737887,169.682
36.834921,10.157493,35.673417,10.897192,148.449
36.844382,10.138414,35.274262,10.947822,206.6
36.894233,10.189557,36.844333,10.088101,13.861
36.878599,10.33393,36.651027,10.735262,48.549
36.871021,10.190928,36.797769,10.20433,10.696
36.814711,10.235232,36.801924,10.206928,3.756
35.673369,9.107036,36.822792,10.232385,174.542
34.921805,8.123556,33.320339,9.884143,283.789
36.834917,10.157815,34.429475,10.076311,317.454
36.816722,10.165487,36.760957,10.228833,10.97
36.876601,10.107795,36.79959,10.204563,14.537
36.829621,10.213418,36.846658,10.089195,14.515
36.861321,10.222837,36.80001,10.587933,38.286
36.861358,10.139668,35.504069,11.038153,180.117
36.88702,10.191324,36.796036,10.587641,41.122
34.92487,8.128661,36.362446,9.179679,210.908
36.507863,10.504702,35.676001,10.892173,115.146
36.807629,10.183895,36.788717,10.17127,2.923
34.373283,8.829494,36.798814,10.205404,323.887
33.316258,9.880882,36.725054,10.735808,405.992
34.436651,10.076871,36.796557,10.17438,283.44
36.877147,10.334666,36.836632,10.226808,12.728
33.316086,9.88464,35.281059,10.954206,286.349
36.668323,9.092744,34.743605,10.760854,289.869
36.800955,10.182562,36.880814,10.156291,11.494
36.874539,10.190541,36.052416,10.505736,112.637
36.815902,10.174106,36.789707,10.175285,3.893
33.318654,9.879879,36.834097,10.212529,461.668
36.655527,10.735571,36.81868,10.17105,61.314
36.881025,10.15863,35.67491,10.893801,156.727
36.667187,9.091255,36.78812,10.167726,113.288
37.27664,9.867555,36.797104,10.169925,73.612
36.890355,10.192321,36.473643,8.785195,153.519
36.800812,10.169972,36.819069,10.183773,2.792
36.928808,10.273241,36.664625,9.088253,123.614
33.323426,9.880387,36.872737,10.100179,411.027
34.378962,8.830058,34.918798,8.125559,93.363
36.755871,10.231672,36.820991,10.15464,13.919
36.407519,10.700808,36.810847,10.182289,74.208
36.048736,10.506641,36.87146,10.195922,104.17
34.375807,8.831895,36.817772,10.228139,315.539
35.500168,11.039733,36.560743,10.674608,129.406
36.791103,10.171595,36.833761,10.230688,9.094
36.827526,10.211691,36.861052,10.145493,9.327
36.756577,10.228022,36.923985,10.272223,21.202
36.827466,10.210373,34.349845,10.550774,294.616
36.735342,10.252024,32.934393,10.451272,453.61
35.676422,10.900454,36.88579,10.155171,161.913
36.410287,10.705519,36.465659,8.780248,199.969
36.758806,10.227061,36.874353,10.109612,19.618
36.648812,10.736037,35.668561,10.897442,118.566
36.556909,10.668852,36.843917,10.132128,65.673
36.835845,10.16147,36.808286,10.190943,4.985
35.926936,10.571998,36.868352,10.221249,126.893
36.81924,10.225846,35.505642,11.040061,192.156
35.672434,10.898188,36.815874,10.152158,153.118
35.280305,10.944571,36.563827,10.67773,165.482
33.119299,9.050248,34.741519,10.759253,273.136
34.738331,10.759362,34.346907,10.552091,54.182
36.928703,10.27363,34.739698,10.760022,276.448
36.837496,10.231691,35.674778,10.892544,167.661
36.872711,10.203866,36.861307,10.143759,6.57
36.474036,8.788519,33.116713,9.051985,447.067
33.879561,10.101587,34.429857,10.071612,73.489
36.87851,10.340872,35.6736,10.897204,161.876
36.64564,10.742307,36.732488,10.253633,51.469
36.820245,10.158189,36.852513,10.141597,5.138
36.802071,10.183901,36.840092,10.133314,7.717
36.840268,10.08896,34.346646,10.556849,307.029
36.821162,10.160078,36.662028,9.087248,104.804
36.81132,10.181176,36.815133,10.232327,5.638
36.86575,10.215625,35.283921,10.950665,203.698
36.798745,10.59344,36.845521,10.087968,53.458
36.817568,10.164392,36.799577,10.589708,46.769
36.406533,10.702406,36.925016,10.274891,84.607
36.476461,8.778792,36.728667,10.251388,156.334
34.344113,10.553759,36.790207,10.179084,305.08
36.864734,10.219014,36.828892,10.214312,5.575
36.797403,10.174931,35.505434,11.043946,175.565
36.662589,9.086825,36.786595,10.178083,115.372
36.853278,10.193219,33.118593,9.047619,499.933
36.507268,10.509819,36.927165,10.275685,60.743
36.88747,10.194026,35.928554,10.572641,127.046
35.677733,9.104829,36.880581,10.157374,186.73
36.508741,10.504046,36.840711,10.131214,59.275
35.679632,9.108634,36.88373,10.156138,178.496
36.474527,8.775552,33.320753,9.877453,403.707
36.737931,10.24985,36.889041,10.190527,20.505
36.865289,10.221044,36.882502,10.154461,7.505
37.276862,9.868173,34.922143,8.125312,343.444
36.727842,10.734803,36.870785,10.337055,41.967
36.802574,10.177236,36.818219,10.22724,6.143
36.884919,10.159459,32.934646,10.448718,500.208
35.925183,10.574985,36.478751,8.780537,198.224
36.836735,10.15623,34.926525,8.128595,297.798
36.83288,10.226839,34.432076,10.071763,307.436
33.120223,9.048737,36.882121,10.158604,465.853
34.346412,10.555851,36.503935,10.504199,277.209
35.676677,10.89651,36.811815,10.182701,159.15
36.047579,10.50943,36.890917,10.189437,111.239
35.926516,10.57011,34.356242,10.553862,206.113
34.350604,10.549776,36.877304,10.197495,300.656
36.725986,10.740763,36.813208,10.173985,59.813
36.806894,10.179557,36.83972,10.133159,7.155
36.471784,8.785901,36.836793,10.230303,148.0
36.790855,10.173685,34.349114,10.555014,284.782
35.282713,10.954926,36.823068,10.162362,214.621
36.819001,10.166827,36.893021,10.191123,10.574
34.439197,10.067256,36.814072,10.182199,302.904
36.884886,10.154231,35.672475,10.890719,178.901
37.273067,9.867713,36.854264,10.13808,60.946
33.317639,9.881638,36.828239,10.212534,459.097
36.8789,10.190978,36.925463,10.274663,11.612
36.892141,10.190491,36.794255,10.206869,14.832
36.849484,10.196909,35.503588,11.040885,183.407
36.799924,10.586755,36.808457,10.182061,40.477
36.832228,10.230524,36.800603,10.172563,8.448
35.669754,10.893269,36.872949,10.109744,166.461
36.890082,10.184556,36.861006,10.217566,5.978
36.645756,10.740202,36.663278,9.084688,173.175
36.408037,10.700666,36.843013,10.087809,92.735
34.739241,10.759636,32.930639,10.453346,221.874
36.844561,10.135199,34.427967,10.069169,310.783
36.807323,10.181546,37.271301,9.868316,68.979
35.281319,10.954062,36.873573,10.195004,206.907
35.504065,11.040853,35.672845,10.894765,26.633
36.792424,10.175092,36.814529,10.176965,3.016
36.841651,10.226588,36.865763,10.140586,11.134
36.850138,10.195436,34.429531,10.073936,280.494
35.930163,10.571014,34.37585,8.832372,247.275
34.429436,10.076645,34.371045,8.828238,135.964
36.764654,10.227916,34.37358,8.830641,338.542
36.510689,10.502493,36.857598,10.13865,58.202
36.849563,10.191094,36.802213,10.171983,6.901
36.724079,10.737914,35.92502,10.574068,105.291
36.556558,10.671256,36.830902,10.226666,56.739
36.406223,10.707121,32.928859,10.453524,434.149
36.405333,10.695856,37.272193,9.867132,138.782
36.809415,10.177989,36.470601,8.785901,146.855
36.650508,10.734972,36.404591,10.701169,30.936
33.321734,9.883537,36.791908,10.173587,445.078
36.735515,10.253148,36.66268,9.090802,123.483
36.844332,10.089429,36.850582,10.195013,12.297
34.922144,8.128412,36.353566,9.181342,202.29
32.929889,10.450095,35.281796,10.948844,318.961
36.176588,9.557768,36.833165,10.162313,95.117
36.848095,10.131464,35.287514,10.953205,210.913
36.809659,10.182216,36.65901,9.086783,113.352
33.878906,10.10125,36.801156,10.586624,378.61
33.318214,9.883709,34.927421,8.130309,284.128
36.924103,10.274529,36.356973,9.182089,123.304
35.49721,11.044338,36.796395,10.59551,179.444
36.727759,10.739326,36.797614,10.170849,57.994
36.848079,10.193534,36.644437,10.738407,61.085
35.927591,10.571384,36.359223,9.18081,144.128
36.790679,10.171751,37.275391,9.865845,69.605
33.118924,9.047873,36.875564,10.194789,469.558
36.867446,10.218961,36.507593,10.500142,50.962
36.85763,10.145247,36.556742,10.668785,63.986
36.820902,10.168009,36.410205,10.700431,73.548
36.732405,10.253033,36.889143,10.189031,21.879
36.924808,10.276398,36.815386,10.162763,17.69
34.346508,10.550391,34.921856,8.129002,276.854
36.726284,10.73497,34.737229,10.757048,244.823
36.734221,10.736524,36.788274,10.170883,58.326
36.361358,9.189714,36.786523,10.171653,107.305
36.470318,8.781287,36.80033,10.589429,182.111
36.179549,9.554989,36.832098,10.224249,108.141
35.673444,10.90081,36.830535,10.231683,153.919
35.922916,10.57383,36.764062,10.231035,108.706
36.65059,10.737809,36.80271,10.185095,59.365
36.842878,10.13537,36.050913,10.508601,113.2
35.674698,9.112348,36.862279,10.138567,175.926
36.821841,10.161646,36.846509,10.193412,5.203
34.74419,10.760643,33.880702,10.097272,132.936
34.919502,8.129235,36.816265,10.175821,297.023
36.859934,10.139398,36.875827,10.101256,5.165
35.283404,10.953845,35.672989,9.109453,187.143
35.503689,11.044247,36.661114,9.084186,231.512
36.181562,9.558415,36.04896,10.501589,97.369
36.894854,10.188472,35.673273,9.103789,182.583
36.838772,10.136115,36.730005,10.739636,62.269
36.872101,10.193236,36.819761,10.227568,7.951
36.473346,8.780176,36.560564,10.679093,181.957
32.935465,10.452043,36.794056,10.201468,457.992
36.047506,10.504266,36.796473,10.586842,95.576
36.869232,10.220692,36.889087,10.187235,4.906
36.869618,10.222783,36.788834,10.173851,12.573
36.563898,10.678704,36.797644,10.589201,31.292
36.88965,10.192623,36.824971,10.153528,9.728
36.824408,10.14901,36.925179,10.277957,18.448
32.929905,10.445235,36.870413,10.222749,492.923
36.182655,9.556906,36.736567,10.252626,95.157
36.649481,10.73893,36.661284,9.087342,161.986
36.723254,10.73302,33.118144,9.055496,501.431
33.878838,10.095851,34.372888,8.834742,142.156
36.798705,10.202586,36.815887,10.230389,4.273
36.83951,10.139518,34.921977,8.124677,330.602
36.801055,10.172212,36.474239,8.786082,151.968
36.798934,10.20501,36.765009,10.229727,5.46
36.355493,9.183451,36.80114,10.169778,113.104
36.856488,10.144528,36.473505,8.785105,142.561
36.760372,10.221908,36.836059,10.15575,13.565
36.819002,10.154858,36.787607,10.174554,4.964
36.80072,10.169938,33.1092,9.046134,492.372
36.73598,10.252943,36.866731,10.221514,19.302
34.372515,8.830991,35.673376,10.900285,267.586
36.82992,10.214203,36.865494,10.138993,10.945
34.429222,10.074523,36.833998,10.154667,292.718
34.369402,8.827911,36.805985,10.1797,336.33
36.783572,10.175645,36.831173,10.23245,9.385
36.811788,10.17731,34.344972,10.546324,315.985
35.285397,10.94876,36.892838,10.188888,223.996
36.884608,10.151846,36.875834,10.336755,18.96
36.874152,10.337937,36.829886,10.204279,15.244
33.116887,9.053263,36.786716,10.170341,456.157
36.873754,10.192093,36.72745,10.248777,21.054
36.927129,10.275876,36.833637,10.156771,20.47
36.876059,10.3364,36.872433,10.221544,12.361
33.319292,9.883915,36.183394,9.554749,352.276
35.670063,10.896251,36.871498,10.197496,164.838
36.761783,10.224762,36.852173,10.197228,14.413
36.812586,10.17804,36.820895,10.152625,3.397
36.87434,10.191706,36.509257,10.506153,55.647
36.736546,10.25607,36.471969,8.786102,147.244
36.825842,10.205602,36.819134,10.229156,2.844
36.818193,10.227668,36.732116,10.253398,12.073
36.660153,9.085527,35.277414,10.953362,244.79
32.9299,10.448716,36.480043,8.782877,497.913
36.50545,10.508465,36.81891,10.228134,47.405
33.888007,10.096445,34.433558,10.081622,71.955
32.933536,10.450522,36.834035,10.221632,472.147
36.822731,10.170769,36.800611,10.173165,3.024
36.874151,10.198556,36.891643,10.187604,2.792
36.472202,8.779714,36.053806,10.502679,189.141
36.874002,10.106705,36.818784,10.227801,15.49
36.824818,10.153099,36.887294,10.189411,10.509
36.807914,10.180262,36.728265,10.740833,57.815
34.430035,10.074718,36.876441,10.108504,283.799
36.87259,10.195258,32.932512,10.453102,498.62
35.675296,10.898732,36.180585,9.555845,152.55
36.888297,10.187464,36.816622,10.227336,10.698
36.826358,10.156318,36.661489,9.084243,102.357
36.872061,10.223624,36.83697,10.157068,9.74
36.651438,10.739216,34.3685,8.833326,347.976
36.823457,10.164296,32.930822,10.454604,500.918
36.357165,9.183188,36.835748,10.224541,113.846
34.368983,8.833024,35.674069,10.895349,254.242
36.179618,9.556828,36.807924,10.181824,102.632
35.675681,9.11031,36.407178,10.703194,187.825
33.118161,9.047919,36.665603,9.081936,452.405
36.665569,9.08834,36.854974,10.20056,117.387
34.925206,8.12585,36.51448,10.503803,298.408
36.867122,10.215135,35.679815,10.899163,174.124
35.932146,10.574868,35.66883,10.894702,48.151
35.929523,10.581857,36.473289,8.788529,184.656
36.848474,10.195128,34.430934,10.074295,294.64
36.800482,10.175302,36.845066,10.085877,11.246
36.860746,10.144057,33.318437,9.877926,435.911
34.427706,10.073122,32.928429,10.450026,189.513
36.80115,10.202204,36.661206,9.086632,110.115
36.805152,10.171146,35.925441,10.573962,115.549
34.372322,8.833522,33.880664,10.097346,142.496
33.109974,9.054142,35.935991,10.576184,385.614
36.407403,10.701242,34.919433,8.122359,298.491
36.786531,10.17982,35.928916,10.566396,119.793
33.120297,9.056312,36.875071,10.110063,489.692
36.822194,10.153384,36.831081,10.158335,1.646
36.664509,9.08409,34.741666,10.759137,285.36
32.929202,10.451413,36.878463,10.103377,513.896
36.179272,9.55285,36.878689,10.341191,124.54
36.892505,10.189107,36.182001,9.559894,105.114
34.372725,8.824785,36.804345,10.178367,352.191
36.753841,10.230481,36.666196,9.093292,117.861
34.74161,10.758742,36.880817,10.155543,283.433
36.732544,10.252998,36.660863,9.085364,119.62
36.663343,9.086918,36.894417,10.19091,121.674
34.925555,8.11862,36.885768,10.152508,327.52
36.653397,10.73851,36.859625,10.13753,68.855
36.838886,10.138606,36.845667,10.193685,6.232
36.799197,10.201054,35.675241,10.891363,154.527
36.799582,10.203023,36.409524,10.704464,70.911
36.798077,10.591327,36.875086,10.108123,54.05
35.92379,10.572161,35.504479,11.043984,71.009
34.371151,8.83798,36.862317,10.143566,333.538
34.739818,10.75538,36.80051,10.206986,259.963
36.805027,10.180651,36.930847,10.275216,19.629
36.553629,10.674928,35.678246,9.106256,192.902
36.555068,10.67875,34.369383,8.826127,328.271
34.923464,8.125042,36.819321,10.167815,301.244
36.888344,10.187721,36.78159,10.175675,16.799
36.559846,10.671152,36.73212,10.738863,24.974
35.508641,11.040614,36.048813,10.504713,93.74
36.560179,10.679357,36.40889,10.70842,20.573
36.863681,10.147505,36.662761,9.089407,112.622
36.881947,10.15485,36.844559,10.093943,8.97
36.648217,10.741861,36.833993,10.228409,54.833
36.650757,10.741384,35.278409,10.948329,174.463
37.271501,9.861876,36.838668,10.131224,66.109
36.181449,9.560201,34.429365,10.077035,219.697
35.674015,10.898407,36.64761,10.737032,124.396
36.740342,10.25326,36.794496,10.58879,34.891
36.826948,10.159343,33.878491,10.101823,372.378
36.816293,10.231553,36.874255,10.10981,16.497
34.346432,10.55125,36.930839,10.279256,339.332
34.352142,10.558274,36.805337,10.171484,322.286
35.506093,11.040611,36.72958,10.735996,146.844
33.117972,9.05236,36.863309,10.21803,463.502
36.830211,10.231318,36.187058,9.555198,99.753
36.927479,10.272547,36.799148,10.173887,20.202
36.050652,10.506983,36.862091,10.219891,98.265
33.314244,9.88261,36.882155,10.191503,424.009
36.827576,10.210198,36.857721,10.138193,8.898
35.49836,11.046976,36.651235,10.739035,148.904
36.840525,10.135888,36.891481,10.192049,9.136
36.401433,10.699754,33.318752,9.885683,370.606
36.845199,10.131625,36.882483,10.147486,5.663
36.869356,10.223087,36.925382,10.275658,10.529
35.67399,10.895351,34.43326,10.076101,172.605
36.841927,10.230354,36.557287,10.676766,65.282
33.315081,9.882197,36.646755,10.734348,437.349
36.836736,10.133935,36.788731,10.172943,8.875
36.880082,10.340018,36.877387,10.101941,26.896
36.79808,10.206662,36.809061,10.178497,3.837
36.355962,9.184452,36.804374,10.179408,105.942
36.801448,10.201868,35.674412,10.892324,155.798
35.931723,10.572046,33.117281,9.049099,362.155
36.808944,10.227496,36.808018,10.181884,5.024
33.317902,9.880312,36.732772,10.745875,429.494
36.848059,10.136049,33.120445,9.049474,485.727
36.865614,10.222228,36.926359,10.276205,10.774
36.870061,10.193834,36.732221,10.252815,18.816
36.861809,10.22764,34.429225,10.075048,287.7
36.466788,8.783604,35.676918,10.896297,237.486
36.814348,10.230987,33.125645,9.052891,473.289
36.826797,10.205567,36.874381,10.193623,7.62
33.320439,9.883756,36.848558,10.19338,425.875
36.881008,10.107026,36.852946,10.190715,10.234
36.761297,10.23222,36.186821,9.554932,99.753
36.789991,10.17438,36.755616,10.22765,8.398
36.809829,10.182103,32.930842,10.449332,477.635
36.875686,10.103197,34.433246,10.075634,291.633
36.886288,10.154346,36.782479,10.177261,15.422
36.832728,10.162129,36.820288,10.164899,2.065
34.347282,10.548657,36.800953,10.166136,290.807
36.84419,10.091228,36.801526,10.206712,15.224
36.729758,10.742037,35.670158,10.903134,135.116
35.928099,10.573409,35.499105,11.044077,77.802
36.852457,10.192353,36.869902,10.220592,3.84
36.851392,10.196252,36.402898,10.70049,77.949
35.926007,10.575618,35.671274,9.104397,142.622
36.844416,10.133748,36.511798,10.50456,60.534
36.04769,10.501191,36.661009,9.090036,150.729
36.81352,10.179658,36.806975,10.184783,1.182
34.741797,10.758164,36.836038,10.093376,260.696
36.504286,10.510287,36.735975,10.252982,41.605
36.806208,10.178711,36.874613,10.33698,19.702
36.645526,10.736868,34.374812,8.830968,330.923
36.83503,10.165854,34.347208,10.548342,325.849
36.883542,10.340394,35.500578,11.043739,184.934
36.471905,8.788316,36.662634,9.088126,41.617
36.922247,10.270048,36.892873,10.191121,9.695
36.874629,10.106116,36.402495,10.703956,84.354
36.729931,10.740347,35.502401,11.038061,155.409
36.798574,10.207638,36.819624,10.153245,7.133
34.43136,10.077202,36.475642,8.780634,282.93
36.874701,10.107008,36.892932,10.189778,10.279
36.657721,9.083879,36.35608,9.178021,41.279
36.820079,10.228939,36.871687,10.19234,9.155
36.826231,10.212021,36.359611,9.181177,119.25
35.670874,10.895846,36.838422,10.15166,151.139
36.796179,10.587911,36.403843,10.702953,57.101
36.794963,10.586594,36.045246,10.501234,92.55
36.818265,10.22534,35.283091,10.950778,211.468
35.280968,10.94605,36.823904,10.151621,197.821
37.270732,9.863377,36.668112,9.084983,110.784
36.801401,10.173851,36.804672,10.179541,0.874
36.800418,10.1832,36.887132,10.193529,12.65
35.503559,11.039402,37.272661,9.860958,251.445
36.052837,10.50172,36.841707,10.129989,105.897
36.795914,10.592591,36.873637,10.188305,42.795
36.818581,10.230648,36.88691,10.187031,11.323
36.856791,10.144383,36.801989,10.585937,48.943
36.782283,10.17077,36.874817,10.33434,21.683
35.673331,9.105119,34.351412,10.554182,228.615
35.673213,10.892383,36.79361,10.209086,151.692
34.738876,10.75947,34.351243,10.551989,52.255
36.80311,10.172353,35.502287,11.040015,190.508
36.930235,10.275175,36.803094,10.205537,18.822
36.050683,10.5068,35.92499,10.574647,18.53
34.923614,8.131342,36.864457,10.224071,314.35
36.404837,10.701699,33.318077,9.879523,411.627
36.65583,10.744112,35.282762,10.946512,169.045
34.430109,10.069313,36.725663,10.734988,308.308
35.92488,10.575796,36.832578,10.226406,121.055
37.270259,9.859831,36.045354,10.505687,155.139
36.883408,10.186911,35.502339,11.037302,193.337
36.844714,10.093213,35.669634,9.105926,173.22
36.512304,10.508941,36.18091,9.553632,98.54
36.859047,10.141177,36.880097,10.104413,5.325
36.890031,10.19407,36.876104,10.336117,15.876
36.798948,10.589884,36.893697,10.188699,45.929
36.181459,9.554454,34.923255,8.127122,211.286
35.675962,10.897258,36.798852,10.591657,141.34
37.275924,9.86629,36.876772,10.104269,58.809
36.824703,10.229095,36.760661,10.226211,9.149
35.932751,10.569209,34.374575,8.83487,247.257
33.123597,9.045232,36.812825,10.226702,500.578
36.8365,10.134747,36.730061,10.254415,20.214
36.789315,10.173431,33.879363,10.094343,338.546
36.878319,10.341424,34.429276,10.076818,316.617
37.27346,9.864037,36.788039,10.175656,75.412
35.669792,9.112197,36.854817,10.191396,193.361
35.282755,10.948929,36.812277,10.223536,207.069
36.560187,10.669697,35.673671,9.108585,194.541
36.831594,10.160652,36.354519,9.183209,111.39
34.91873,8.126079,33.879945,10.10243,231.793
36.874598,10.341738,36.87704,10.191799,17.972
36.652437,10.738745,36.809429,10.188666,58.776
36.352172,9.182693,36.863471,10.219751,112.731
36.666694,9.084035,36.735815,10.253896,113.566
36.820798,10.164842,36.847467,10.187672,4.25
32.936597,10.450545,36.730037,10.257127,436.162
36.402962,10.696593,34.344549,10.553818,268.473
36.927799,10.272615,36.81086,10.177106,17.809
36.871949,10.3383,36.839892,10.132851,22.362
36.801722,10.176213,36.834845,10.214287,6.372
33.321166,9.881197,36.755085,10.219713,422.978
34.739634,10.765062,35.923066,10.578832,139.249
36.804889,10.596074,36.874584,10.33828,28.016
36.734428,10.24758,36.874215,10.198141,18.428
34.437756,10.075782,36.842204,10.133069,284.951
35.9306,10.57413,36.825448,10.163724,114.113
36.810658,10.181091,36.833217,10.228051,5.919
36.795367,10.174276,36.892043,10.190951,14.218
36.799999,10.204771,36.048772,10.502174,98.839
36.760632,10.224817,36.890871,10.191102,18.307
35.93,10.570272,36.835063,10.228461,119.492
36.879085,10.149692,36.810485,10.179841,10.231
37.27427,9.868474,36.867998,10.228398,66.055
36.796239,10.204356,36.665631,9.090365,110.641
35.673583,10.896455,36.758571,10.224428,151.569
36.651546,10.737878,36.726565,10.736537,10.934
36.655927,9.089185,36.887347,10.190619,112.73
36.560119,10.678736,36.921368,10.271961,66.55
34.368134,8.829479,36.659386,9.089351,269.819
36.814539,10.226928,36.652577,10.733508,56.447
36.92634,10.274441,32.928294,10.453407,475.899
36.826645,10.212922,36.927275,10.279913,16.297
35.674396,9.105048,35.925137,10.576784,154.216
36.794083,10.585744,33.314858,9.881194,403.556
36.889684,10.155907,36.875836,10.192031,4.452
33.118696,9.042453,36.875608,10.339037,485.551
37.273016,9.866581,36.472226,8.789103,143.28
36.762846,10.230462,36.178751,9.558071,101.365
35.504312,11.040145,36.835476,10.214728,188.691
36.852478,10.19168,36.838932,10.090741,12.348
34.371363,8.830034,37.280255,9.860084,396.333
32.931857,10.450258,36.875677,10.1959,473.404
36.803562,10.171369,36.874244,10.330901,18.164
36.795111,10.586222,36.809356,10.181351,41.091
36.553493,10.674425,36.808599,10.182211,59.708
36.362835,9.184256,32.931204,10.447685,424.08
36.847908,10.090263,34.347349,10.553893,310.343
36.82963,10.212886,36.819591,10.158671,6.897
36.861864,10.142044,32.930857,10.452959,464.065
37.277828,9.867257,36.799505,10.17525,68.045
36.876083,10.106871,36.819587,10.230551,15.416
36.882176,10.15017,36.815442,10.17132,9.34
36.666688,9.083237,36.835204,10.159944,109.563
36.869881,10.224389,36.876681,10.195739,3.493
36.856813,10.142743,36.875952,10.199178,7.314
36.855225,10.140935,36.729006,10.24975,19.901
36.876314,10.193621,36.736832,10.250279,17.988
36.878207,10.110395,36.883085,10.152845,4.977
34.736344,10.762247,34.431452,10.076235,80.917
36.822517,10.162911,36.811651,10.181745,2.504
36.885961,10.186215,36.837971,10.229456,8.577
36.871397,10.222103,36.824458,10.154574,10.749
36.882552,10.160723,35.923295,10.576503,125.67
36.871638,10.115352,36.799463,10.592713,47.413
36.668149,9.084313,33.322298,9.88142,441.044
36.799011,10.201871,36.869625,10.220252,10.43
36.833594,10.159297,36.800135,10.200731,6.504
36.736474,10.254678,36.929601,10.277201,23.641
33.880663,10.099918,36.047237,10.502806,275.35
36.805122,10.591807,36.80342,10.173082,43.122
36.411073,10.700113,36.559581,10.674243,18.721
36.832721,10.156093,33.882139,10.099095,361.37
36.824566,10.215818,36.847012,10.091262,14.328
33.319632,9.888049,36.827445,10.216164,468.128
36.04762,10.503745,32.931536,10.45247,381.361
36.726158,10.736785,36.861472,10.136853,63.086
36.508731,10.507131,36.814397,10.232316,50.182
36.892721,10.191217,35.504797,11.046819,195.331
36.839896,10.13535,36.836315,10.227054,10.859
35.500407,11.04225,33.320489,9.880658,300.2
34.4307,10.075017,36.790737,10.17158,288.481
34.922208,8.120408,36.357395,9.184936,197.09
36.809467,10.181363,36.877525,10.095676,13.753
36.755554,10.226896,34.434053,10.072722,279.865
34.737733,10.75863,36.758979,10.226105,250.734
36.80043,10.202467,33.322161,9.88251,415.4
34.350389,10.552527,36.872436,10.103441,321.27
36.853139,10.140143,36.844889,10.091073,5.57
36.872198,10.196169,36.878402,10.106344,9.677
36.828917,10.229658,36.55871,10.670446,54.114
36.758484,10.219975,36.788145,10.175013,6.737
36.812135,10.180873,36.830423,10.212142,4.336
36.507771,10.510519,33.318716,9.881481,412.729
36.799763,10.168416,36.863878,10.140999,9.403
36.817819,10.16202,33.114662,9.05473,446.362
36.654267,10.735483,36.81825,10.16955,61.81
36.873888,10.336306,36.874916,10.107062,22.502
36.803031,10.178866,37.270948,9.864773,64.737
36.817858,10.228169,36.8683,10.215115,7.298
36.929174,10.272415,35.285965,10.95141,221.446
35.671422,10.89582,36.928397,10.276853,164.415
36.889377,10.186739,34.920114,8.129184,335.128
34.432241,10.069728,34.741116,10.759541,77.823
36.806928,10.181639,34.347998,10.552013,309.363
36.759972,10.22669,36.817144,10.231932,8.544
36.187096,9.556722,36.814044,10.178486,99.152
36.932333,10.272597,36.787691,10.173322,22.714
36.820881,10.16693,36.7907,10.171117,4.367
36.825175,10.210618,35.928629,10.575904,116.044
36.799498,10.586293,36.361877,9.182334,138.244
36.840809,10.130372,35.503693,11.044262,198.482
36.873976,10.332918,36.406901,10.701976,74.4
36.047828,10.505157,36.830542,10.209239,100.411
36.660213,9.086198,36.477939,8.781207,39.668
36.830703,10.16118,33.113033,9.056188,478.831
36.825459,10.153118,36.869595,10.109189,7.524
36.847846,10.088032,32.927443,10.452137,509.356
32.938445,10.446803,36.511681,10.508168,456.525
35.933264,10.574242,36.845363,10.087312,130.644
36.511356,10.506366,36.657002,10.738178,30.895
36.727322,10.735377,36.825612,10.159263,64.166
35.672345,9.104502,36.555579,10.671676,201.301
36.726921,10.736628,36.832268,10.154289,65.714
36.503328,10.506201,36.81513,10.226585,51.21
36.923232,10.269364,36.650197,10.738506,58.062
36.844067,10.135994,36.824993,10.155048,3.433
36.829078,10.212825,34.431819,10.077066,300.255
34.351368,10.552907,35.284581,10.950518,117.268
34.922678,8.125669,36.874429,10.101132,316.164
36.792391,10.59427,36.806573,10.180223,40.957
36.408056,10.698294,36.892436,10.191633,81.406
36.472318,8.787413,36.849064,10.19085,145.515
36.818254,10.153508,36.847508,10.090629,7.707
35.498051,11.039856,36.825304,10.20893,174.966
36.561513,10.67692,36.798518,10.58832,32.601
36.823176,10.155765,36.796744,10.205254,6.865
36.812126,10.17911,36.735123,10.255494,14.92
36.723619,10.739588,36.86118,10.139268,63.221
34.434474,10.074521,35.928875,10.571942,201.371
34.369991,8.830157,36.837141,10.159672,332.93
36.87719,10.190919,35.670477,10.896567,164.57
36.845261,10.090192,36.788768,10.17583,13.193
36.042099,10.506105,35.671798,10.892705,58.605
36.874454,10.342725,36.796763,10.206834,18.785
36.559632,10.677671,36.799197,10.177175,58.749
36.47528,8.787155,36.926642,10.275183,157.328
36.650949,10.739242,36.87705,10.154631,64.252
36.885151,10.158623,35.924401,10.577175,135.277
36.182013,9.555112,36.832212,10.229716,102.579
34.367573,8.83277,35.675035,9.113464,168.619
36.50694,10.502002,36.184231,9.559387,101.383
36.359091,9.183215,34.436447,10.077214,246.458
34.370373,8.833084,35.505339,11.035727,258.9
33.321078,9.879334,33.875966,10.098387,80.053
36.046517,10.502291,36.818981,10.154486,96.944
32.926786,10.450548,36.649976,10.740371,444.514
36.507484,10.512016,36.731236,10.735866,36.34
32.929914,10.448833,36.556351,10.671426,436.77
36.843264,10.088197,36.840145,10.130641,4.883
36.661514,9.086811,35.281576,10.947546,247.207
36.835768,10.162955,32.928748,10.451043,477.737
35.926359,10.574607,36.6612,9.085586,187.415
35.679012,9.109227,36.818894,10.169305,186.171
35.501177,11.041178,36.513008,10.506998,144.894
36.472853,8.784987,36.359192,9.185579,45.138
36.885899,10.157321,35.503938,11.042967,197.447
36.849614,10.193828,36.798804,10.175578,7.349
36.724017,10.734964,34.350519,10.550773,277.614
35.282143,10.948163,33.321884,9.881382,260.005
36.754268,10.224208,36.879391,10.193114,17.112
36.182206,9.56011,36.733215,10.733789,128.095
36.795529,10.17436,33.88291,10.095357,357.214
36.180392,9.556589,36.864463,10.136218,102.584
36.877248,10.10931,35.497359,11.044372,185.904
36.50753,10.508099,34.348463,10.553611,259.679
36.823497,10.15866,34.924561,8.128744,307.168
36.725272,10.736006,34.930938,8.127067,337.57
37.274922,9.862169,36.858346,10.142428,62.533
36.355436,9.184064,36.873208,10.20056,114.063
36.725514,10.734795,35.284141,10.944607,188.448
36.881636,10.108576,36.731868,10.740536,63.344
35.674983,10.897335,37.268414,9.86738,213.331
36.763553,10.228477,36.557164,10.671305,56.858
36.867195,10.223285,36.732388,10.253843,17.262
34.435572,10.076404,36.859374,10.145208,306.831
36.04872,10.506382,36.874114,10.104595,112.384
36.757231,10.231442,36.835633,10.134963,15.338
36.475273,8.782165,36.796777,10.203185,151.393
36.661827,9.082404,36.736148,10.256486,114.038
36.843147,10.093581,36.813984,10.166117,9.593
36.566984,10.672305,36.660514,9.09025,164.308
36.872963,10.104549,35.67047,10.89593,171.697
34.431812,10.072755,34.375428,8.829331,120.856
36.798004,10.586909,36.876784,10.333064,28.441
36.879402,10.109104,36.866678,10.221008,14.212
35.670179,10.898804,36.796596,10.590466,140.63
36.411417,10.697908,36.798721,10.205951,71.459
36.814208,10.18118,36.359641,9.179573,111.531
36.472819,8.785573,36.884594,10.154149,150.416
36.859918,10.140666,36.050711,10.50857,100.313
34.346474,10.554188,36.659359,9.090978,333.257
36.872707,10.106464,36.796103,10.58573,52.75
36.796708,10.209159,34.923505,8.121768,304.646
36.874211,10.336385,36.874167,10.194884,14.801
36.183864,9.561045,35.93035,10.572879,110.169
36.929789,10.274899,36.823702,10.166928,18.216
36.756776,10.22605,36.815776,10.157614,12.191
36.470654,8.782241,35.67802,10.89313,234.348
36.797025,10.200665,36.798593,10.171695,3.491
36.725812,10.738965,36.808858,10.180565,64.888
36.831639,10.232686,35.283332,10.951053,201.788
36.411667,10.698158,36.661844,9.083631,161.153
35.927321,10.57713,32.925771,10.445897,385.713
36.83085,10.228779,36.350871,9.187263,116.315
33.870543,10.098888,36.40871,10.70068,308.559
36.40623,10.707416,34.737914,10.763472,213.606
36.820265,10.231426,36.875865,10.196568,9.789
36.830563,10.210795,36.811239,10.180139,4.46
36.819561,10.159054,36.836138,10.211594,6.188
35.28613,10.949693,36.874851,10.192234,201.635
36.797729,10.591475,36.816601,10.228011,37.812
36.664053,9.085595,34.431589,10.07044,289.076
34.737861,10.761694,36.851768,10.196897,273.912
33.877861,10.093474,34.733972,10.763415,133.445
36.801819,10.175235,33.318762,9.881214,419.839
36.800558,10.204983,36.815584,10.226591,3.192
36.402939,10.702355,36.864031,10.138099,87.472
33.881849,10.101289,36.861711,10.140369,346.908
36.84578,10.197511,35.666384,10.897778,171.125
37.275993,9.860456,36.842837,10.08576,65.837
36.83524,10.210245,36.736983,10.252119,15.416
36.80066,10.203522,36.844021,10.189427,6.974
36.182554,9.551797,36.848706,10.188774,99.558
36.475593,8.780841,36.842653,10.137617,147.102
36.50382,10.504786,35.507127,11.041835,136.032
36.885409,10.191335,36.84643,10.192911,5.699
32.927481,10.453317,36.807384,10.178214,516.053
34.431312,10.076592,35.925243,10.573229,189.177
36.848063,10.190558,36.727781,10.738171,56.404
37.271462,9.866918,36.411221,10.700612,133.89
36.656012,10.73862,36.181446,9.550911,138.947
36.797048,10.172084,36.829783,10.226191,8.361
34.923715,8.124148,36.049718,10.504578,272.789
36.407569,10.702205,36.473991,8.781681,197.26
36.183683,9.554871,36.7587,10.227166,101.604
36.648922,10.737659,36.836062,10.209343,61.318
36.406956,10.69675,36.890303,10.152338,80.679
36.788524,10.168809,36.508505,10.506331,51.295
36.874679,10.191283,33.117519,9.051259,511.709
34.34893,10.552561,36.84308,10.136407,324.207
36.4735,8.783457,36.879222,10.100765,141.774
36.842457,10.136894,35.670642,9.103069,178.679
36.87154,10.213972,36.728736,10.734241,56.619
34.373661,8.83052,36.87748,10.341611,329.512
34.370358,8.835237,36.814608,10.180122,323.312
36.810928,10.228343,34.428165,10.072128,298.61
36.879997,10.108741,32.931963,10.446833,477.221
36.359382,9.183345,34.744114,10.758342,273.653
34.922881,8.131733,36.807098,10.204045,307.914
36.867424,10.220381,33.88058,10.099871,345.259
36.558883,10.673193,34.437155,10.079316,275.196
36.784484,10.172169,36.734837,10.253452,11.673
36.877044,10.104364,36.648375,10.731172,75.706
36.048124,10.511091,36.801013,10.171135,103.666
36.800883,10.172974,32.937646,10.454064,473.329
36.471213,8.784546,36.847731,10.193387,149.803
36.405033,10.703658,36.878057,10.191708,79.17
36.473792,8.782453,36.927575,10.269441,158.988
36.179444,9.550441,36.814699,10.163551,103.613
36.402261,10.703767,36.829219,10.230613,71.096
35.284092,10.948686,36.182036,9.561908,169.898
36.803721,10.180121,34.42938,10.075093,279.699
36.727133,10.249213,36.812036,10.184727,13.565
36.852702,10.195317,36.892357,10.189477,5.266
36.931554,10.277969,36.857655,10.14142,18.505
36.813807,10.178047,36.784265,10.176333,4.379
36.877812,10.340364,36.835687,10.163109,20.118
36.795888,10.589876,35.50139,11.042718,175.695
36.865998,10.219692,36.664898,9.088579,109.997
36.836984,10.135852,36.822028,10.167117,4.019
36.879763,10.333668,36.832316,10.209459,15.813
36.844836,10.085763,36.799913,10.187338,13.651
36.79868,10.20787,36.787959,10.175368,4.3
33.88011,10.098615,36.869377,10.21962,382.287
36.4127,10.700175,36.87842,10.101914,94.448
36.834244,10.158965,36.800582,10.588313,46.364
35.929967,10.575018,32.932993,10.452616,377.511
35.50395,11.04489,35.284222,10.94659,30.061
36.474745,8.786122,34.350604,10.552771,312.154
32.932059,10.458465,36.799189,10.589123,472.758
36.182864,9.55897,36.851164,10.19397,109.492
37.277231,9.868698,36.860267,10.141328,61.03
36.1863,9.555765,36.792883,10.16995,94.724
34.349895,10.553262,36.783949,10.171121,314.81
36.473693,8.785788,36.830223,10.20516,155.193
36.929048,10.274105,36.179835,9.55595,114.721
36.834602,10.207997,33.117314,9.049378,503.008
35.927026,10.573297,36.807462,10.179531,107.756
36.930242,10.277468,36.874869,10.336177,9.677
36.886626,10.193748,36.928396,10.269321,10.626
36.756674,10.227275,36.475816,8.784408,152.919
36.874642,10.194978,36.873242,10.10663,10.321
36.858593,10.133936,36.55367,10.672757,71.83
35.283327,10.94885,32.934701,10.450935,306.068
36.353907,9.179573,36.733575,10.25529,114.717
36.842832,10.137369,36.806974,10.178179,6.603
36.83176,10.208735,36.841746,10.083022,13.729
36.810708,10.174627,35.283786,10.950616,217.467
36.401906,10.701783,36.835168,10.225519,75.26
36.649837,10.74069,36.875233,10.19542,64.968
36.928691,10.272998,36.841625,10.087263,22.268
36.885302,10.18858,36.833215,10.160619,8.077
36.807007,10.176304,36.850728,10.189461,6.956
36.876517,10.198251,33.318196,9.881064,451.512
36.816784,10.22535,37.270349,9.868814,72.632
36.892592,10.189811,36.796492,10.200287,13.777
34.742034,10.763173,35.676665,10.899571,115.746
36.561653,10.674863,36.842294,10.131473,69.418
36.470636,8.783849,36.850913,10.19426,154.27
34.923155,8.125021,33.118607,9.047626,231.36
36.783419,10.176789,36.396852,10.701327,71.46
33.881637,10.09516,36.762585,10.227235,352.921
36.923009,10.278159,36.402113,10.70051,81.716
34.343355,10.546647,36.843707,10.134126,292.759
36.835017,10.225284,36.781795,10.172874,10.572
35.673195,10.888365,36.831662,10.156033,164.388
36.40765,10.706481,36.561654,10.678006,19.771
36.823911,10.158355,36.880887,10.15066,8.384
36.800109,10.174359,36.896119,10.190801,14.238
36.888724,10.190592,36.562216,10.673442,64.02
34.927993,8.124575,34.744013,10.76604,262.45
36.848223,10.195236,36.73277,10.250558,18.152
36.888347,10.187052,36.804613,10.186471,12.79
36.560553,10.673679,36.510218,10.507425,18.249
36.561166,10.671893,36.733753,10.251408,50.801
36.820671,10.158096,36.823923,10.20274,4.932
36.928884,10.273237,36.872064,10.104346,19.626
36.891895,10.184909,36.731992,10.740535,61.28
36.795801,10.176444,36.650073,10.739312,63.33
36.836826,10.080867,35.676973,9.107748,160.031
36.871286,10.1917,36.876141,10.102332,10.158
36.510865,10.50129,36.181615,9.55594,105.902
36.810581,10.184738,35.283197,10.951016,211.93
36.403567,10.704364,36.829314,10.207754,76.225
36.7936,10.170343,36.893346,10.186947,14.398
33.119901,9.049215,36.839663,10.086692,497.642
35.929933,10.576576,34.740431,10.763661,141.816
36.845974,10.089962,36.876697,10.103387,4.526
36.799149,10.207401,36.882372,10.156021,12.554
36.867009,10.223495,36.885846,10.192738,4.743
36.842545,10.142005,32.92396,10.454385,501.29
36.815927,10.225837,36.792043,10.168173,8.208
36.83563,10.22512,36.556714,10.676456,63.1
34.923537,8.124931,36.800931,10.20424,334.556
35.670587,10.900354,32.929093,10.450891,345.576
36.798353,10.584702,36.35929,9.184612,147.947
36.869907,10.221699,36.844979,10.192209,5.422
32.931472,10.456961,33.885182,10.095445,123.744
36.925464,10.271725,36.728992,10.738981,54.909
36.808066,10.178292,34.434953,10.073831,275.943
35.93236,10.573112,36.731796,10.253669,107.227
34.424565,10.070833,36.856311,10.142006,319.339
36.803078,10.168237,34.740296,10.755042,272.049
36.664926,9.085389,36.871205,10.19337,114.47
36.405324,10.703224,36.802503,10.205471,72.333
36.87711,10.337088,36.736893,10.24839,20.143
36.838832,10.137176,36.360837,9.181825,118.025
36.472797,8.784898,36.799696,10.196994,137.73
36.865377,10.226685,36.927418,10.271412,10.008
34.427234,10.068804,34.368645,8.830444,124.099
34.74608,10.75542,36.820141,10.164823,255.876
34.345944,10.55518,36.358986,9.181624,286.186
36.81984,10.156949,36.799617,10.20212,5.845
36.886425,10.155322,36.923997,10.27701,15.179
36.874941,10.340504,36.561348,10.673301,57.083
35.676368,9.110215,36.650846,10.73222,201.705
36.804384,10.181789,36.763862,10.22624,7.668
34.925495,8.125985,36.885945,10.154621,298.42
36.871972,10.344826,34.348574,10.551255,298.187
34.347543,10.554456,36.807353,10.176323,300.1
36.844374,10.132235,36.739079,10.247716,18.784
36.830607,10.230145,36.889196,10.196328,9.298
35.680705,9.109566,36.76163,10.222817,178.625
36.844387,10.090452,34.432495,10.069265,301.012
36.481529,8.780049,34.917615,8.123217,197.758
36.810643,10.179755,35.673361,9.11493,170.003
36.876498,10.19326,36.843598,10.088206,13.089
36.814829,10.228662,36.668826,9.08739,117.745
36.815927,10.228945,36.877798,10.197249,9.284
36.803365,10.174594,33.316529,9.880771,407.196
36.880533,10.15428,36.796966,10.169348,11.638
36.835145,10.225113,36.804332,10.206477,4.833
36.829166,10.228356,36.40749,10.699368,76.223
36.664132,9.082696,36.868926,10.221692,107.148
36.87715,10.191533,36.798651,10.587767,41.061
36.179544,9.554796,36.760524,10.221391,99.769
36.877456,10.103381,36.358985,9.18099,107.126
36.653073,10.737921,36.819936,10.159322,64.888
36.793941,10.586473,36.825914,10.211964,41.768
36.824205,10.214064,36.83377,10.230046,2.618
36.819266,10.162898,34.375727,8.834453,313.242
33.118414,9.048869,33.314219,9.885788,90.208
36.654218,10.736239,37.272584,9.865963,110.62
36.735629,10.252812,36.875803,10.151731,22.432
36.045564,10.50403,35.282389,10.954175,107.228
36.811195,10.186307,36.76118,10.221674,8.988
36.729743,10.73532,36.800083,10.167324,59.882
36.810781,10.183907,36.846337,10.086613,12.152
36.871596,10.197454,34.732323,10.759636,271.355
36.817707,10.183706,37.274347,9.868743,67.558
36.651899,10.737664,36.845011,10.133672,65.343
34.347154,10.547653,36.879001,10.155989,316.894
34.351069,10.550193,35.927659,10.573299,200.906
35.92301,10.575191,36.876931,10.334422,119.548
36.809806,10.175154,36.730861,10.256399,15.815
34.375936,8.830898,36.872664,10.101886,328.187
36.787307,10.177683,36.758487,10.223296,6.498
36.557088,10.674734,35.677569,9.111334,189.638
36.410342,10.700638,36.833612,10.153203,84.294
36.721811,10.736152,36.874744,10.337384,45.04
36.82397,10.160682,33.3178,9.875145,430.502
34.925807,8.125639,36.760003,10.225294,314.271
34.429539,10.075555,36.82555,10.155809,297.297
34.37632,8.829959,36.806261,10.184455,340.639
34.348194,10.546837,33.318457,9.884273,134.865
34.35257,10.547585,36.788532,10.172946,324.016
34.43202,10.07572,36.475347,8.781657,281.144
36.874637,10.196492,34.371498,8.833937,329.066
36.815622,10.22616,36.932176,10.271369,17.94
36.560235,10.677154,36.816547,10.228262,60.265
36.802554,10.200931,36.828926,10.215028,3.948
36.73127,10.255471,36.66763,9.08693,117.18
34.433569,10.06965,36.892837,10.19012,295.972
36.048964,10.506458,36.843755,10.137038,111.017
36.36048,9.183953,36.182512,9.552472,46.797
37.273453,9.866733,35.500279,11.042125,247.984
36.798359,10.171298,35.496411,11.037915,187.515
36.859161,10.143442,34.346608,10.555901,292.787
36.830678,10.209938,36.358306,9.182862,109.194
33.878443,10.094942,34.373842,8.830193,140.38
36.78877,10.173164,33.321733,9.882096,400.21
36.832212,10.158349,36.36006,9.184504,118.051
34.920526,8.122739,35.286759,10.956062,305.192
36.362258,9.17986,37.273522,9.86255,132.341
36.848922,10.082851,34.371069,8.824553,332.88
36.884083,10.160391,36.558565,10.668745,63.29
36.883514,10.156587,36.844194,10.089699,9.084
34.9253,8.126066,36.868077,10.222339,311.229
36.664781,9.087273,33.115429,9.050643,417.782
36.731382,10.253329,33.118943,9.04715,470.803
34.928659,8.120561,36.797099,10.208706,318.098
36.794839,10.17385,36.863423,10.218391,11.021
36.732585,10.253565,36.858936,10.140212,20.436
36.86079,10.143787,36.888328,10.189045,6.722
36.730561,10.251202,36.795297,10.201743,11.933
36.891341,10.18582,36.354309,9.180812,116.8
36.404703,10.704541,36.763161,10.224817,72.044
33.321196,9.881126,36.053468,10.508346,348.265
36.799582,10.591547,36.728011,10.738596,18.011
35.923244,10.575056,36.846721,10.139241,126.547
35.285903,10.950066,37.272341,9.865655,266.412
34.431404,10.067419,36.662594,9.084957,306.697
36.850906,10.087815,35.280424,10.949811,203.409
36.81681,10.226093,36.845509,10.084212,16.722
36.85024,10.190532,35.675703,10.891763,161.0
35.926795,10.576674,37.273705,9.860322,179.025
36.732048,10.250716,36.411309,10.704136,67.382
36.84272,10.137313,36.847818,10.200425,7.644
35.928859,10.575706,33.319913,9.880461,324.328
36.874779,10.189766,36.8099,10.18746,10.17
36.80267,10.173096,36.805474,10.187448,1.859
36.867716,10.333677,36.822968,10.168068,18.395
36.784597,10.176545,36.79883,10.203523,3.621
36.825764,10.212684,36.663949,9.088141,118.317
36.786706,10.174907,34.924642,8.127381,316.198
36.886399,10.184188,32.931435,10.44405,477.259
36.893802,10.190901,36.925527,10.276136,11.032
36.666919,9.083172,36.812234,10.178616,112.231
36.814862,10.234175,36.872283,10.190163,9.109
36.814668,10.158483,35.929448,10.576996,114.644
35.281125,10.947269,36.880699,10.337032,210.13
36.874931,10.220054,36.811167,10.176199,10.443
35.284313,10.945352,36.798437,10.59227,179.659
33.117672,9.052541,36.047615,10.51138,368.635
36.883122,10.154327,36.874909,10.21957,7.483
36.758422,10.229481,36.477768,8.7855,142.128
36.870413,10.195794,36.356651,9.183829,124.394
36.812866,10.235722,32.934347,10.456172,474.342
36.830514,10.209427,36.860516,10.140199,9.132
36.801679,10.586799,35.9237,10.579663,103.644
37.269314,9.855499,35.279811,10.952274,255.659
36.477568,8.788144,36.815784,10.229053,137.665
36.789467,10.175424,36.511692,10.5014,48.491
37.272824,9.872089,35.670857,9.107218,195.521
36.814429,10.226133,36.890446,10.190599,12.474
36.858073,10.14045,36.836679,10.227869,10.139
36.728824,10.738451,32.932947,10.448933,466.857
33.881586,10.096234,36.875809,10.337356,367.696
36.648543,10.735079,36.558834,10.670132,14.724
36.043849,10.515588,36.820719,10.160895,101.75
37.277319,9.859647,35.672429,10.896659,214.628
36.404937,10.698764,36.852212,10.091678,84.96
33.880529,10.097518,32.93236,10.451617,122.269
36.66371,9.086574,36.787986,10.171658,107.268
36.051655,10.501513,36.881545,10.150527,111.664
33.316674,9.87791,36.40525,10.703684,383.343
36.848335,10.199398,35.285007,10.943784,206.447
36.798181,10.590086,36.83086,10.159738,42.804
34.430999,10.072608,36.05627,10.500914,197.491
36.831159,10.227297,36.798194,10.590846,36.69
36.87237,10.219082,36.826721,10.207768,7.366
37.279092,9.86728,36.818449,10.171995,73.026
36.844216,10.090946,36.800201,10.183086,12.764
36.184388,9.552291,36.831214,10.223435,104.842
36.650423,10.742536,36.874023,10.190094,67.089
36.840398,10.135536,35.288249,10.9553,223.58
36.64455,10.732484,36.513213,10.504434,31.275
36.65201,10.736424,35.677263,9.110857,206.121
33.112158,9.049434,36.557085,10.672604,456.568
36.821564,10.170648,36.649945,10.738927,63.277
36.875605,10.191543,36.737473,10.255058,18.391
36.870478,10.193758,36.758975,10.223827,15.8
36.052828,10.508914,36.504402,10.510507,61.541
36.801847,10.172275,36.831102,10.162754,4.281
35.284408,10.952057,36.354201,9.183135,215.167
36.819981,10.155299,36.829524,10.207236,6.415
36.798997,10.173491,36.815924,10.181145,2.592
34.34631,10.553514,34.923616,8.130109,242.441
33.881421,10.098181,36.797707,10.20448,356.652
33.119354,9.044405,35.278875,10.952077,317.128
35.928649,10.578653,36.838533,10.134277,125.631
36.842641,10.091052,35.677661,10.895712,162.956
36.807146,10.180376,34.357787,10.556898,299.174
36.886846,10.193925,36.401536,10.69877,89.815
36.861618,10.141304,36.180797,9.549753,103.967
36.848447,10.197235,35.669766,10.899051,169.972
34.373011,8.82749,35.502682,11.04614,265.616
36.875825,10.338697,36.827225,10.208753,15.714
36.477313,8.785442,36.866759,10.216165,151.949
36.84367,10.19233,36.653035,10.738054,63.594
35.500098,11.043089,36.874813,10.192848,182.497
36.728907,10.247804,35.670018,9.105818,178.012
36.408975,10.701534,36.827624,10.207809,78.887
33.882019,10.097184,36.828746,10.211969,361.011
36.790687,10.177039,34.350447,10.557249,324.307
36.411672,10.699276,36.831415,10.210406,74.477
36.89058,10.193997,36.833565,10.223182,8.721
36.410283,10.701345,36.185194,9.558321,115.9
34.924671,8.126032,36.795824,10.585751,346.843
35.28308,10.952255,35.671926,10.89804,54.431
36.865588,10.217916,36.047742,10.506424,102.489
33.878468,10.099319,33.319108,9.879268,81.104
33.880111,10.099923,36.843059,10.129678,339.497
34.374855,8.825159,35.675222,10.89024,253.498
36.832842,10.211007,34.737932,10.763548,250.326
36.824733,10.212663,36.823268,10.157167,6.206
37.277337,9.864239,36.356568,9.180845,125.724
36.884199,10.155211,34.92234,8.134433,309.137
36.50646,10.505246,35.673195,10.896681,117.135
36.81543,10.166375,36.812246,10.231872,7.986
36.86852,10.191083,36.729636,10.258386,20.98
35.50616,11.04558,37.27555,9.859336,252.163
36.80038,10.206155,36.890652,10.192187,13.939
32.926807,10.45297,36.727227,10.732031,472.713
33.123194,9.057495,36.835761,10.158403,457.793
36.83029,10.21264,36.875892,10.110356,14.341
36.852161,10.193215,36.82059,10.153986,6.496
36.881517,10.342647,36.885685,10.158906,19.389
34.3473,10.543782,36.874273,10.101196,319.931
37.272364,9.866218,36.83979,10.13129,63.059
36.760034,10.231295,36.802075,10.180397,9.093
33.122742,9.050297,36.860354,10.138938,505.825
36.847972,10.197748,35.678022,10.896851,163.805
36.888322,10.189968,36.64846,10.736477,69.674
36.822751,10.161138,36.85116,10.189212,5.315
35.671567,9.107398,37.278771,9.861758,205.029
35.676246,10.895355,36.795963,10.174468,151.46
34.376731,8.832641,36.830952,10.214587,326.903
36.822191,10.150617,36.810921,10.178051,3.544
36.660703,9.086819,36.507125,10.505284,145.209
35.280266,10.949842,36.56348,10.670999,157.806
33.31759,9.881239,36.471618,8.784311,395.443
34.925266,8.126295,36.727464,10.733984,351.84
35.673274,10.902462,36.73613,10.249219,145.665
36.406451,10.700344,35.931284,10.577813,62.017
36.758458,10.227788,35.932568,10.569944,110.989
36.928553,10.27572,36.759424,10.227287,21.083
36.879695,10.15454,36.829336,10.210628,9.231
34.435543,10.069028,36.798889,10.167742,281.053
34.736268,10.763842,36.874385,10.3445,260.962
33.319272,9.889185,36.807745,10.177313,441.948
36.87866,10.101625,36.842874,10.137428,7.037
36.823948,10.156434,36.81608,10.228452,8.794
36.730222,10.25702,36.825943,10.163224,17.762
36.887551,10.155562,32.923603,10.454151,499.718
36.878317,10.194355,36.885186,10.153728,4.385
36.731265,10.738033,34.738644,10.762706,262.621
35.502354,11.041404,36.839849,10.133099,186.978
36.183125,9.559642,36.046526,10.508348,96.691
34.923488,8.126134,34.431319,10.077182,214.413
35.918379,10.576681,36.786155,10.171076,115.542
34.370431,8.832233,35.284166,10.946764,247.168
34.436034,10.07913,36.410162,10.706585,258.401
36.828997,10.156359,36.5602,10.674476,68.812
36.825003,10.163579,36.874887,10.106208,9.134
32.928035,10.457928,36.506786,10.506813,459.052
36.84282,10.093898,36.798287,10.587679,54.186
36.049222,10.509034,36.793046,10.201104,94.605
36.801535,10.204052,34.428208,10.072286,312.226
35.673725,10.893655,36.893775,10.194117,161.632
36.79581,10.593735,36.854059,10.198132,40.973
34.375288,8.826869,36.802853,10.589553,329.714
36.853786,10.143943,32.929,10.451522,476.653
36.467266,8.783869,36.729195,10.248972,154.057
36.82916,10.227397,36.877084,10.192108,7.512
37.282059,9.870121,36.412421,10.705145,140.177
36.843107,10.135043,34.374624,8.824006,343.994
36.835656,10.228929,36.875878,10.194012,7.17
36.799742,10.174908,36.873986,10.193104,10.993
37.274699,9.863535,36.836716,10.227909,71.804
36.825449,10.1561,36.823692,10.162657,0.932
35.925528,10.573989,33.879538,10.103275,248.333
36.659737,9.084839,36.184048,9.553683,74.491
36.478268,8.78779,36.845572,10.137207,149.085
36.475847,8.778845,36.88161,10.341207,163.265
35.676681,10.896786,32.927182,10.449447,326.469
36.664415,9.093034,34.740716,10.757258,287.659
36.407187,10.700757,32.927994,10.450428,421.829
36.848222,10.194847,36.859331,10.217306,3.364
36.650861,10.740403,36.512388,10.510826,30.53
36.832643,10.159911,33.883586,10.098794,362.147
35.505695,11.042878,36.85796,10.138087,186.367
36.930295,10.280106,35.924892,10.572914,127.541
36.81135,10.229193,36.84946,10.18959,7.446
36.819343,10.228932,36.871031,10.19386,8.731
36.800598,10.200599,32.928197,10.452006,481.741
36.830527,10.161324,36.808782,10.180234,4.021
36.874048,10.194097,36.823404,10.156803,8.322
35.928729,10.574243,33.120706,9.052612,405.072
36.875598,10.195339,33.318636,9.880127,474.595
36.811095,10.177857,36.819224,10.152902,2.856
36.79844,10.584338,36.817874,10.226225,38.767
36.85758,10.138467,36.870139,10.220381,9.757
36.817937,10.170187,35.674538,9.109497,178.377
35.284775,10.950052,36.793691,10.17165,201.087
36.829753,10.211133,36.874725,10.108935,12.436
36.815037,10.177166,32.932726,10.454349,480.615
34.371459,8.830309,36.82126,10.156879,323.57
35.926135,10.572623,36.813014,10.168687,118.328
36.649299,10.734654,34.92845,8.127265,327.438
35.500977,11.037686,36.834255,10.208805,184.106
35.284831,10.949333,36.830035,10.210221,203.665
36.757009,10.227855,32.927219,10.446825,443.886
34.923794,8.132419,33.319574,9.883297,264.101
36.836314,10.233706,36.833498,10.157369,9.128
36.821255,10.229505,36.879118,10.153134,13.162
36.850153,10.198269,33.122696,9.049028,464.878
36.820129,10.164822,36.796575,10.207165,6.281
36.821154,10.164159,34.746536,10.758976,264.821
35.928933,10.571363,36.048279,10.508471,17.497
36.868342,10.21743,35.28028,10.95133,217.524
36.735241,10.251902,36.816509,10.168451,14.19
36.662472,9.085535,36.807736,10.180686,116.509
36.728004,10.737668,36.861741,10.144321,62.305
34.4304,10.073052,36.89305,10.18798,293.444
36.800863,10.589077,36.89118,10.190796,40.982
36.648124,10.741298,34.372237,8.824861,344.075
36.473619,8.782721,36.757151,10.225688,144.224
32.925935,10.45168,36.404146,10.696369,421.949
34.427044,10.073788,36.803364,10.201796,295.158
33.875586,10.089774,36.836605,10.230664,355.43
36.734566,10.255441,36.054773,10.509923,96.285
36.79897,10.207418,36.831082,10.227194,4.836
36.867984,10.218891,36.567413,10.672775,63.054
36.827727,10.205666,36.81885,10.16424,5.21
35.502296,11.040011,36.863236,10.143499,195.072
36.845594,10.088423,36.829825,10.209145,14.427
36.873524,10.1948,36.181957,9.557987,111.051
33.119581,9.047906,36.861564,10.137077,480.262
36.814447,10.22863,34.348583,10.552279,297.08
36.185395,9.552948,36.821837,10.152625,98.211
36.757979,10.222309,35.28585,10.953585,195.203
36.868483,10.218994,36.648646,10.739163,63.214
36.875559,10.338243,36.790875,10.175053,21.938
36.177136,9.557233,35.676283,9.105133,85.274
36.871008,10.193771,35.926354,10.576948,122.04
35.672199,10.893312,33.873389,10.101495,243.782
36.876493,10.341076,36.864324,10.140232,20.664
36.841595,10.092111,36.75865,10.224885,20.591
36.185662,9.560284,36.798575,10.17564,98.481
36.796484,10.199724,36.811103,10.223358,3.473
34.427363,10.070682,36.823535,10.155281,284.934
36.857868,10.136731,36.872454,10.195447,7.307
36.85283,10.088067,36.897668,10.18736,12.448
36.831401,10.226577,34.372864,8.833012,354.403
36.411008,10.7047,36.885133,10.151999,83.162
36.8877,10.192456,35.50207,11.035386,190.122
32.927146,10.453749,36.661318,9.078015,509.364
36.836681,10.158073,32.931183,10.453882,493.938
35.677661,9.105311,34.91632,8.125865,127.631
35.505418,11.043311,36.841458,10.092709,200.985
34.342498,10.551722,33.882196,10.100782,75.173
34.371131,8.832727,35.926614,10.575483,266.411
35.503339,11.047185,36.842719,10.089204,180.448
34.747435,10.759892,36.83118,10.223778,262.258
36.181175,9.558485,36.786271,10.178452,92.533
36.728273,10.73587,36.805398,10.170902,56.409
36.827129,10.160938,36.892944,10.183938,9.122
34.371741,8.8306,36.89222,10.188998,324.786
36.800872,10.170136,35.505731,11.039717,179.272
36.824718,10.15376,36.813499,10.181279,3.914
36.820891,10.15312,36.803817,10.185645,4.361
36.665147,9.089347,37.272729,9.86221,100.497
35.502435,11.041265,36.833886,10.222359,194.674
36.656951,10.739082,36.881342,10.15823,69.67
36.800164,10.203525,36.47579,8.785859,144.977
36.872356,10.339845,36.788571,10.177875,21.257
36.923644,10.278249,36.874795,10.10171,18.161
36.786008,10.175916,36.875081,10.334494,20.464
36.80409,10.178398,34.428654,10.071465,279.6
34.369198,8.836081,34.346879,10.550251,166.66
36.834424,10.155784,36.82939,10.20815,6.163
36.816775,10.168369,34.737789,10.754035,279.268
36.728463,10.741131,36.835986,10.089633,67.637
36.834406,10.226863,36.051571,10.508788,102.064
36.510963,10.504243,36.758492,10.226122,41.201
33.122151,9.045384,36.806015,10.177903,475.908
36.739021,10.256171,36.857105,10.135019,20.047
35.677313,10.891972,36.647368,10.738358,122.072
36.929648,10.274818,36.832502,10.214019,14.193
34.430959,10.075734,34.735847,10.758349,84.316
36.799702,10.170594,36.821723,10.153211,3.442
34.349062,10.556253,32.93281,10.449689,187.287
36.477959,8.785763,36.403659,10.701529,195.298
36.820458,10.229177,36.406502,10.705805,70.183
36.053741,10.510048,33.323663,9.884257,334.57
36.508886,10.504144,34.741603,10.757003,211.436
36.890231,10.189119,35.501379,11.045537,204.261
36.798854,10.174335,36.882785,10.15386,12.801
32.930472,10.454859,36.356118,9.179549,450.49
35.278651,10.951068,33.319357,9.881005,281.072
36.810513,10.188664,35.673424,10.895002,164.388
36.843099,10.088548,36.891804,10.190895,13.4
34.344227,10.552899,35.673218,9.107233,232.028
36.877322,10.157832,36.758628,10.231328,20.191
37.27008,9.868267,36.809354,10.180673,69.244
34.346139,10.54948,36.474342,8.788259,309.834
35.927291,10.573107,36.826619,10.207458,114.384
36.804025,10.176853,36.508761,10.50456,47.838
36.793228,10.17643,35.282533,10.946579,205.619
35.921485,10.576844,36.829311,10.159594,112.497
36.047955,10.506573,36.661374,9.084236,159.931
35.287528,10.947111,37.27868,9.86793,263.372
36.829883,10.212685,36.852222,10.194324,3.692
36.873486,10.33643,36.849556,10.197133,15.649
36.876868,10.191397,36.785554,10.17703,12.919
36.831185,10.229436,36.83287,10.210144,2.374
36.661553,9.084186,36.182116,9.557206,77.098
36.563377,10.669348,34.348348,10.547888,266.511
36.8011,10.180037,36.358143,9.176888,118.358
36.72666,10.732909,33.881663,10.095527,344.169
34.431139,10.0781,35.285628,10.943758,134.515
34.73788,10.758921,36.727529,10.738299,259.277
36.831015,10.211883,36.047056,10.503044,98.345
36.894449,10.189673,36.922964,10.273935,10.84
35.503007,11.043403,36.822351,10.229319,180.159
36.832567,10.212267,36.736571,10.253718,15.602
36.87241,10.334163,34.737668,10.762466,276.662
36.844031,10.090888,36.849438,10.197145,12.253
36.796026,10.20251,36.890733,10.188514,14.165
36.847665,10.093223,36.83624,10.136422,5.568
34.432452,10.077689,35.670019,9.102866,193.081
36.361638,9.181079,36.876193,10.193201,115.862
35.672613,10.898629,36.831836,10.21108,158.857
36.929505,10.273759,34.734176,10.763831,276.41
36.40508,10.704321,36.875806,10.340039,67.95
36.800306,10.168968,37.273759,9.86051,72.331
36.655201,10.739083,36.810842,10.181188,65.033
35.925085,10.577689,35.508946,11.043937,75.603
36.79884,10.588298,37.273193,9.874494,91.64
36.834222,10.232283,36.802693,10.198729,5.785
34.345593,10.553282,35.500423,11.042865,162.165
36.759101,10.229466,36.87904,10.342373,17.859
32.929718,10.450361,35.67412,9.107407,340.245
36.177449,9.55777,36.667622,9.091499,82.891
36.820025,10.164494,37.269921,9.865557,67.905
36.869986,10.223812,36.833797,10.228174,5.719
36.865823,10.219199,35.279811,10.95017,205.546
36.845754,10.0918,36.857307,10.197332,12.656
36.846015,10.137579,36.810762,10.180337,6.521
34.36728,8.833292,36.828654,10.229924,343.315
36.895472,10.188538,36.837782,10.135633,10.537
36.177923,9.552059,36.817753,10.228251,100.532
36.834862,10.165026,36.645074,10.739925,63.475
36.511116,10.508368,36.890256,10.156868,63.342
35.669369,9.106002,36.880145,10.102543,170.129
36.407496,10.705619,36.838968,10.157051,74.52
36.825845,10.225494,36.792475,10.175208,8.146
36.874355,10.222065,34.349162,10.551823,335.011
36.796138,10.583968,34.743693,10.758333,252.005
34.347357,10.550234,35.671398,10.901682,173.107
36.739991,10.248946,36.798978,10.202726,9.963
36.807565,10.180165,34.374416,8.832217,341.516
35.676136,10.893971,35.288339,10.948292,50.986
36.650732,10.740372,36.874027,10.343819,52.275
36.556054,10.673787,36.796843,10.591086,30.022
34.370914,8.826332,34.347537,10.550942,179.971
36.817805,10.156083,37.276484,9.863284,67.221
34.430113,10.075998,36.870687,10.226208,307.396
36.757485,10.225769,33.121649,9.051469,458.55
34.433835,10.0745,36.843726,10.088264,295.071
33.318256,9.882469,36.839806,10.13358,447.939
36.728158,10.742455,36.359651,9.179006,157.24
34.740165,10.758118,36.799916,10.172498,269.045
36.805166,10.179115,36.813644,10.184523,1.48
36.84476,10.191376,35.503943,11.047825,179.046
36.738675,10.25615,36.79958,10.202164,10.561
36.786794,10.175245,36.857136,10.14123,10.838
36.819123,10.164359,36.814227,10.232389,7.283
33.884816,10.102251,36.881338,10.105032,366.737
36.795783,10.586379,37.275791,9.861833,98.838
36.832798,10.164942,35.673965,9.101818,170.109
36.843459,10.091813,36.924348,10.271959,20.957
36.884047,10.157339,36.878258,10.33896,19.304
36.787235,10.166974,34.743372,10.758063,277.221
36.876122,10.191521,36.475397,8.781274,154.978
35.502508,11.040741,35.930467,10.578935,70.856
36.835725,10.224781,36.73254,10.738601,51.496
36.823587,10.163858,33.117093,9.04952,477.994
36.817196,10.163834,33.319963,9.884028,429.081
36.863498,10.138495,36.820642,10.168454,7.291
36.842117,10.133929,35.924466,10.576121,123.412
36.881416,10.102598,36.359685,9.18643,119.538
36.51351,10.503205,34.349501,10.550639,276.639
36.863743,10.219849,36.879734,10.188833,4.606
36.843463,10.137963,35.674052,9.110802,182.903
36.885001,10.157947,36.879557,10.343367,19.512
36.824837,10.152051,36.65105,10.74432,66.105
36.878341,10.155682,36.560638,10.666892,65.319
36.470725,8.786864,36.794266,10.590977,182.03
36.822001,10.163586,36.83753,10.16158,2.475
34.344816,10.552668,36.841188,10.091791,305.775
35.27875,10.948225,36.182088,9.560608,175.857
36.872735,10.220497,36.82147,10.151365,10.822
35.672627,9.108219,36.652683,10.735138,191.519
36.925011,10.272306,33.882385,10.096871,372.265
36.80072,10.171708,36.35563,9.183864,110.339
36.806113,10.184885,37.274288,9.861922,72.74
36.879147,10.156585,36.872161,10.105377,6.091
33.880016,10.095919,36.819513,10.159336,365.438
36.884427,10.158851,36.507456,10.505935,59.589
36.665581,9.086047,36.556816,10.676354,160.67
34.924612,8.122345,34.73975,10.762603,273.276
36.836119,10.15325,36.509149,10.507628,60.754
36.760126,10.228555,35.672022,9.1085,172.769
36.649268,10.743634,36.733112,10.254093,50.75
36.644252,10.735908,35.928901,10.572472,89.798
36.046402,10.50167,36.405559,10.707875,55.157
36.188808,9.556625,36.403271,10.702942,107.588
36.848324,10.19647,36.821399,10.154746,6.681
33.120909,9.056319,36.814826,10.179088,443.342
35.931802,10.567593,36.872741,10.332493,115.783
36.833966,10.220371,36.513721,10.503712,50.463
36.816155,10.180826,36.850825,10.196776,5.346
35.500415,11.04947,34.742734,10.762968,93.003
36.804682,10.170922,32.936002,10.448613,467.776
36.853274,10.198048,34.92889,8.130412,319.173
36.472738,8.786895,36.847091,10.096386,133.985
32.931918,10.45516,36.404268,10.699275,407.541
36.473182,8.786337,34.92464,8.123176,195.958
36.7612,10.221483,36.813463,10.228443,7.395
36.842618,10.092404,34.743746,10.76278,281.765
36.819009,10.167368,36.868523,10.221205,10.284
36.842431,10.140193,36.478938,8.790219,140.904
35.499959,11.038202,36.647173,10.735429,147.437
33.320874,9.886045,36.760765,10.231053,418.792
36.818649,10.231355,35.669865,9.10728,175.529
36.834056,10.226251,36.559524,10.675235,58.081
36.474394,8.779738,36.726972,10.739297,196.458
36.866388,10.225445,36.890842,10.188746,5.659
35.928775,10.577356,36.664645,9.085825,171.23
36.650269,10.739526,36.806751,10.182724,64.779
36.40197,10.701461,36.814909,10.186412,76.501
36.738852,10.255221,36.04662,10.505429,85.928
36.357566,9.183987,36.735358,10.25596,112.768
36.805341,10.169842,36.922601,10.275592,18.468
35.925175,10.578584,36.816922,10.231246,111.443
36.473662,8.777023,37.271476,9.863342,158.119
36.728633,10.736503,36.92617,10.273587,54.946
35.677776,10.897297,32.930376,10.450626,316.317
34.429841,10.07582,36.056486,10.505694,216.684
32.932045,10.451712,36.754329,10.223524,456.973
36.808229,10.183125,34.736397,10.759669,274.031
36.80036,10.168085,34.344438,10.553461,326.674
36.795421,10.58607,32.931041,10.449441,469.133
35.282497,10.951043,36.833399,10.223657,208.558
36.803935,10.167283,36.832861,10.162563,4.412
37.267343,9.866615,36.874014,10.190318,63.821
32.932325,10.445828,36.816957,10.232381,503.825
35.675505,9.108165,36.560149,10.674721,190.232
36.358935,9.183815,36.650234,10.746768,160.108
35.497438,11.039103,32.936286,10.451758,336.335
36.888761,10.188676,35.930658,10.577072,117.041
36.053542,10.503185,36.358959,9.188207,132.912
33.314001,9.881856,36.868096,10.216648,462.116
36.802516,10.176224,33.323916,9.88262,406.834
35.289553,10.950496,36.86825,10.192804,219.24
36.810688,10.181816,33.315491,9.883744,439.444
36.652936,10.734243,36.818578,10.229709,59.133
36.860307,10.141098,36.660436,9.090864,110.782
34.918561,8.129846,36.88004,10.107184,316.185
35.928569,10.577159,36.40256,10.698823,64.439
36.879581,10.107283,36.356844,9.187288,105.692
34.920651,8.124026,36.402698,10.706144,301.977
36.409983,10.700884,35.670932,9.102164,193.131
36.735734,10.25331,36.654579,9.081316,118.347
32.929984,10.454497,36.404345,10.703599,414.843
36.183378,9.556308,36.886339,10.154983,112.03
36.922598,10.273778,32.93369,10.4495,495.079
36.78944,10.177566,36.853483,10.194027,8.908
36.798415,10.590557,36.185797,9.551243,123.103
35.506752,11.045352,36.66333,9.089599,227.906
36.182914,9.553014,35.924223,10.577668,113.192
34.43758,10.072537,36.832325,10.158216,304.709
34.345719,10.552673,36.506752,10.512914,259.011
36.835837,10.133515,32.933293,10.453626,493.547
36.811823,10.180409,36.820427,10.177828,1.507
35.501973,11.036456,36.844113,10.14196,193.928
36.879221,10.155156,36.505337,10.507739,63.773
36.723807,10.740861,36.92264,10.27676,52.883
34.429948,10.072978,36.820874,10.165211,314.744
36.803607,10.180661,36.730932,10.257297,15.121
36.886432,10.150109,36.812138,10.181257,10.613
37.275581,9.866769,36.66289,9.087588,110.875
35.281464,10.953834,36.861555,10.142436,223.52
36.815207,10.181258,36.88198,10.154088,10.14
36.872769,10.104084,35.498827,11.039447,196.631
35.672408,10.897055,35.921495,10.581654,49.544
36.739648,10.253498,34.73845,10.755788,237.687
36.651859,10.738625,34.34564,10.554145,287.796
36.475791,8.786443,36.818374,10.16408,147.581
36.847286,10.198575,34.426816,10.07742,300.15
34.369836,8.833028,36.878677,10.338531,341.22
36.831875,10.227052,36.819709,10.22793,1.865
36.926112,10.275466,34.348784,10.547698,300.918
36.929495,10.271422,36.649856,10.734609,57.025
36.802951,10.208708,36.733852,10.25906,11.781
36.183455,9.555989,36.790709,10.178727,102.701
36.818903,10.168046,36.670837,9.089755,114.563
34.740678,10.761531,36.843684,10.089576,259.87
35.282056,10.948341,35.50223,11.034998,31.255
33.883384,10.093194,36.866133,10.220302,368.514
36.732236,10.250825,36.187633,9.559796,93.71
36.664993,9.082647,34.438879,10.075203,288.616
36.827594,10.20859,33.117824,9.051073,457.487
33.313979,9.87918,36.651519,10.740794,454.801
36.829407,10.204631,34.741727,10.758476,271.144
36.508168,10.506988,36.821242,10.156718,51.6
33.880801,10.101584,36.663672,9.092523,353.29
35.924865,10.573479,36.785165,10.171347,107.168
36.829148,10.224909,35.668502,9.105984,196.065
35.678084,9.106005,34.43364,10.069446,190.314
35.499977,11.043262,36.513384,10.504914,131.232
36.558668,10.676898,36.185528,9.560732,119.443
36.875338,10.33348,36.867718,10.213989,13.422
36.928214,10.276042,36.879606,10.105414,18.088
36.856144,10.141161,35.673813,9.106841,182.716
35.929093,10.576043,36.874194,10.19338,132.506
34.924079,8.121783,35.928702,10.573517,284.269
36.864649,10.213597,35.279054,10.948448,209.34
36.819761,10.16319,36.644443,10.736449,62.116
36.047701,10.50529,36.358031,9.183967,147.178
35.281639,10.952079,36.504218,10.508521,159.61
37.2773,9.863436,36.875137,10.194674,64.267
36.829204,10.211454,35.669142,10.893589,148.27
36.8355,10.154826,35.675839,10.896843,164.517
36.179254,9.55696,36.802892,10.179669,98.911
35.501453,11.042705,35.674984,9.107345,192.326
36.891732,10.185635,36.805224,10.18118,12.845
36.807973,10.179662,36.728843,10.730169,57.227
36.79553,10.204318,36.852116,10.194996,7.853
36.726722,10.73651,33.11622,9.056824,477.35
36.80601,10.183199,36.823269,10.16869,3.226
32.926644,10.449616,36.819907,10.227404,513.573
33.123412,9.050498,35.929153,10.574074,359.501
36.736974,10.254079,36.729253,10.738187,51.168
36.667727,9.08789,36.873949,10.192135,116.296
36.865498,10.221231,36.837092,10.162096,7.704
34.369822,8.831045,36.819019,10.163661,352.31
36.874167,10.109461,35.676518,10.89553,158.228
37.279848,9.864543,36.180274,9.561331,132.853
32.934525,10.451152,36.405829,10.697796,422.076
36.797834,10.591778,36.800212,10.204698,43.168
36.758215,10.221013,33.321333,9.884369,447.188
36.816569,10.16776,36.512551,10.499467,56.642
36.798805,10.206182,36.849525,10.087254,16.423
36.644227,10.737614,37.274623,9.862578,113.345
36.759903,10.226755,35.285082,10.950292,210.438
33.872287,10.094189,36.511533,10.505743,318.264
36.932556,10.276597,33.884634,10.094531,390.653
36.796796,10.20866,36.876265,10.190598,11.882
35.674124,10.895455,35.924286,10.57771,49.147
36.877187,10.197136,36.838064,10.13164,9.282
36.799034,10.210919,36.660683,9.088107,111.317
34.742498,10.757484,36.510475,10.50699,222.229
36.185025,9.556444,36.649686,10.743165,126.209
36.816739,10.230617,36.851867,10.192206,6.819
36.890013,10.190732,36.733748,10.252063,22.292
36.358993,9.181013,36.821971,10.169498,115.839
36.839572,10.237002,36.877206,10.341847,13.469
34.43577,10.076629,36.833979,10.227099,298.322
36.791593,10.176858,36.405938,10.697996,74.703
36.182271,9.554613,36.84797,10.191829,111.029
33.117209,9.041919,36.82679,10.155717,462.543
34.736425,10.76076,36.838547,10.153993,264.794
37.274612,9.868636,32.930825,10.450382,570.45
36.821753,10.155965,37.276187,9.867564,69.656
36.664336,9.086524,36.792525,10.174789,105.068
36.802541,10.202209,36.846897,10.087249,15.638
36.799447,10.59037,36.840861,10.136825,47.194
36.817021,10.231245,36.823785,10.16625,7.772
36.664794,9.08736,36.509739,10.512033,140.24
36.92974,10.2746,35.675343,9.104333,189.542
34.43132,10.070214,36.80233,10.170092,291.205
37.273544,9.863987,36.8209,10.154971,69.076
34.372945,8.824853,36.831659,10.212059,351.594
33.880784,10.098182,36.800889,10.204078,366.705
36.81267,10.173696,36.563229,10.678852,64.51
34.350619,10.549056,36.648585,10.743726,280.904
36.823196,10.163242,33.876594,10.09477,374.598
36.729728,10.740298,36.853076,10.195477,59.29
36.049025,10.502106,34.924596,8.123908,291.503
32.930519,10.452217,36.728557,10.738011,457.862
36.797426,10.598522,36.176452,9.556329,129.997
36.784256,10.174654,33.316799,9.886606,439.406
36.847435,10.131348,36.882346,10.156199,5.527
35.925261,10.574885,36.797824,10.59191,110.632
36.798908,10.172511,34.429713,10.075159,302.547
36.868428,10.216884,34.371389,8.831386,332.821
36.808116,10.186881,36.660231,9.08764,116.448
36.479012,8.78384,36.645229,10.738568,189.123
33.875901,10.097025,36.729925,10.73638,337.732
33.317166,9.882483,36.863671,10.141188,438.886
35.66567,9.105515,36.823509,10.154806,176.005
36.848027,10.19514,37.278354,9.865282,63.734
36.476986,8.780375,36.88492,10.154282,150.191
36.472987,8.781363,36.186475,9.560497,89.379
36.480043,8.786053,34.429155,10.068967,293.421
35.673198,9.105312,35.280198,10.945099,195.388
33.116239,9.043357,36.805168,10.18048,452.983
36.871303,10.192138,33.323955,9.880443,436.1
36.867121,10.220546,33.315019,9.882664,445.402
33.122172,9.054915,35.668887,10.892902,362.404
35.675921,10.893176,36.80219,10.20116,151.17
36.733493,10.251207,36.831364,10.224301,13.262
36.660976,9.084167,34.366814,8.826092,267.037
36.845408,10.140197,34.738282,10.761785,277.573
36.051827,10.505377,36.73051,10.739911,91.331
36.737995,10.250039,36.81512,10.181224,13.907
35.501971,11.039862,36.734504,10.252067,176.728
37.277768,9.861616,36.667789,9.084429,105.245
37.276663,9.865672,36.842774,10.135053,62.821
36.184713,9.562116,36.661473,9.088494,77.21
36.757419,10.229196,35.934617,10.574117,99.77
35.927729,10.569967,36.849517,10.194947,126.473
34.345889,10.556141,36.050792,10.50901,204.678
36.878532,10.110397,36.800095,10.592303,52.645
36.810452,10.184924,36.83393,10.226041,6.222
37.270597,9.860562,35.672267,9.10752,213.616
36.923817,10.275283,35.279969,10.947928,207.074
36.649929,10.738213,36.357891,9.173448,168.248
36.806913,10.181619,36.757693,10.224633,9.491
34.433599,10.078453,36.85428,10.191057,323.143
36.408275,10.702472,34.347285,10.55165,253.706
33.119032,9.051851,36.878167,10.337406,450.031
34.373939,8.82841,36.813452,10.179755,340.9
32.928739,10.455203,34.741717,10.75871,224.479
36.049307,10.503071,34.741799,10.764866,155.159
36.40951,10.700045,35.677697,9.11105,173.869
36.870172,10.219998,36.655468,10.74356,58.928
36.762884,10.227847,35.282026,10.947003,208.014
34.349433,10.551548,36.844161,10.09351,301.379
33.879773,10.099279,35.284457,10.948362,201.02
36.806092,10.177383,36.869216,10.201344,8.749
35.675922,9.107995,37.271834,9.865251,214.905
35.501142,11.046047,36.467304,8.783634,243.271
36.803125,10.205664,36.833966,10.213746,4.235
35.278689,10.944794,36.760136,10.224497,184.043
36.760206,10.227731,36.860333,10.142674,15.79
36.928189,10.273633,36.888385,10.188051,11.419
37.276895,9.863344,36.800148,10.591585,97.617
36.869103,10.218666,35.677136,10.898086,164.131
36.820854,10.152443,33.320462,9.883201,443.036
36.841132,10.135093,36.647059,10.738135,70.587
36.407925,10.70551,36.87338,10.103997,86.624
36.830941,10.231017,36.754146,10.219435,11.043
32.925746,10.450886,36.833658,10.155327,505.349
36.840525,10.130512,33.315975,9.882424,427.015
35.49863,11.042489,35.674514,9.104201,210.847
36.833901,10.157778,33.317433,9.881066,411.549
33.119116,9.046298,36.815785,10.170073,493.401
36.872403,10.106239,33.882905,10.1027,390.495
36.8746,10.191829,36.757636,10.228443,17.727
36.818077,10.162821,34.433217,10.078047,278.418
36.824517,10.162702,35.674464,10.89513,161.123
36.731568,10.253351,36.887623,10.156167,22.492
36.873993,10.103978,36.874305,10.19028,9.291
36.666433,9.089084,36.873761,10.194218,109.749
36.555728,10.675057,36.797957,10.207202,56.07
36.178832,9.556522,36.835172,10.228776,109.349
33.121651,9.050246,36.81705,10.166261,466.221
36.359289,9.184697,36.807555,10.177515,120.535
36.784684,10.169839,36.818733,10.17053,5.211
36.878257,10.339622,36.861999,10.138547,21.839
36.727748,10.254198,36.659623,9.086501,118.205
36.851294,10.192409,36.357984,9.185495,115.847
35.504228,11.038832,36.358867,9.181929,209.467
36.871175,10.191356,36.800172,10.593098,39.697
36.047776,10.505796,36.727443,10.743102,87.109
36.356988,9.184706,36.843752,10.131503,112.977
36.817419,10.167737,36.753165,10.224885,11.366
36.179782,9.554993,36.048049,10.505403,97.023
36.890512,10.155572,36.810224,10.178783,12.694
33.31888,9.879634,36.478054,8.786622,401.165
34.431394,10.073337,36.807161,10.178149,283.12
36.829178,10.227307,33.879873,10.09871,354.149
36.559465,10.677272,35.671688,10.897766,112.486
36.813668,10.178403,33.116111,9.051731,479.131
36.722845,10.736201,35.675091,9.106754,217.183
36.871475,10.196597,36.559393,10.673504,60.682
36.828717,10.209327,36.758436,10.223463,9.538
36.05814,10.506051,34.920722,8.129797,273.234
36.84911,10.190873,36.731456,10.735951,55.528
36.47208,8.78476,36.813392,10.176914,153.368
36.05078,10.506743,36.838992,10.093164,112.108
36.838121,10.13161,36.869865,10.195283,8.44
36.873563,10.100122,32.93424,10.451979,470.464
33.882792,10.093729,36.819903,10.150333,363.95
35.673867,9.104394,36.809146,10.181404,169.062
33.884643,10.102296,35.927643,10.57402,263.202
36.876351,10.101251,36.826083,10.212791,13.646
36.734239,10.249966,36.837111,10.232922,15.758
36.477706,8.782626,36.87852,10.343128,165.106
35.931157,10.573526,36.647108,10.736816,90.423
36.92912,10.271844,36.835583,10.136754,17.414
33.880762,10.101049,34.347806,10.552717,80.786
36.822609,10.162201,36.799992,10.170035,3.339
36.833479,10.157627,34.428553,10.077004,313.965
34.925778,8.129756,34.432365,10.071076,192.308
34.437004,10.083785,36.560747,10.680579,274.044
36.404298,10.697041,36.83157,10.221771,71.733
36.782146,10.175061,36.186251,9.556149,99.954
36.73269,10.742078,36.816101,10.154963,66.092
36.81466,10.227144,34.924948,8.119307,329.364
36.812136,10.18009,36.51481,10.504078,47.744
34.428849,10.075323,36.798113,10.205311,280.117
36.846183,10.189349,36.562089,10.671443,61.996
34.426861,10.072647,36.182725,9.550371,230.533
36.808462,10.178823,36.796618,10.171549,2.326
36.731441,10.249621,36.814652,10.181655,13.621
36.820802,10.149882,36.786913,10.174959,5.923
36.840549,10.088697,36.820199,10.163928,8.421
36.879136,10.104887,36.731096,10.247514,23.343
34.429693,10.072604,34.923792,8.136722,215.763
36.821122,10.170211,36.872761,10.198241,8.235
36.801883,10.175945,34.366909,8.827369,312.536
34.376792,8.831214,36.405665,10.70527,335.091
36.830156,10.224232,36.404486,10.702504,76.125
33.322535,9.87676,36.842999,10.092609,429.575
35.674114,10.891347,36.512109,10.501139,113.093
36.810442,10.177494,36.405154,10.708085,75.285
33.109398,9.045485,36.860022,10.142881,499.639
36.801108,10.204469,36.87896,10.338729,19.388
36.559753,10.675148,36.180196,9.557854,129.052
36.801639,10.172724,36.733831,10.257085,13.325
36.181673,9.555694,35.92699,10.575581,109.17
35.284808,10.95568,36.175764,9.562085,192.065
36.796826,10.169424,36.800248,10.20028,3.428
36.042036,10.506135,36.864855,10.218846,106.61
34.370677,8.832026,36.842068,10.138661,324.449
35.674519,10.894759,34.432133,10.077497,171.29
36.87704,10.193829,36.805286,10.206172,9.857
36.79804,10.172634,36.832583,10.205935,6.923
33.879758,10.096243,36.870398,10.220516,379.808
33.884597,10.098378,36.785646,10.172802,384.347
36.478044,8.784855,36.84155,10.091064,138.547
36.869504,10.219403,36.803252,10.170543,12.031
36.834617,10.229479,36.560437,10.677874,58.697
34.429323,10.072377,36.818519,10.227305,312.271
36.849338,10.131039,36.658699,10.739885,67.431
36.816182,10.166267,36.873845,10.193839,9.034
36.552535,10.670379,36.360922,9.187182,158.39
36.842204,10.134717,34.740093,10.767103,261.879
36.758178,10.227151,33.320515,9.886141,416.033
36.81549,10.165884,36.832767,10.226087,7.887
36.731366,10.740024,36.177955,9.549329,130.172
34.350079,10.548526,36.869799,10.22086,308.109
36.849429,10.195825,36.873264,10.347661,17.223
36.052385,10.505001,34.428048,10.075361,215.96
36.84535,10.098695,36.847522,10.132099,3.984
33.319703,9.877953,36.88396,10.150881,472.693
36.845907,10.137473,33.120756,9.049561,472.619
35.497043,11.04735,33.124354,9.051269,357.478
36.816191,10.169861,33.11828,9.0446,471.944
35.673176,10.891914,35.501895,11.040017,28.646
36.83011,10.227173,36.81243,10.180141,5.891
36.816611,10.171673,36.861787,10.141621,6.957
34.429198,10.073465,36.860222,10.139375,289.198
36.842529,10.130116,36.76149,10.226894,17.289
35.678002,9.105658,36.821784,10.15542,175.715
36.797212,10.208697,35.669813,9.113789,177.134
36.860545,10.14195,34.431399,10.078776,280.629
36.878523,10.337769,34.433086,10.071129,296.472
36.83845,10.135282,36.361743,9.182162,114.945
36.762716,10.225375,36.846638,10.191574,12.998
36.83184,10.208393,36.834228,10.160297,5.871
34.927063,8.128117,36.812367,10.227729,314.641
36.405204,10.700778,36.733572,10.25236,68.907
36.823572,10.158073,36.755271,10.224001,11.517
35.502392,11.03956,34.371882,8.823513,252.044
36.824785,10.159265,36.843068,10.138069,3.341
36.878643,10.152872,34.345219,10.550548,333.422
36.183317,9.554646,36.841654,10.094484,93.466
36.729914,10.740251,36.818838,10.163265,58.536
36.056532,10.505244,37.27306,9.8649,167.27
36.404239,10.703344,36.851379,10.191462,75.718
36.810085,10.177467,36.87619,10.190422,9.515
36.929449,10.275409,35.284766,10.954671,202.486
34.375315,8.831341,36.845094,10.091679,353.994
35.927048,10.572295,36.665451,9.083939,186.347
36.847352,10.191409,36.839265,10.228597,4.544
36.796778,10.587032,34.739381,10.764186,261.805
34.736169,10.758571,36.865622,10.213586,254.587
36.048962,10.503886,36.803655,10.180615,100.639
34.73594,10.767366,36.877004,10.106516,280.838
36.787268,10.173342,36.797083,10.586214,42.535
36.817389,10.226823,36.179106,9.557519,103.247
36.793037,10.208201,36.877976,10.1052,17.43
36.512864,10.506494,34.373088,8.831266,315.857
36.829165,10.161534,36.873597,10.194915,7.557
34.374095,8.833298,36.845017,10.093879,325.513
36.831834,10.228658,36.859939,10.13792,11.442
36.667527,9.088611,35.286999,10.954881,243.324
36.557313,10.672618,36.840873,10.157437,67.975
36.92499,10.280468,36.356137,9.182346,128.156
35.672406,10.893076,36.833662,10.158897,160.657
36.738614,10.252821,36.409103,10.697589,59.312
36.820553,10.166933,36.814797,10.180453,1.94
36.797745,10.200526,36.831055,10.214421,4.995
35.67389,9.108922,34.73851,10.759403,193.331
35.66977,9.111174,36.661669,9.085101,125.202
34.350582,10.556038,36.862932,10.136777,293.053
36.731968,10.251961,36.807601,10.181442,13.664
36.733704,10.25461,36.563403,10.673161,46.751
36.803476,10.205256,34.429708,10.076302,286.072
36.832081,10.21213,32.93379,10.449346,485.801
34.350268,10.559248,36.883185,10.155184,334.632
36.405114,10.700302,36.928496,10.265577,82.754
36.840804,10.091052,36.79834,10.590138,55.106
36.847939,10.195462,35.667227,9.107936,177.95
34.373403,8.836347,36.832175,10.229238,346.514
36.842865,10.094706,36.837301,10.159795,7.922
36.843429,10.094464,36.800302,10.586503,53.499
36.355465,9.184388,36.66815,9.084417,40.949
36.849474,10.192119,36.397501,10.701553,82.422
35.67857,9.105383,35.673332,10.899201,176.615
35.287413,10.954171,36.932615,10.274445,216.607
35.926499,10.569435,36.649018,10.737304,93.326
36.354465,9.180779,36.848967,10.196388,123.999
36.802942,10.174437,36.92975,10.273192,18.866
35.283087,10.949137,35.67785,10.898829,53.789
36.655376,10.740723,36.81529,10.18253,61.96
35.67517,10.89603,36.805224,10.178549,165.11
36.762658,10.223028,36.848605,10.089186,17.497
36.735593,10.255567,36.830553,10.15986,17.985
36.835522,10.133917,36.512265,10.508375,59.227
36.829074,10.220283,32.930259,10.453879,463.98
36.889259,10.187818,36.874101,10.335631,17.638
34.438773,10.072642,36.646106,10.741164,274.904
37.273372,9.870144,34.343286,10.556061,382.058
34.349703,10.554478,37.278199,9.86891,358.571
36.180806,9.557063,36.876152,10.195542,113.709
36.819987,10.157343,36.50314,10.506032,57.75
36.878136,10.103198,33.120841,9.049898,469.854
36.816534,10.167936,36.828086,10.226281,7.44
34.741079,10.760408,36.820295,10.157549,247.745
35.673677,10.901132,33.878122,10.096205,226.636
36.872912,10.340055,36.556787,10.675617,51.815
36.473591,8.780732,36.852968,10.193205,141.319
35.506111,11.040194,36.797429,10.20598,184.956
36.830663,10.224608,36.654035,10.73878,62.265
36.927769,10.274592,35.50354,11.037758,199.34
36.799161,10.587877,35.926703,10.584015,106.316
34.370164,8.828672,34.921991,8.132341,97.342
36.842039,10.131508,34.932068,8.125383,290.172
36.829957,10.157003,36.731036,10.735433,63.088
36.844139,10.089985,36.800534,10.169767,10.808
36.852752,10.193465,36.720002,10.736451,56.744
34.342325,10.553133,36.807727,10.183271,309.097
36.662285,9.090134,36.472141,8.786174,43.146
36.88696,10.152099,36.514567,10.505811,61.761
36.510046,10.504423,36.555861,10.670732,18.389
36.512463,10.507936,35.503171,11.047114,134.125
36.803504,10.177745,36.865006,10.222929,9.94
36.475852,8.783101,34.741898,10.757364,297.669
36.735772,10.260619,35.283097,10.949349,187.165
36.872532,10.10569,36.87353,10.195623,10.126
32.929399,10.454872,35.927457,10.574637,360.78
36.843668,10.087911,36.659763,9.087539,102.474
36.799623,10.209481,36.757273,10.22564,6.815
36.36073,9.177552,33.318066,9.877888,385.496
36.053182,10.49695,35.498915,11.039723,88.947
36.181211,9.557857,36.789114,10.587602,133.322
34.35119,10.552815,36.822894,10.159492,295.767
36.801697,10.590412,34.424933,10.080494,310.617
36.758956,10.224175,35.673694,9.110579,173.124
36.797803,10.202222,36.808847,10.184771,2.887
36.83061,10.15645,36.800352,10.173115,5.073
36.796747,10.202017,35.924394,10.570436,115.18
36.842278,10.134362,36.844167,10.089685,5.163
34.431651,10.073333,36.84819,10.192912,311.278
36.793004,10.202914,34.925063,8.132426,319.749
36.355856,9.189102,36.802969,10.170939,109.445
33.315907,9.881785,36.658181,9.086435,420.29
32.930821,10.450543,33.116806,9.050182,137.762
36.803168,10.173578,36.924939,10.271651,19.503
36.850929,10.194952,33.114957,9.050551,490.251
35.504028,11.039891,36.856814,10.147875,186.297
36.888776,10.157452,33.88515,10.096679,386.976
36.729572,10.732363,36.813183,10.183523,57.44
36.878185,10.100289,35.670027,9.104047,180.926
37.273062,9.865328,34.349613,10.550532,396.418
36.831758,10.161811,35.502309,11.05018,186.565
36.877329,10.102147,36.732604,10.732157,69.462
36.925401,10.272762,36.844188,10.086442,20.861
35.278871,10.953503,36.801522,10.594563,197.886
36.720348,10.737565,36.816308,10.226972,51.853
36.867691,10.191538,32.928738,10.44734,508.849
36.738964,10.256171,33.880903,10.09687,353.379
36.645355,10.735328,36.409325,10.702505,29.497
34.923242,8.123121,36.473605,8.781267,204.677
34.743663,10.762084,36.811227,10.186911,269.558
36.883488,10.155009,37.274952,9.866534,57.986
35.933118,10.577479,36.047537,10.515497,17.576
35.498389,11.042597,36.804742,10.173443,187.264
36.796848,10.593758,37.277783,9.868952,97.398
34.738546,10.75831,36.803109,10.178674,270.843
36.838896,10.158042,33.11515,9.048034,477.816
36.790405,10.172028,36.04853,10.505453,103.576
36.182157,9.555952,36.36297,9.182918,47.635
36.851543,10.188485,36.847104,10.09346,10.608
36.65806,10.74194,36.848755,10.186077,65.228
36.797599,10.588636,33.115751,9.050528,448.776
33.881597,10.096603,35.501872,11.045999,219.054
33.113345,9.051531,36.885682,10.15325,480.473
34.926274,8.127882,36.831932,10.227102,307.51
36.875597,10.100714,33.122337,9.047365,476.716
36.830789,10.159284,36.735386,10.251112,16.427
36.813588,10.178016,36.931302,10.273164,16.821
32.929884,10.442748,36.885572,10.150441,472.154
36.824142,10.153858,35.676349,10.898864,161.997
33.881237,10.090486,36.48025,8.786756,343.862
36.827585,10.212452,36.872255,10.193037,6.532
36.826506,10.210944,35.279786,10.948602,199.453
36.821636,10.166032,34.740135,10.763507,256.584
36.874272,10.332863,36.832447,10.226986,14.157
36.404494,10.705667,36.870802,10.200318,77.85
36.65067,10.739235,36.183073,9.55271,132.946
36.813707,10.226975,36.84689,10.193517,5.903
36.830772,10.223603,36.187989,9.556087,108.715
36.412438,10.705134,36.892128,10.194464,75.124
36.741145,10.255533,36.873534,10.339127,20.27
36.826983,10.204052,36.8081,10.183388,3.36
36.796176,10.206952,36.807447,10.182217,3.22
36.80391,10.208357,36.804477,10.18254,3.153
36.852978,10.092147,35.503926,11.050203,186.306
36.830352,10.23004,34.376651,8.833502,330.407
36.883118,10.152696,36.787255,10.176,13.034
36.735221,10.255661,34.378276,8.830091,317.065
35.675529,10.893315,32.930676,10.452525,335.472
33.882373,10.094122,36.84173,10.135131,357.08
36.357452,9.187932,36.875495,10.334063,128.223
36.660976,9.083317,36.835499,10.157341,111.257
36.835494,10.162043,34.373344,8.834036,340.566
36.737034,10.252652,34.925512,8.12245,294.39
34.922458,8.127647,36.757322,10.225185,323.554
36.806738,10.230603,35.503588,11.044997,181.275
34.741256,10.75279,37.276664,9.863617,338.47
32.926692,10.449257,36.927046,10.272082,523.136
35.931802,10.571783,36.051144,10.506663,20.356
34.925522,8.12521,36.800713,10.591057,325.308
36.818741,10.177033,36.82988,10.206226,3.534
36.798732,10.173423,34.739987,10.757744,262.921
36.815796,10.22732,35.670327,9.105397,176.557
36.876279,10.103831,36.654899,10.741383,74.343
36.818879,10.226822,35.675097,9.110155,165.699
36.928712,10.275766,36.472127,8.779169,168.611
35.498836,11.038396,36.656277,10.736343,141.727
34.923678,8.128023,36.891037,10.19113,317.319
35.280469,10.954936,36.839886,10.1366,200.211
35.284953,10.954954,36.832559,10.163788,204.276
34.426175,10.075239,36.811321,10.22623,297.019
36.929005,10.272887,35.674698,9.105994,194.377
36.18605,9.553467,36.828822,10.209471,104.989
36.804926,10.178047,36.182417,9.558077,92.147
34.926541,8.130608,36.814672,10.228363,320.173
34.430908,10.073218,35.503054,11.040027,164.644
36.930718,10.273453,36.468651,8.784606,164.885
36.819705,10.230091,34.740688,10.757747,277.55
36.357329,9.182509,36.804559,10.588752,142.549
34.737736,10.756693,35.279174,10.945687,68.542
36.760255,10.229125,36.854327,10.190023,15.183
36.649985,10.736837,36.849382,10.193413,59.528
36.841687,10.141366,36.878333,10.336982,19.941
36.833002,10.228072,36.93117,10.276287,15.985
35.283039,10.953611,36.818476,10.229958,207.587
36.87858,10.19809,36.798278,10.587668,44.143
36.805396,10.184663,36.845198,10.088682,13.385
36.81163,10.181466,36.87579,10.191195,9.428
36.804154,10.592139,36.830737,10.213126,41.24
34.925234,8.124512,34.743432,10.761661,275.999
36.831458,10.166552,36.796394,10.586551,47.132
36.757048,10.224828,36.405801,10.702919,68.059
32.929488,10.453691,36.923967,10.268329,465.013
36.051067,10.502497,35.675864,10.895981,66.559
36.884832,10.157184,36.813563,10.16626,11.025
36.649324,10.735686,34.424505,10.072941,283.137
36.514024,10.505542,35.928743,10.574912,75.101
36.828226,10.212768,36.896209,10.1875,9.712
36.514433,10.502166,34.741718,10.763918,206.34
35.674186,9.104164,36.842443,10.091723,182.673
36.806149,10.174959,36.848636,10.192022,6.586
34.919442,8.119866,36.511499,10.504214,321.383
36.842178,10.134826,36.812451,10.224809,11.173
36.827403,10.155601,35.504308,11.042954,178.422
36.756543,10.225986,36.87284,10.342283,18.32
36.051607,10.508469,36.798214,10.208634,99.081
36.557432,10.677189,36.875369,10.337568,51.633
36.875539,10.109065,36.052165,10.506928,114.507
36.403205,10.697135,33.121456,9.049128,438.049
37.276198,9.868703,36.793304,10.201281,69.212
34.735501,10.754592,36.785793,10.176689,277.005
36.663096,9.088565,36.554329,10.672527,147.638
34.351999,10.549463,34.738784,10.76223,57.537
36.837485,10.089568,36.878118,10.104001,6.045
36.662543,9.082801,34.738231,10.759418,300.176
34.350104,10.5523,36.72327,10.745021,300.657
36.809852,10.181403,36.820722,10.155242,3.171
36.800264,10.167279,34.347976,10.558705,301.214
34.436485,10.074475,35.920859,10.572553,203.476
35.28023,10.954814,35.925672,10.574328,95.762
36.185784,9.555148,34.433406,10.074762,234.076
36.65111,10.738103,36.360569,9.183807,155.749
36.871616,10.109596,35.505277,11.043308,187.505
36.727415,10.737027,36.178762,9.554009,128.272
36.805851,10.184863,36.506676,10.508464,53.781
34.738362,10.764907,35.496426,11.042046,98.246
36.818618,10.167676,36.649755,10.731553,59.688
36.820201,10.166044,36.841351,10.13251,5.059
35.676888,9.109329,34.430026,10.076238,197.809
34.925946,8.122666,36.732708,10.254231,296.986
36.407014,10.706271,36.874021,10.103128,88.235
36.726367,10.741351,36.875357,10.190598,57.917
36.842245,10.090758,34.434062,10.071187,278.493
36.801874,10.587776,34.740332,10.75939,243.315
36.844343,10.133412,36.734109,10.254864,19.096
36.467021,8.789329,36.821115,10.161262,147.801
36.728504,10.73876,35.275072,10.948604,175.054
36.853288,10.196241,36.183743,9.557374,100.711
36.726998,10.737231,36.798961,10.589393,17.214
36.809358,10.181237,32.9321,10.453507,498.851
36.834531,10.211927,36.795534,10.592225,37.442
34.348356,10.554435,36.799895,10.20025,316.031
36.732231,10.736981,36.867451,10.195304,58.102
32.929797,10.455731,34.925705,8.123233,347.861
34.737284,10.763606,36.875559,10.103662,259.152
36.802642,10.58809,36.356523,9.185329,154.354
36.876635,10.105284,36.17861,9.554259,107.27
36.478159,8.785496,36.051227,10.500982,169.643
36.818744,10.158666,36.786616,10.171071,4.87
36.834636,10.161163,36.360649,9.186703,107.486
36.80099,10.202854,36.87985,10.151392,13.047
36.730129,10.739237,36.799494,10.591118,16.384
36.865397,10.220782,36.409268,10.699878,80.232
36.79866,10.203881,36.408001,10.70452,74.721
34.926048,8.133712,34.348116,10.548287,249.132
36.051117,10.501666,36.875365,10.338966,111.923
36.56132,10.67435,36.843058,10.095996,75.08
36.755754,10.227092,36.824542,10.212523,10.908
34.374185,8.827738,36.885612,10.154892,341.99
36.408722,10.701119,36.792602,10.593338,50.571
36.178469,9.555351,35.672498,10.895064,147.204
34.738977,10.761123,36.85853,10.143939,271.456
35.285073,10.949428,36.838882,10.094623,214.947
36.825414,10.152194,36.833527,10.220872,8.134
36.727733,10.73857,36.863153,10.221889,56.366
36.844986,10.091063,36.878163,10.157018,8.569
36.798072,10.208374,36.870374,10.336168,19.549
36.896589,10.190259,36.834736,10.209172,9.361
34.374635,8.829122,36.786139,10.171245,319.681
36.562741,10.675828,36.840932,10.083412,74.74
36.401428,10.703656,36.876567,10.338847,74.438
33.318395,9.879055,36.87907,10.157848,409.602
36.83122,10.153875,36.72915,10.732672,59.609
36.887164,10.151248,36.851217,10.091239,8.256
36.820242,10.162477,36.563873,10.677947,67.223
36.929361,10.280674,36.874677,10.102376,21.102
36.827217,10.207835,36.649921,10.736732,56.077
32.92919,10.447324,36.83328,10.162123,497.231
36.05211,10.503792,34.372787,8.830043,274.032
34.348113,10.550675,34.371078,8.830184,168.402
36.821094,10.167495,36.880355,10.157147,9.048
36.827656,10.207082,36.86704,10.142228,9.801
36.875773,10.102549,36.88931,10.189186,9.371
33.116317,9.052367,35.675848,9.107954,311.522
36.811339,10.184271,36.812713,10.229472,4.978
36.849102,10.192926,34.342298,10.555964,307.646
36.797225,10.588754,37.277991,9.86403,89.304
36.797615,10.174307,36.814508,10.224943,6.133
36.360832,9.185245,36.867519,10.199412,118.565
36.868938,10.191568,35.925884,10.576857,126.628
36.801593,10.172933,36.879269,10.334509,20.42
36.648371,10.739631,36.927308,10.274123,59.032
36.857832,10.139364,36.807469,10.202357,10.484
36.876918,10.10651,36.508656,10.506975,64.634
36.472964,8.783593,32.92834,10.455821,492.776
36.798189,10.588796,34.432426,10.072573,286.055
36.930714,10.273053,36.755071,10.226389,24.182
36.726261,10.741907,35.675766,10.891621,123.146
36.562965,10.672898,34.373277,8.830944,337.083
36.824884,10.162375,36.653393,10.741396,60.415
36.731829,10.733658,36.055068,10.503358,93.618
36.879675,10.108489,36.787306,10.176537,15.943
36.511663,10.510951,34.927004,8.127222,287.466
36.800034,10.20371,36.859304,10.142385,10.753
36.833259,10.22356,33.120923,9.04602,490.216
34.353753,10.547999,36.858263,10.136435,310.03
36.855273,10.142063,34.345293,10.553899,308.454
36.885765,10.194097,36.823773,10.160902,9.086
34.375953,8.83575,36.798678,10.206605,341.051
34.373795,8.826879,36.877835,10.337494,361.09
36.876161,10.109192,35.67462,10.896052,172.026
36.407404,10.702457,36.177713,9.556193,115.483
32.930959,10.449651,36.854274,10.195986,507.884
36.809475,10.18212,36.505569,10.504229,54.348
32.927323,10.452051,34.432287,10.072317,185.972
36.926704,10.275065,33.119946,9.05226,484.519
35.674302,10.902379,34.920904,8.125896,307.039
36.822247,10.155403,36.407884,10.708916,84.902
36.799505,10.172782,36.179431,9.555701,97.499
35.285513,10.949746,36.75815,10.226157,205.9
36.867663,10.219485,36.821258,10.156605,9.739
36.807068,10.181841,33.319239,9.879581,449.765
36.789938,10.173428,35.678043,9.108514,184.015
33.322697,9.876561,36.178518,9.559214,362.7
36.819856,10.165234,36.874957,10.194231,9.117
36.881617,10.155514,36.057125,10.505159,112.67
36.841593,10.192575,36.734564,10.257615,16.456
34.432944,10.078111,36.874434,10.103499,321.59
36.832879,10.159642,37.274382,9.862022,66.348
36.511036,10.507257,36.8716,10.191271,58.107
36.874911,10.108141,35.927251,10.572816,121.951
33.120767,9.059357,36.860842,10.139023,508.58
36.928418,10.272793,36.824067,10.153565,19.606
34.347589,10.553592,36.501701,10.502852,268.876
36.359181,9.193872,34.430708,10.071201,244.299
35.669881,9.109029,36.80086,10.591031,206.411
36.793711,10.169996,36.558147,10.67519,63.085
36.805788,10.172745,33.11487,9.053141,478.062
35.672398,9.105953,36.73104,10.254342,181.321
35.926755,10.571978,36.824147,10.214419,122.216
36.737529,10.250966,36.052901,10.50266,94.379
35.28339,10.946384,36.408084,10.703641,143.412
36.7972,10.208661,36.355485,9.183063,114.353
36.053579,10.504071,34.370211,8.837219,288.994
34.74021,10.758571,36.790809,10.173033,261.742
35.929572,10.574526,36.888767,10.153413,130.354
36.872799,10.193748,36.65621,10.743416,62.547
36.812042,10.179723,34.371139,8.829585,338.263
36.554169,10.671641,37.272041,9.867712,111.382
36.807751,10.183038,36.845471,10.138405,7.162
36.877305,10.154743,36.814345,10.180542,9.956
35.672284,9.104841,36.802783,10.171949,182.355
36.927645,10.274602,36.788432,10.174764,21.725
36.881108,10.335993,36.807939,10.175156,19.627
35.675112,10.892907,36.830489,10.217213,160.645
36.80777,10.178232,36.830262,10.208708,4.836
35.676786,9.106304,36.796647,10.174839,170.386
34.928343,8.122977,36.648349,10.739948,350.078
32.933692,10.452176,36.886583,10.19163,502.434
33.120579,9.054721,36.509779,10.507982,441.2
36.730602,10.736965,36.797962,10.171075,56.995
36.795261,10.590202,36.927201,10.277475,36.091
36.660762,9.089541,36.479737,8.781045,38.222
36.812553,10.17592,36.183111,9.561529,94.845
36.894594,10.189908,36.358509,9.182434,115.125
33.881873,10.095297,33.318262,9.87803,77.195
36.758429,10.225128,36.890602,10.191743,21.08
36.87923,10.338953,35.928699,10.579862,128.587
35.281349,10.955248,33.316618,9.885488,268.645
36.804111,10.18278,36.884446,10.154935,10.949
36.839375,10.210287,36.835899,10.159278,5.912
32.932231,10.449911,36.725707,10.738528,486.314
36.722076,10.738318,36.876103,10.103066,73.05
36.818749,10.23242,36.785865,10.172893,8.793
36.734697,10.251445,36.658878,9.08881,123.68
33.117696,9.046588,36.784322,10.174095,476.761
33.118328,9.051027,34.737846,10.75765,254.007
36.831711,10.157654,36.877912,10.1961,8.466
33.119077,9.047887,33.318276,9.882217,90.744
36.735751,10.25043,36.651006,10.741082,53.359
36.841209,10.085085,36.871781,10.196232,14.37
36.752456,10.228807,36.877452,10.107798,20.73
36.508346,10.50663,36.806092,10.176295,50.749
34.431316,10.079292,36.358395,9.187146,244.08
36.870413,10.219063,36.800629,10.589544,40.605
36.803019,10.202602,36.842119,10.091053,15.146
36.875589,10.107125,36.929071,10.268347,17.8
36.510769,10.504944,33.118553,9.051665,430.139
36.405727,10.702881,35.672369,9.10356,187.455
36.407913,10.704103,35.671982,10.89812,90.455
36.786042,10.177498,36.85996,10.135777,10.895
36.858631,10.138191,36.878147,10.336057,21.397
36.848999,10.192562,36.825426,10.155596,5.191
33.31519,9.884486,36.809871,10.18446,423.013
32.932754,10.449882,36.883768,10.15624,492.018
36.87735,10.195172,36.868559,10.224127,3.411
36.404916,10.701513,35.673078,9.10889,185.847
36.789605,10.174274,36.838726,10.134714,7.867
33.118657,9.044262,34.436228,10.076916,182.372
36.834178,10.225251,36.821942,10.16897,7.008
36.049255,10.504732,36.799638,10.595928,97.15
36.756775,10.228773,34.431066,10.073069,285.8
36.82002,10.16061,34.430339,10.078511,292.294
36.829315,10.157907,36.883196,10.158145,7.582
36.40434,10.699192,36.05547,10.507644,47.917
35.506502,11.043389,34.924123,8.126194,297.559
36.758529,10.224223,34.373646,8.826117,326.145
36.874843,10.105998,36.822573,10.152967,8.915
36.647988,10.733941,35.925223,10.571252,97.656
34.427497,10.074763,36.817828,10.161626,288.442
36.849254,10.19498,36.806065,10.180196,6.016
36.820681,10.167266,36.65736,9.084741,104.372
36.649188,10.739708,34.427441,10.074943,263.342
36.842091,10.130815,35.282767,10.947564,202.383
34.432893,10.07634,36.471057,8.788741,286.699
36.79828,10.592249,36.873402,10.192633,44.326
36.183993,9.558452,36.873383,10.10346,96.373
34.922037,8.126768,36.844816,10.135451,294.383
36.647559,10.738342,36.561805,10.673918,13.827
36.864276,10.138768,36.878469,10.104389,4.78
36.7297,10.255216,36.805379,10.589039,35.138
36.184072,9.557442,36.841022,10.134007,96.086
36.785054,10.176233,34.42548,10.076967,289.476
35.672557,10.899441,34.920311,8.124393,317.697
36.923052,10.273351,34.924084,8.126714,329.732
34.431673,10.0788,36.811553,10.17887,298.154
36.868865,10.21538,36.800396,10.204527,10.187
36.832475,10.228869,34.930022,8.12858,304.206
36.820909,10.155409,36.7975,10.20547,6.348
36.56369,10.674476,36.872253,10.339313,56.452
36.831841,10.229819,36.469976,8.780549,156.427
35.93112,10.572561,36.470146,8.785285,191.606
36.842552,10.090088,36.813051,10.228117,16.033
36.563452,10.676343,36.862928,10.211676,63.636
36.884299,10.16023,36.801656,10.584234,45.509
36.816411,10.230269,36.175052,9.55119,101.886
36.736078,10.250694,36.865768,10.221253,18.779
36.053535,10.506692,36.512847,10.503694,61.797
35.275548,10.955205,36.833967,10.227809,214.686
36.827166,10.170081,36.794912,10.593361,44.534
36.73031,10.744351,36.830721,10.207886,58.676
32.926571,10.448623,35.507401,11.043291,333.221
36.817986,10.15303,36.754408,10.229751,12.666
36.179153,9.549941,36.400601,10.700315,115.8
36.88862,10.188947,36.932403,10.272236,11.927
35.505337,11.03797,36.884538,10.158509,202.344
35.678319,10.891263,36.799174,10.588198,142.826
36.876572,10.336584,35.671889,9.10643,194.005
36.815363,10.225237,36.927446,10.276211,17.229
34.43615,10.074281,36.403021,10.702563,254.226
34.346144,10.549425,36.848499,10.191582,323.578
36.843164,10.094778,36.829389,10.157093,7.453
36.810836,10.229539,36.664648,9.091028,115.157
35.67965,9.109419,36.510892,10.510087,167.132
36.805961,10.180075,36.471405,8.780084,155.263
36.735238,10.254363,33.883796,10.103143,348.277
36.5607,10.679417,36.884371,10.193484,62.494
33.320088,9.881228,33.876827,10.096808,73.54
34.745996,10.758935,36.87542,10.109426,271.596
35.504806,11.037312,36.410062,10.702187,115.296
36.872228,10.190857,36.783391,10.166996,12.791
34.347437,10.554517,35.925511,10.578357,193.228
36.878513,10.338627,36.66134,9.085086,121.727
36.840173,10.161258,34.350564,10.557369,323.44
36.881364,10.152945,36.805499,10.183643,12.037
36.732764,10.251613,36.845308,10.194584,17.547
36.358843,9.184611,34.429753,10.075786,253.141
36.871352,10.191348,36.883116,10.150891,4.641
36.731054,10.741124,33.88258,10.096058,357.735
36.511174,10.50885,36.868759,10.222417,56.0
36.406741,10.704792,35.678552,10.894167,93.177
35.677117,10.896744,36.891967,10.18488,157.865
36.046891,10.507786,36.735793,10.254997,86.89
32.928551,10.449701,36.812292,10.180548,502.617
34.343218,10.548105,34.378084,8.828253,180.812
36.360202,9.18076,34.429772,10.076346,249.125
35.677189,9.107922,32.932184,10.447547,351.173
35.281431,10.953751,32.932969,10.450354,284.233
36.887275,10.186484,34.344818,10.551672,316.246
35.279037,10.950821,35.677653,10.898889,53.178
36.363505,9.184846,35.277255,10.945475,217.414
36.927504,10.282361,36.558459,10.666933,59.245
33.116575,9.051102,36.181312,9.55502,391.79
36.809374,10.183477,36.820981,10.159723,3.267
34.742055,10.76751,36.826709,10.207253,262.793
36.803545,10.187372,35.499811,11.037851,182.991
36.727494,10.738764,36.800261,10.584551,17.818
36.05509,10.507478,36.356231,9.18258,134.551
33.882503,10.095773,36.85451,10.19344,353.685
36.858341,10.140809,36.793966,10.592964,48.953
36.834151,10.156733,36.179637,9.55288,103.494
36.049059,10.503257,36.831387,10.226838,100.847
36.842975,10.133661,36.871218,10.19311,8.01
34.349308,10.55689,36.809783,10.177226,310.132
36.85646,10.140917,36.798054,10.588053,45.192
36.803686,10.203325,36.834047,10.229495,5.193
35.669957,10.89578,35.673916,9.102222,175.404
36.822958,10.158724,36.798446,10.203831,6.612
36.837742,10.223154,37.275916,9.86333,71.481
36.355144,9.177378,36.728518,10.257645,115.077
36.845047,10.189675,36.513519,10.503914,55.791
36.80061,10.585792,36.840252,10.13102,51.568
36.861811,10.142143,32.932831,10.455647,515.96
36.807223,10.178166,36.872257,10.105819,11.992
36.802314,10.204111,36.805297,10.181751,2.639
33.885464,10.100311,36.874452,10.189666,360.691
36.832925,10.226274,36.852916,10.190045,5.282
33.116768,9.049912,36.889409,10.19227,481.081
32.929425,10.448611,36.810967,10.181585,470.1
36.186216,9.555571,36.361857,9.180733,44.008
35.685567,10.898124,36.662906,9.08586,228.347
35.279172,10.945171,36.879586,10.106907,222.158
35.2799,10.951544,36.871307,10.221828,212.561
36.933128,10.27374,36.867472,10.223119,10.701
37.277179,9.863338,36.358272,9.179938,128.416
36.889672,10.186928,36.660182,9.081779,118.129
36.795286,10.201763,36.85932,10.137203,11.677
34.368892,8.830303,36.806205,10.183272,316.03
36.888281,10.189134,36.731823,10.254147,19.947
36.474187,8.787708,36.822795,10.157553,137.629
36.925144,10.274419,36.873078,10.196401,12.197
35.281898,10.954876,36.872183,10.193996,214.891
36.845555,10.093786,36.81889,10.166339,10.021
36.758536,10.229515,36.886494,10.185472,20.685
36.866152,10.214352,36.816143,10.159533,10.143
36.817708,10.230086,36.925621,10.277649,15.407
36.512161,10.512075,34.378074,8.830049,307.705
36.93277,10.27296,34.3468,10.553366,308.486
33.32289,9.878198,32.93468,10.452401,80.545
36.88675,10.154312,36.755991,10.228006,19.224
36.7831,10.175235,34.925634,8.129351,316.769
36.720695,10.736487,33.886302,10.101445,373.427
36.878128,10.338921,36.648255,10.739535,54.449
36.735202,10.252287,33.878758,10.096186,360.21
36.878632,10.100876,36.834371,10.227647,15.515
36.877079,10.338691,34.739788,10.758729,257.871
36.808213,10.184437,33.121521,9.049221,434.257
33.884229,10.098208,34.74403,10.762485,133.185
36.865576,10.222909,36.180658,9.553774,108.971
36.860426,10.145367,36.355141,9.188565,109.311
36.732607,10.252104,34.436491,10.071776,285.767
36.833066,10.228163,36.178403,9.552701,100.079
36.815904,10.220485,36.826965,10.212831,1.948
36.828423,10.209736,36.889173,10.188619,9.397
36.802071,10.1989,36.182725,9.557024,102.671
36.836509,10.163598,35.675994,9.10366,172.479
36.557617,10.671416,36.877445,10.333517,54.82
35.931451,10.579127,36.723281,10.732757,100.865
36.872861,10.103952,36.843493,10.088316,4.399
36.80302,10.170768,36.661133,9.089958,106.021
36.051557,10.504375,36.661529,9.089034,156.43
36.848407,10.19078,32.93484,10.449059,487.095
36.829616,10.162209,36.56366,10.675036,62.916
36.739229,10.253421,35.677588,10.890874,146.104
35.68174,9.106009,36.833815,10.211022,171.073
36.507682,10.50464,36.886434,10.19287,55.663
34.922041,8.123991,32.931721,10.449009,346.635
36.509595,10.50309,37.266381,9.868848,120.116
36.407201,10.706234,36.887097,10.156402,87.412
35.289009,10.943799,36.808343,10.175749,198.791
35.504174,11.039887,36.474132,8.777527,245.383
36.816958,10.165685,36.931469,10.278309,18.992
35.281006,10.952023,36.87834,10.109162,204.645
36.862397,10.142309,36.875135,10.104636,4.576
36.844189,10.09282,36.054081,10.507698,106.907
35.927792,10.573456,32.930565,10.447528,379.529
36.504523,10.50541,36.870938,10.104077,65.77
36.833736,10.215092,36.798019,10.175274,7.163
36.761963,10.223352,36.564121,10.671048,50.048
36.406806,10.705112,34.370256,8.830828,313.101
36.361567,9.180629,36.793879,10.588938,146.779
36.047646,10.505303,36.727489,10.740613,92.166
36.872745,10.195568,36.730446,10.736989,59.44
32.926294,10.446082,34.429927,10.070696,190.746
35.504071,11.041774,36.86877,10.187983,191.365
36.753241,10.227755,36.360313,9.179306,119.964
36.356798,9.185043,35.669612,10.898932,180.709
36.811457,10.181355,36.354976,9.185103,116.176
36.817131,10.164981,36.833027,10.221481,6.311
36.880203,10.340517,36.846123,10.192006,17.349
36.793996,10.204229,36.844543,10.087985,16.045
36.473198,8.784508,34.920462,8.122306,204.563
36.879613,10.188333,36.83318,10.164266,6.844
36.820427,10.163504,36.883958,10.159886,9.222
35.667135,9.107607,36.866896,10.222124,192.288
35.282677,10.949458,36.801669,10.202807,200.089
35.672926,9.103658,36.836576,10.159803,177.063
33.879721,10.097365,34.346285,10.547598,80.487
37.270817,9.861754,36.868934,10.217301,62.266
33.118001,9.044245,33.316401,9.878469,92.516
36.816139,10.157743,36.796763,10.588607,42.354
35.676701,10.894977,36.924442,10.275502,161.493
37.269621,9.8614,36.052758,10.50007,158.349
35.926752,10.574417,36.826691,10.209899,112.65
35.92704,10.572661,36.823101,10.152068,112.115
36.819627,10.226936,36.360218,9.187552,121.816
36.810227,10.177087,32.928022,10.452179,470.193
36.852647,10.194313,36.473637,8.781683,150.55
33.884174,10.09768,36.724564,10.738639,349.356
35.932598,10.57353,36.735137,10.250935,108.487
36.802359,10.58748,35.67356,9.108399,197.854
36.667428,9.086836,36.793659,10.178669,111.196
36.726205,10.745426,36.84207,10.136156,67.845
36.651869,10.74008,36.468918,8.789744,188.997
36.727003,10.745751,32.929281,10.449077,461.172
36.807915,10.180843,34.372134,8.833034,314.887
34.367623,8.829152,33.117182,9.046479,163.644
36.866898,10.223291,34.432224,10.073405,290.844
36.563549,10.671719,36.843454,10.136324,63.01
36.868988,10.215839,36.809618,10.180874,9.296
35.2811,10.948997,37.273552,9.861534,276.311
36.831527,10.20975,36.404463,10.704136,72.559
36.857551,10.140011,36.927315,10.272034,16.741
34.431974,10.074715,34.921394,8.129687,205.393
36.815987,10.221881,37.268862,9.866319,65.878
36.649428,10.73621,36.355439,9.182528,155.287
36.798987,10.20214,36.788816,10.171954,3.887
35.277756,10.951523,36.356799,9.18459,227.133
34.374321,8.826514,36.821241,10.155489,307.514
36.64984,10.739257,36.929221,10.280249,63.745
34.349736,10.552877,36.813753,10.161804,301.065
33.881446,10.101025,34.346996,10.550108,78.909
35.922812,10.576993,36.186268,9.55777,104.426
36.863847,10.134985,36.842974,10.135067,3.037
34.369016,8.826816,36.840393,10.134355,346.441
32.935233,10.449583,36.734387,10.257836,501.529
36.860511,10.138424,36.836909,10.134789,3.469
36.817656,10.224836,36.87916,10.192568,9.018
36.800225,10.173587,36.753115,10.230728,9.787
36.650583,10.736414,35.925921,10.57861,91.707
36.873759,10.105705,33.316988,9.879882,427.552
34.374021,8.828792,36.823285,10.155341,321.399
36.653827,10.732733,36.799856,10.173739,63.664
36.805955,10.182382,36.817899,10.154593,3.714
36.930509,10.270906,37.268794,9.864574,62.965
36.797714,10.593463,36.877659,10.20026,41.183
36.872367,10.345283,36.407176,10.701139,70.973
34.925198,8.129367,36.821172,10.16372,311.326
36.841706,10.189904,36.888179,10.187074,6.337
36.838468,10.138435,36.660591,9.089465,109.659
36.876462,10.158809,36.833123,10.159006,6.44
35.676412,9.107772,36.044498,10.504965,140.496
36.799087,10.173641,36.756563,10.228673,8.992
36.813694,10.227021,35.279114,10.955854,211.185
36.806991,10.179277,34.92423,8.125255,317.853
36.800514,10.589245,36.80972,10.183785,41.461
37.277594,9.866245,36.82177,10.153107,66.014
36.647057,10.736392,36.801412,10.205164,55.72
36.402516,10.699523,36.881687,10.15598,91.112
35.674933,9.108136,36.812779,10.162806,168.453
36.663955,9.083523,34.376636,8.835484,282.92
34.373427,8.834524,36.648649,10.742339,337.682
36.176078,9.55798,34.372419,8.832118,235.984
34.924927,8.130499,35.927612,10.575569,258.988
36.839105,10.23048,36.876044,10.106278,14.938
36.832954,10.155266,35.284112,10.950159,220.046
36.659507,9.087159,36.818897,10.225362,109.654
36.515305,10.502518,37.273479,9.866492,120.02
36.821495,10.167455,32.928892,10.450447,492.686
33.319203,9.884952,36.927719,10.280031,455.667
36.662025,9.087418,36.799371,10.173386,109.925
36.861002,10.13685,35.278189,10.945676,222.647
36.474185,8.786148,36.877749,10.108544,142.131
36.887485,10.194357,37.265607,9.865007,63.346
36.841215,10.137306,36.818128,10.165615,4.636
37.275855,9.859526,36.88112,10.187636,62.295
34.736712,10.760339,36.758731,10.222096,274.751
36.861008,10.137069,33.882059,10.098962,379.584
36.472857,8.787073,35.672772,9.111792,103.163
36.510431,10.504334,35.925011,10.577556,74.146
36.822204,10.152054,36.804704,10.180036,4.234
33.113998,9.05288,36.865097,10.222762,497.748
36.812732,10.179148,36.853105,10.139155,7.76
34.352031,10.547268,36.84449,10.13295,298.806
36.806252,10.177317,36.925576,10.276619,18.823
36.869009,10.219468,36.876222,10.104014,13.055
33.121769,9.052949,36.790067,10.177897,444.431
36.811582,10.181746,36.760524,10.232691,9.229
36.926165,10.273845,34.34788,10.55263,321.16
36.79907,10.178229,34.922811,8.12163,295.05
36.813171,10.182998,36.845932,10.088185,11.156
36.842089,10.092864,36.510394,10.50533,61.881
35.676879,10.893487,36.559205,10.677332,115.535
36.784548,10.170242,35.281582,10.949946,192.473
33.880664,10.097937,36.799049,10.20825,368.564
36.843632,10.09064,34.365528,8.828197,330.202
37.270395,9.867728,36.654634,10.739254,118.898
36.406686,10.701606,36.886373,10.152528,86.539
35.680521,9.103548,36.18271,9.55164,81.222
36.553296,10.674675,36.839994,10.134754,68.628
36.753114,10.223798,33.883553,10.102909,358.447
35.673014,9.110009,33.881494,10.103046,245.339
36.475205,8.784147,36.822548,10.166743,142.52
36.800064,10.20641,36.805051,10.176703,3.364
34.371403,8.832776,33.878041,10.100197,147.133
36.835899,10.212147,36.881677,10.155889,9.316
36.808003,10.182559,36.840359,10.131458,7.109
36.835538,10.224766,36.721484,10.73877,55.458
36.873402,10.33672,36.820585,10.165311,18.623
35.673884,9.10658,36.651227,10.73839,197.025
34.431398,10.077013,36.80339,10.207254,295.463
36.815764,10.228735,34.344824,10.555603,310.405
36.476804,8.787071,36.798697,10.175154,138.986
36.798542,10.202239,36.050345,10.509675,102.741
36.81379,10.163131,35.503099,11.03802,185.751
36.809103,10.227434,32.936585,10.447384,485.417
36.927239,10.274007,34.424503,10.069183,324.978
36.662516,9.08563,33.881669,10.095505,347.608
36.661471,9.086124,36.40878,10.704971,165.057
36.831913,10.213924,36.890518,10.152686,11.908
36.408844,10.700529,36.876841,10.101674,90.573
36.87455,10.341972,36.832595,10.161135,20.705
36.760878,10.225535,34.428307,10.0744,290.054
33.885742,10.09429,36.724584,10.733445,364.138
36.875531,10.108677,36.7305,10.738296,67.053
36.178642,9.552579,36.833123,10.226829,101.214
36.472449,8.784217,36.730217,10.735891,206.995
36.843873,10.091729,34.376028,8.831638,326.135
36.875524,10.102676,36.877924,10.186881,10.472
36.799375,10.212198,36.665517,9.089182,116.288
36.876991,10.155327,35.667023,10.899773,153.313
36.88233,10.161683,36.560614,10.671991,66.626
36.865569,10.220818,35.505041,11.045124,185.339
36.876312,10.100859,36.809353,10.173946,12.797
36.87402,10.198034,33.119446,9.048247,484.98
33.880705,10.095817,36.6626,9.087791,349.401
36.814272,10.183388,35.930384,10.575868,112.743
36.810962,10.18312,33.875251,10.098402,368.738
36.800456,10.169608,36.832522,10.225798,8.18
36.889998,10.185113,36.857329,10.141002,7.536
36.730475,10.745077,34.346776,10.549224,276.564
36.928698,10.271055,36.871766,10.228444,9.373
36.050571,10.508264,36.830063,10.215367,103.468
36.407999,10.701124,36.804227,10.185062,76.764
36.732771,10.253645,36.729082,10.740252,50.047
36.832105,10.158529,35.928737,10.573407,114.752
33.317744,9.882915,36.884159,10.152597,459.141
36.876511,10.193135,34.373634,8.830226,352.404
36.83563,10.159556,36.834382,10.206617,5.744
35.67763,9.108742,33.884052,10.102568,248.826
36.728253,10.737233,36.506395,10.506311,38.977
36.892285,10.188414,33.118784,9.045155,484.388
36.871453,10.100916,36.886546,10.157936,7.246
36.800356,10.587152,36.788545,10.172229,43.913
35.503143,11.047741,36.177505,9.558095,167.632
36.797514,10.16672,36.649533,10.735841,61.049
36.817924,10.166259,36.664675,9.087447,106.896
34.925605,8.121846,36.507145,10.507569,319.888
36.820893,10.153058,36.931039,10.273148,19.803
36.818161,10.230164,36.850132,10.189128,7.079
34.427414,10.074326,36.797636,10.204993,289.142
35.679323,9.111668,36.799612,10.171501,183.922
36.647798,10.74094,36.887235,10.183605,67.93
33.122915,9.05088,36.832471,10.16162,484.082
34.924355,8.126708,36.472267,8.784228,206.675
36.891456,10.189849,36.831068,10.153763,9.674
36.661541,9.088963,36.925916,10.275451,127.59
36.652887,10.738932,36.722158,10.740168,10.468
35.929836,10.576392,34.37706,8.830408,251.904
36.872216,10.195523,35.677126,10.896705,166.623
37.277501,9.866604,34.373512,8.824675,352.586
36.355565,9.186303,36.847981,10.196277,122.551
36.869323,10.104841,36.872853,10.192293,10.485
36.846668,10.198617,36.842472,10.092215,12.675
36.468719,8.784775,36.861991,10.140232,142.907
36.472511,8.78303,36.813506,10.23046,152.467
36.82175,10.16928,36.817875,10.231223,7.468
36.809066,10.182475,36.80036,10.171595,2.149
36.797748,10.170045,35.929488,10.580616,113.58
36.55744,10.674351,36.511707,10.507198,18.147
34.734907,10.759156,36.406688,10.70227,193.912
36.75552,10.2326,34.351476,10.551692,312.133
37.270059,9.863253,35.927064,10.577197,182.525
34.347011,10.549348,36.792681,10.588265,288.26
37.272575,9.8677,36.843566,10.135041,57.929
34.736561,10.763559,36.844444,10.195743,276.315
36.871373,10.196834,36.803254,10.172631,11.133
36.762019,10.221267,36.843135,10.135086,14.748
36.651233,10.736299,36.790562,10.17663,58.954
36.837742,10.159803,34.348956,10.549037,304.272
34.350609,10.547192,33.320502,9.880076,137.563
36.757413,10.224399,35.668443,10.894696,141.576
36.660537,9.087599,36.412938,10.703854,174.153
36.649014,10.735236,36.84708,10.19672,58.2
36.788343,10.169549,34.428522,10.0756,275.741
36.869489,10.191951,36.512678,10.501187,59.385
36.891675,10.187601,33.316779,9.878605,470.756
36.17708,9.554325,36.048061,10.512659,91.758
36.874128,10.19039,36.880545,10.341802,18.638
33.883603,10.097132,36.823015,10.168206,352.77
37.272735,9.862748,35.278626,10.951086,268.559
35.505258,11.03593,36.831095,10.227728,189.516
36.929397,10.275192,36.884021,10.15239,16.396
36.475629,8.783429,36.840122,10.097255,142.311
36.662763,9.089115,36.894427,10.184499,110.204
35.285221,10.948258,34.355169,10.552167,115.751
36.727847,10.726943,35.673534,9.108866,217.094
36.883277,10.15452,36.821499,10.170202,8.899
36.882443,10.154274,36.822724,10.210508,10.494
36.853654,10.19462,36.87176,10.195501,2.519
33.316636,9.883806,36.727743,10.739037,440.345
35.669021,9.103409,36.659919,9.089946,124.203
35.502983,11.043137,36.514332,10.50633,131.765
36.833579,10.226746,36.666116,9.08851,123.7
36.809469,10.186036,36.469496,8.780917,155.323
37.279536,9.869198,36.561274,10.674638,121.871
36.833385,10.227646,36.85209,10.192883,4.817
33.120836,9.047446,32.9306,10.453145,151.042
36.799933,10.163376,35.930592,10.573692,111.206
36.816114,10.228314,36.47453,8.786126,140.772
36.874269,10.109285,36.831877,10.226031,15.553
36.926899,10.275959,36.889779,10.186588,12.04
36.668873,9.085552,36.928387,10.270396,117.087
36.863869,10.145486,36.891456,10.184714,6.471
34.926201,8.125576,32.926662,10.446837,348.21
36.666898,9.08956,36.808569,10.171573,104.15
36.783916,10.174474,36.875273,10.105286,14.152
36.809858,10.180302,36.814266,10.232719,5.816
34.922409,8.128542,36.845443,10.086452,304.547
36.873623,10.106888,35.675573,10.892636,164.962
34.744278,10.759382,36.80081,10.172228,274.761
36.4042,10.699107,35.674734,10.894843,92.403
36.870776,10.219377,35.28599,10.954047,211.266
34.347235,10.552637,36.735172,10.253364,319.504
36.800999,10.17075,36.841456,10.136041,6.66
36.875886,10.340285,36.05056,10.500844,101.498
36.878483,10.194034,36.726454,10.737432,62.361
33.886578,10.096991,36.797383,10.168406,377.436
36.862057,10.137267,36.05229,10.511572,100.342
35.677189,10.899183,36.563155,10.67284,114.709
36.186729,9.55508,34.374481,8.831699,253.83
36.561079,10.675243,36.045767,10.507662,71.863
34.738925,10.760131,36.782418,10.168079,244.751
36.875889,10.339488,36.17915,9.553048,113.429
36.831393,10.157321,34.345666,10.552561,316.113
35.931558,10.576612,36.801259,10.17387,114.932
36.653204,10.735193,36.796301,10.206901,55.031
34.428741,10.074563,36.408198,10.698797,258.311
36.735646,10.256804,33.319169,9.879688,428.647
36.402491,10.698273,36.867591,10.21682,77.221
36.785101,10.181442,36.883577,10.158108,13.596
36.803331,10.180201,33.320417,9.879795,429.668
36.830863,10.203476,36.832925,10.225281,2.823
34.34933,10.554482,36.834906,10.227995,313.174
34.922539,8.126298,36.40809,10.70634,318.924
36.929311,10.278328,36.803807,10.207353,17.065
36.794757,10.168069,34.345887,10.552425,312.105
35.925728,10.573313,36.872064,10.338276,120.127
36.8119,10.183286,36.798516,10.203933,3.013
35.67871,9.107351,36.656168,9.090444,120.785
36.360276,9.184729,36.811437,10.227337,111.254
36.821913,10.166606,36.650023,10.742946,63.088
36.757926,10.230273,36.836154,10.161581,15.106
36.761286,10.226829,36.787227,10.170423,7.106
36.725491,10.739244,36.863294,10.13818,60.621
36.847015,10.091283,36.821483,10.166153,9.34
36.817607,10.157841,36.878365,10.15529,8.983
35.677842,9.108698,33.31866,9.879219,292.097
36.807077,10.180991,34.374916,8.832685,327.35
36.845468,10.088571,36.359967,9.183607,101.858
36.84324,10.091557,36.404769,10.700208,86.376
35.506474,11.046327,36.82047,10.165799,178.354
36.788182,10.172353,36.358715,9.182801,115.907
36.860567,10.14309,35.676557,9.105139,177.978
36.889224,10.192132,36.823444,10.154212,9.965
36.808922,10.18325,34.923757,8.125866,314.697
36.866698,10.219556,32.930823,10.449671,472.894
36.182123,9.556223,36.830925,10.21098,100.756
36.80231,10.178041,36.805784,10.174501,0.724
36.846108,10.138964,36.875251,10.335202,21.644
36.84502,10.086334,36.804388,10.173054,12.054
36.810558,10.178344,37.278334,9.862661,74.994
33.882856,10.097942,36.794755,10.594123,348.813
36.847687,10.138457,36.816909,10.223546,10.62
36.730464,10.254265,36.660046,9.086275,115.918
35.496248,11.037859,36.656509,10.738817,148.009
36.508919,10.502125,36.821775,10.168333,52.016
33.885052,10.10635,36.845403,10.097402,363.839
34.739515,10.755989,36.802119,10.174419,272.341
37.270182,9.866377,33.320282,9.881859,508.591
35.282781,10.954646,36.050182,10.501636,110.935
35.674486,10.89148,33.321537,9.88356,320.09
33.113029,9.04717,36.564892,10.675223,483.709
36.759514,10.227357,36.731361,10.255512,5.294
36.509554,10.509163,36.875983,10.336417,51.47
36.558406,10.672551,35.27939,10.943771,160.57
36.86793,10.215142,36.783477,10.171793,13.459
34.426844,10.074887,36.848176,10.088003,323.237
36.72457,10.737548,36.92449,10.274075,55.093
36.50922,10.498329,34.369155,8.829455,313.38
36.650553,10.732841,36.845304,10.134351,67.456
35.925928,10.572327,36.816545,10.165855,119.567
36.892343,10.185319,36.810254,10.184206,11.947
33.886926,10.102922,35.49922,11.043179,233.538
36.839642,10.084715,34.923527,8.128129,324.271
35.92772,10.574301,36.816723,10.226792,114.443
36.513176,10.504278,36.932099,10.273804,63.49
36.661887,9.083252,34.427783,10.075534,288.265
36.724886,10.738061,36.825788,10.155671,61.487
36.926465,10.271882,33.882982,10.097428,403.246
36.817803,10.226166,36.81729,10.160001,8.046
33.323156,9.882673,36.797294,10.172188,417.313
36.875369,10.335434,36.866474,10.140557,20.271
32.933588,10.450229,36.844481,10.085183,478.145
36.844825,10.087524,36.823201,10.157857,9.091
36.78675,10.17278,34.739173,10.759444,244.109
35.500515,11.042199,36.474703,8.78141,239.222
33.115875,9.053406,33.319875,9.881927,91.985
36.180847,9.556218,36.785754,10.17527,103.865
35.929639,10.56988,35.504357,11.04314,74.239
36.804548,10.174355,34.426177,10.074683,311.145
33.316174,9.883169,36.808016,10.180485,428.186
36.809642,10.176472,36.404341,10.703889,76.674
36.40831,10.702063,36.797257,10.176,72.745
36.844634,10.092623,36.185521,9.556146,101.341
36.823854,10.155025,33.878892,10.095241,373.371
36.894183,10.191709,34.43038,10.074387,298.487
36.401608,10.700081,35.679664,9.106395,191.819
35.929846,10.579174,36.808779,10.184623,113.061
36.8106,10.184647,35.678191,9.107996,180.2
36.894348,10.188772,36.883475,10.155899,4.093
33.884143,10.098665,34.346228,10.552274,72.559
36.880295,10.151323,36.050171,10.499466,110.623
36.879758,10.152759,36.864875,10.223012,7.71
32.932249,10.451197,36.729446,10.740766,503.565
36.839649,10.089701,36.796716,10.205831,14.305
34.736756,10.758723,34.34192,10.550379,59.694
36.797611,10.206006,36.832228,10.223603,5.644
36.870535,10.195866,36.760352,10.226814,16.036
36.507789,10.510405,35.2816,10.953048,163.936
36.826221,10.205017,36.809577,10.180517,3.774
32.929643,10.452604,36.729605,10.251568,471.22
36.650254,10.738023,35.672659,10.892131,120.838
36.66946,9.079903,36.847572,10.138362,108.294
36.797951,10.207839,36.653757,10.739523,60.601
35.673106,9.102382,36.822086,10.153688,170.488
36.879225,10.339631,36.795593,10.590241,29.042
36.510328,10.504868,36.821286,10.162163,54.982
35.9269,10.573737,34.371305,8.830031,245.226
36.879046,10.108391,35.674214,10.898891,168.326
35.677518,9.109073,36.810285,10.180952,166.808
37.275367,9.864367,36.822606,10.165827,68.492
36.817641,10.23201,34.370141,8.827123,323.711
36.833972,10.230119,34.737232,10.759139,261.663
36.828506,10.207994,36.799864,10.205498,4.344
35.931202,10.576068,36.8204,10.162577,117.544
36.732818,10.254224,36.817031,10.162465,15.562
36.832797,10.155017,36.728455,10.738095,64.375
36.478377,8.781004,34.368723,8.831722,269.396
32.931507,10.455025,36.83139,10.164432,519.59
35.674856,10.89749,36.873647,10.101127,171.257
36.813175,10.180433,36.757407,10.228717,10.104
36.850784,10.192932,36.823551,10.154844,5.97
34.348412,10.555225,36.837557,10.137308,325.46
36.818496,10.157205,34.430739,10.06756,296.328
36.557162,10.678261,33.32019,9.878901,402.904
34.371563,8.835591,36.55879,10.673876,322.062
36.511332,10.511389,36.831915,10.22959,48.471
33.118907,9.052687,37.270385,9.863437,507.52
34.373069,8.83268,36.872257,10.106445,312.279
36.833073,10.208078,36.835368,10.221334,1.834
36.825284,10.15352,36.355627,9.178789,116.621
36.88055,10.158079,36.409281,10.704996,80.082
36.890764,10.192281,36.83341,10.208575,8.748
36.800482,10.203173,36.796532,10.178472,2.989
36.820499,10.163779,32.933572,10.446048,494.879
36.477146,8.780407,36.050692,10.505846,183.415
36.819103,10.153638,35.671198,10.896972,157.503
36.659246,9.087432,36.815956,10.232403,117.079
35.675681,10.896904,36.357519,9.183802,189.722
34.342678,10.554761,36.736211,10.249463,301.139
36.666656,9.086843,35.284504,10.949022,247.164
37.273683,9.866092,36.875743,10.106464,60.267
36.898596,10.18952,35.27655,10.95318,200.616
34.432367,10.077002,36.357436,9.182066,256.573
34.923299,8.12593,36.407386,10.70399,331.65
34.737507,10.75809,36.474663,8.781298,286.874
34.370133,8.82998,36.180706,9.55152,234.344
36.661508,9.084736,36.806489,10.182244,106.413
34.925077,8.127166,36.848334,10.192094,301.459
37.276788,9.870581,36.819076,10.151946,66.691
36.835327,10.161148,36.813942,10.177989,3.388
36.81455,10.22754,36.842891,10.086692,17.763
36.798049,10.588065,36.649047,10.738738,25.379
34.346514,10.554651,36.510368,10.509175,271.49
36.562991,10.679075,36.805712,10.179808,59.892
36.800178,10.169178,36.554295,10.670674,61.778
35.498977,11.039471,34.921449,8.12558,312.174
36.833269,10.209797,36.651691,10.738389,58.827
36.823475,10.152562,36.760235,10.223529,13.04
36.757823,10.219293,36.928833,10.278083,22.736
34.741619,10.753284,36.843976,10.086234,264.607
36.830335,10.208104,36.803066,10.17463,5.27
36.41558,10.702379,36.795172,10.205408,74.71
36.8759,10.194087,36.862559,10.218714,3.342
36.875026,10.101708,36.832273,10.161643,8.928
37.270844,9.860967,36.800524,10.589925,90.245
35.283413,10.957008,36.474344,8.78191,273.109
36.754189,10.231654,36.043739,10.507114,88.428
35.674666,10.888046,36.848672,10.196378,169.028
36.886591,10.182266,36.831796,10.203926,9.005
34.742711,10.762076,36.810502,10.226906,253.11
36.182527,9.553597,36.836272,10.156563,103.294
32.929047,10.44941,34.927523,8.125221,356.354
36.79884,10.172007,36.35872,9.184737,120.251
36.755417,10.225261,34.733449,10.75855,247.031
36.358282,9.187135,36.761688,10.22454,118.403
36.757466,10.229431,36.185775,9.556574,93.05
36.849684,10.091737,36.860114,10.14359,6.27
36.514255,10.508743,36.799322,10.590677,37.631
36.83643,10.22461,33.319837,9.881991,458.192
34.373654,8.833343,36.928952,10.27251,338.998
36.808415,10.180203,37.263749,9.867577,70.954
36.355577,9.180696,36.804855,10.16977,113.494
32.928844,10.454248,35.928673,10.574899,373.993
36.404892,10.700832,36.82969,10.20879,72.115
34.736089,10.758476,36.887289,10.153366,267.338
34.373388,8.830002,36.794732,10.206294,341.344
36.758176,10.223001,36.839635,10.140626,15.603
36.875435,10.191474,33.880293,10.100411,362.749
36.85279,10.197185,36.801585,10.165829,7.963
36.887575,10.189263,36.847229,10.136945,8.403
36.738861,10.250975,36.889812,10.187552,21.463
36.820526,10.204576,36.731714,10.253964,15.033
35.93252,10.577879,35.677227,10.898007,45.359
36.798633,10.175108,36.757076,10.225469,7.96
36.475104,8.783329,34.432366,10.069839,294.923
36.187514,9.559324,36.825681,10.169863,97.032
36.870315,10.219669,36.887132,10.189958,3.862
36.838713,10.131777,36.824473,10.154019,3.191
36.406629,10.70065,34.740511,10.76046,193.666
36.830359,10.211201,36.860216,10.141302,9.187
36.844572,10.189025,36.761575,10.22718,12.509
34.919347,8.128864,36.822819,10.157252,317.739
35.28086,10.949906,36.850544,10.196583,223.038
36.836298,10.214228,36.92833,10.278169,15.971
36.838166,10.226225,33.88062,10.096929,355.505
36.80965,10.173978,36.929242,10.275813,19.219
34.737399,10.765433,36.853661,10.197107,269.411
36.408243,10.701313,35.502519,11.042526,115.588
36.560345,10.671262,36.475621,8.780885,187.538
33.121115,9.047432,36.860839,10.145543,482.528
35.676256,9.103199,36.809938,10.18061,169.894
36.801997,10.171852,36.868591,10.215447,10.991
36.806738,10.177592,36.872262,10.341549,17.978
36.667012,9.087345,36.805216,10.18802,118.615
35.669279,9.103357,36.825334,10.159875,171.8
36.81003,10.184349,36.797603,10.588942,39.785
36.88086,10.15181,35.503613,11.043804,192.026
36.874059,10.108162,35.671545,9.10714,185.783
36.046884,10.50196,36.876112,10.340708,109.062
36.80167,10.59356,36.732298,10.256339,37.752
36.049871,10.502188,32.932466,10.45099,382.886
35.929531,10.567422,36.185175,9.554237,103.769
36.351668,9.181261,36.794679,10.587971,149.189
36.83536,10.160762,36.878305,10.338247,18.455
34.371823,8.833908,36.561109,10.670554,346.843
35.500273,11.044173,36.816715,10.229444,176.217
33.11594,9.048439,36.760265,10.226541,454.238
36.815989,10.226623,36.788878,10.171254,6.974
33.881654,10.100856,36.86282,10.141293,355.81
34.927911,8.121257,36.80971,10.183165,304.325
36.803931,10.185454,32.930017,10.458936,494.27
35.67688,9.106447,36.510131,10.499175,187.737
36.719426,10.740663,36.798699,10.587131,20.252
36.830316,10.167548,36.823615,10.153706,2.053
36.82485,10.165523,36.734245,10.742115,61.254
36.799247,10.590712,36.836673,10.134236,47.152
36.848811,10.093449,36.833181,10.209308,14.119
36.555711,10.673039,36.733059,10.732925,23.722
37.277949,9.864497,36.806216,10.18672,69.365
36.823441,10.156304,34.375025,8.836019,350.004
36.878104,10.104275,36.843707,10.131139,5.809
36.868304,10.219273,36.473331,8.782278,151.464
36.85456,10.137168,36.804896,10.175852,8.508
34.739977,10.75683,34.347218,10.553437,53.597
36.832551,10.20612,36.472055,8.786549,144.73
36.813043,10.169327,36.792811,10.169969,2.945
37.273563,9.868306,36.926714,10.272909,64.209
36.725468,10.733094,33.318093,9.878315,445.448
36.886245,10.187048,36.508241,10.501803,54.568
36.8122,10.163294,36.666338,9.090357,106.387
37.278687,9.863543,35.674393,9.112898,225.481
35.926788,10.574525,33.883176,10.096821,267.901
36.404828,10.696962,33.32045,9.875905,401.987
36.929809,10.278241,36.471214,8.784498,157.167
36.049492,10.504205,36.792024,10.178773,97.026
36.861028,10.140707,36.472427,8.783825,151.381
36.564356,10.672875,36.659007,9.086451,152.432
36.818788,10.164292,36.799508,10.588894,43.099
35.673711,10.894795,34.927162,8.128392,287.199
35.926334,10.576932,36.662704,9.084473,180.229
36.886793,10.184121,36.845206,10.131023,9.041
36.794125,10.582043,36.884665,10.187905,44.015
36.827676,10.224681,36.472158,8.781975,148.129
36.758029,10.221165,36.873294,10.193746,18.463
35.670416,9.105265,36.470659,8.781073,100.349
36.64694,10.741671,36.360726,9.192014,165.984
34.375372,8.831994,36.663223,9.082547,266.207
36.860926,10.138294,36.822389,10.165651,6.835
36.808658,10.182151,37.272946,9.864866,71.321
36.181107,9.552923,36.861399,10.136304,98.415
36.883545,10.106693,36.861691,10.138603,4.888
36.820747,10.152743,36.828915,10.213044,7.055
34.344622,10.556799,36.183345,9.551719,240.589
33.321267,9.884514,37.272457,9.866854,505.796
36.506237,10.507308,36.812063,10.229039,47.5
36.848201,10.198776,36.876032,10.336936,16.005
34.349447,10.552556,36.727811,10.733578,306.486
34.373073,8.831421,37.278282,9.862302,395.69
36.842136,10.134162,35.672012,10.897841,161.116
36.811587,10.183003,36.797482,10.205205,3.212
36.471298,8.781016,36.88073,10.105741,141.651
36.927146,10.269951,35.672342,9.105788,185.275
36.930542,10.27769,35.672141,10.898398,176.058
36.731365,10.742058,36.664292,9.085332,165.082
36.87621,10.105777,35.283753,10.945564,225.858
36.864606,10.1402,36.831833,10.231047,11.349
36.925771,10.27579,36.870266,10.225839,9.211
36.836739,10.156653,36.647193,10.737403,68.658
36.840151,10.084994,34.372664,8.83066,328.465
35.283353,10.94592,36.555141,10.679066,163.03
36.179971,9.552858,35.931424,10.572297,104.485
36.858299,10.144531,33.118513,9.048744,481.864
36.726726,10.736793,36.662351,9.08957,169.328
37.268492,9.857646,36.873084,10.33581,69.279
36.886228,10.189374,36.841427,10.087057,12.877
34.434863,10.071673,36.660911,9.086764,286.737
36.80855,10.184966,36.403215,10.704816,79.862
34.376986,8.833214,36.844646,10.135502,327.58
36.863772,10.219357,36.812333,10.17697,9.11
36.792031,10.590099,36.183871,9.552538,126.513
36.047388,10.508223,35.282102,10.949916,103.148
36.797733,10.206173,36.472235,8.787451,148.647
37.275233,9.869336,34.736525,10.762066,314.859
34.434821,10.074174,34.736952,10.764315,81.105
36.840857,10.133365,36.797463,10.172676,7.213
36.86968,10.220166,36.875174,10.190842,3.358
36.727919,10.736184,36.82161,10.15163,62.898
36.735918,10.252338,36.760865,10.224381,4.923
36.88285,10.154737,36.35927,9.183875,116.395
36.553676,10.678821,36.361209,9.183465,161.746
36.180318,9.560746,33.881565,10.09421,295.855
36.796877,10.171634,36.472339,8.782229,143.108
36.831565,10.223433,34.341285,10.552184,310.975
36.857749,10.13636,36.800523,10.171814,9.016
36.40556,10.705177,36.857739,10.138854,89.74
36.825029,10.208738,36.731657,10.734659,59.993
33.315089,9.881971,36.842391,10.087494,442.467
36.044974,10.506899,36.87493,10.341098,99.415
36.867777,10.104873,36.649191,10.743454,71.796
35.673126,9.108891,36.511701,10.506443,167.212
36.852764,10.190684,36.511415,10.503375,54.94
36.833797,10.161118,36.758335,10.223845,12.531
32.932928,10.450961,36.736253,10.254684,439.134
37.277768,9.865121,36.884516,10.160841,58.557
36.361298,9.18075,36.822187,10.167029,108.93
36.359315,9.182211,36.867935,10.218761,112.771
32.933201,10.450792,36.845956,10.191954,511.371
36.048829,10.500421,36.180727,9.551914,98.167
33.879409,10.10175,36.788635,10.176827,373.396
36.858878,10.140804,36.801433,10.174567,9.681
36.801989,10.178789,36.752735,10.226601,8.587
36.807504,10.183795,36.880961,10.157669,11.538
34.377686,8.832681,36.049259,10.503923,262.268
35.283124,10.952823,36.788623,10.171165,209.258
35.925679,10.57066,36.811266,10.225864,116.316
36.869976,10.195799,36.510332,10.506174,52.972
36.80178,10.201208,34.431056,10.066712,313.715
34.366401,8.831399,36.809027,10.183371,320.427
36.929763,10.275888,36.842412,10.089172,21.632
36.842949,10.135252,35.676075,10.895896,166.173
36.471505,8.786894,36.794421,10.592141,173.466
35.680103,9.109792,36.817794,10.228383,183.31
36.846121,10.090444,36.892769,10.191087,14.366
36.881139,10.159087,36.35874,9.184308,118.006
36.884329,10.155751,36.649245,10.732061,70.675
36.825805,10.150306,34.348637,10.553792,311.499
36.505211,10.506141,36.844091,10.137392,54.849
34.73828,10.762679,36.799058,10.169019,271.125
36.819441,10.225828,36.803888,10.178602,5.84
34.741758,10.760345,33.123613,9.052,282.214
36.822784,10.169465,36.561161,10.666948,66.486
35.674879,10.893061,36.871612,10.220988,155.841
36.821029,10.230229,35.675294,10.893983,155.717
35.930998,10.575569,33.114384,9.047045,400.977
36.508633,10.50682,36.8522,10.193203,55.22
36.725222,10.735448,36.823948,10.152615,57.836
34.43247,10.074786,35.502603,11.041634,166.939
36.813577,10.178967,37.276595,9.86133,69.196
35.67302,9.107806,36.873772,10.103369,168.452
34.745404,10.766448,36.795257,10.590971,251.789
36.559557,10.673748,33.326497,9.880378,406.133
37.278357,9.867569,34.920108,8.129348,340.556
36.840691,10.138403,36.875102,10.345086,23.26
36.830283,10.16126,36.824039,10.158037,1.038
36.797505,10.590689,36.826442,10.152636,44.946
36.876447,10.192992,36.858875,10.147559,5.638
36.868054,10.219903,34.921534,8.131154,328.53
34.922629,8.126421,36.883985,10.154719,317.625
34.375145,8.829381,36.890213,10.188073,320.972
36.178349,9.562702,36.804736,10.179766,93.018
36.889916,10.189664,36.861454,10.140863,7.288
35.674215,10.897425,36.870584,10.213965,161.75
36.809594,10.179954,36.650796,10.742552,63.674
36.836447,10.156582,36.66313,9.085288,110.212
36.801848,10.203615,36.813882,10.228583,3.25
35.930944,10.572895,36.817635,10.155938,126.115
35.929513,10.5771,34.926715,8.125542,280.432
36.877686,10.100801,36.355807,9.185596,119.826
33.114558,9.052552,36.842861,10.093466,467.31
36.876764,10.103476,36.796143,10.593621,49.309
33.322061,9.883385,36.784224,10.173368,402.723
36.849968,10.196861,36.402537,10.700777,78.774
36.815833,10.167022,35.67187,10.898008,147.711
36.64857,10.742476,36.799533,10.586118,25.778
36.833549,10.160071,36.475141,8.782251,151.478
34.435153,10.077127,36.875239,10.335085,292.001
36.472309,8.777075,34.739675,10.767456,286.637
36.788421,10.172836,36.821481,10.164476,5.053
34.921996,8.128668,33.88073,10.100013,231.445
36.475696,8.779777,36.814602,10.230638,143.86
35.283631,10.952743,37.27346,9.864522,247.741
36.927188,10.27737,36.831154,10.156939,18.361
33.118131,9.045878,36.049626,10.501366,383.675
36.514458,10.507563,35.679626,9.104369,167.467
36.797357,10.203692,36.791803,10.591585,40.646
34.744985,10.75452,35.282367,10.951455,69.052
34.430924,10.074864,33.319364,9.881657,139.98
33.885584,10.096245,36.891728,10.188796,367.51
36.662408,9.083536,36.474571,8.784023,39.17
36.875788,10.10515,33.121859,9.049398,479.759
36.055709,10.510371,36.800006,10.200801,93.531
36.92148,10.278837,36.511944,10.509289,56.709
36.357459,9.180981,35.675597,10.901626,203.925
34.368091,8.828046,36.808,10.17812,311.951
36.803347,10.172485,35.672695,9.108743,166.921
35.67764,10.895965,36.927432,10.271099,172.457
36.557834,10.679543,36.799756,10.172557,64.248
36.806486,10.178131,34.922595,8.122904,315.59
36.864897,10.137988,36.889888,10.197335,7.354
36.883993,10.186728,32.930585,10.445457,514.796
35.930088,10.578631,35.668971,10.896011,49.601
36.184531,9.554385,36.874337,10.337137,113.889
36.794124,10.58929,36.471537,8.786944,178.045
33.870269,10.098979,36.876479,10.195224,396.221
36.803404,10.177103,36.05227,10.509759,101.052
34.429509,10.070854,36.816632,10.167387,272.993
36.871912,10.192278,36.727938,10.73799,59.321
36.180251,9.556007,35.68241,10.900258,146.467
36.891293,10.189587,36.564756,10.671898,68.509
36.660956,9.085403,36.856283,10.136099,111.387
32.931713,10.455358,36.477255,8.784552,491.96
36.799559,10.173237,36.732383,10.739025,57.975
36.872918,10.105831,36.876304,10.339827,24.466
35.934334,10.574237,37.277542,9.862788,182.087
36.871625,10.110023,36.810143,10.180683,12.565
36.821028,10.167602,36.78741,10.172789,5.302
36.929741,10.270467,36.834169,10.158767,20.177
32.926428,10.450759,36.185076,9.552619,399.661
36.873744,10.10841,36.560848,10.676636,73.077
35.285496,10.943573,34.748142,10.75524,71.22
36.798987,10.590749,36.827771,10.22736,39.866
36.87148,10.101948,33.120468,9.045334,482.757
34.923769,8.129963,34.347693,10.555229,242.687
36.83442,10.164867,36.872997,10.216701,8.483
36.846826,10.090421,35.672288,10.896645,169.9
35.504797,11.038815,36.817054,10.159672,185.302
36.801366,10.183498,36.404884,10.707921,73.043
36.557392,10.676621,36.820173,10.169315,67.029
36.732231,10.251589,36.887946,10.188491,21.44
35.505087,11.042387,36.844,10.142598,192.239
36.820535,10.164357,36.891751,10.185641,11.012
36.852231,10.191891,36.86198,10.219373,3.468
36.933278,10.270681,36.871758,10.338885,11.79
35.673937,9.104738,36.362369,9.177047,93.191
35.92656,10.575232,34.343659,10.549064,204.157
34.741222,10.760426,36.8845,10.158138,262.789
36.789877,10.172095,36.815603,10.161175,3.871
36.472656,8.782497,35.928729,10.577077,198.396
35.67651,10.893909,36.926667,10.273031,175.937
36.933399,10.275783,32.92819,10.455195,495.503
36.850048,10.193274,36.73098,10.255095,18.444
36.838492,10.229961,36.472589,8.779695,141.56
36.736247,10.25097,36.407743,10.703182,59.655
36.660168,9.090256,35.6715,10.89567,225.407
36.920983,10.275078,36.403448,10.702903,84.526
36.81455,10.163398,36.794515,10.585383,45.792
36.806118,10.184991,36.361589,9.182212,118.784
33.87867,10.097542,37.279326,9.863949,409.317
36.838893,10.135747,33.121936,9.046714,470.1
34.737505,10.757651,35.669875,10.895634,114.69
36.050143,10.509424,36.503246,10.51159,58.819
36.357903,9.180339,36.793995,10.585036,162.456
36.846381,10.192515,36.048025,10.509529,98.654
36.738116,10.253884,36.83379,10.159218,18.052
36.357293,9.182293,34.347925,10.550236,298.666
36.848161,10.088578,34.429382,10.075142,284.858
36.75313,10.232023,36.401246,10.708321,70.018
34.426491,10.071011,36.811159,10.185273,275.317
36.663609,9.086687,36.932947,10.281458,122.661
36.052493,10.505069,33.320357,9.88622,349.978
36.880255,10.099466,36.834601,10.214678,14.739
36.823984,10.207324,36.857167,10.196627,4.738
37.276437,9.863563,36.928141,10.271545,60.758
36.563315,10.678584,36.865831,10.223975,60.985
34.369626,8.830228,36.875229,10.192506,332.84
35.497839,11.038865,36.846241,10.091596,198.873
36.659793,9.088795,36.817251,10.155219,104.661
36.853398,10.195191,36.40169,10.699797,83.427
33.880829,10.094707,35.678282,10.89925,226.807
34.73625,10.758666,36.513553,10.509138,211.147
35.926602,10.57296,36.843794,10.089156,125.878
36.184507,9.554826,34.428218,10.077715,227.211
32.925078,10.450598,36.505273,10.505768,450.959
36.840415,10.139874,32.927643,10.452044,482.036
36.733006,10.257601,34.37553,8.833568,308.346
35.27864,10.95037,36.409397,10.702839,149.157
34.376757,8.830604,34.4293,10.078251,129.553
36.888526,10.190623,36.814799,10.226538,11.535
36.786083,10.177493,36.79859,10.205615,3.523
37.270223,9.861267,35.672905,10.897087,217.904
36.801068,10.207755,36.794529,10.593172,43.418
36.786322,10.172266,36.823104,10.210154,7.038
34.73885,10.761906,34.372304,8.833725,217.93
34.3754,8.823831,36.354595,9.184763,257.194
34.365077,8.831817,36.801278,10.168907,319.585
34.348138,10.549462,33.120305,9.046267,204.316
36.859669,10.141175,36.839095,10.230491,11.089
36.845974,10.137646,36.755903,10.226584,16.206
36.8542,10.19228,36.842053,10.13613,6.722
35.931751,10.574606,36.559595,10.673469,77.722
36.876397,10.106145,36.05448,10.508613,103.209
34.744608,10.760969,36.83159,10.22251,277.908
36.357115,9.183001,36.409744,10.699612,158.81
36.826855,10.158154,37.27508,9.864961,65.185
33.884135,10.097038,34.744088,10.762945,130.057
36.410561,10.697822,36.869648,10.215366,77.946
36.830759,10.211771,36.87432,10.19081,6.586
36.181885,9.556731,33.877265,10.098882,304.795
36.873402,10.10313,36.798263,10.593019,53.225
36.818908,10.155003,36.831464,10.208106,6.399
36.558678,10.671803,37.276808,9.864085,124.785
35.927341,10.572826,34.348995,10.549505,192.064
36.798677,10.204715,36.877682,10.340396,20.605
36.050806,10.50277,35.930859,10.574172,19.569
36.561477,10.673608,36.884895,10.154837,66.764
36.796787,10.201259,36.410267,10.701318,70.892
36.845766,10.088773,36.734907,10.25634,22.594
34.923525,8.124031,36.816226,10.15948,328.113
33.318025,9.881991,36.797739,10.591671,446.621
33.319707,9.877635,36.819427,10.152377,446.083
36.65961,9.089975,36.512637,10.506933,136.957
35.673962,9.102643,36.833839,10.161299,177.579
36.182413,9.556705,36.726046,10.739221,132.303
35.676405,10.896655,36.737884,10.255389,143.056
36.861082,10.13878,36.816003,10.230247,12.624
36.557901,10.670143,33.120032,9.047102,456.516
33.317411,9.885404,36.043672,10.4986,367.465
36.853098,10.139969,35.930485,10.573171,126.909
36.793994,10.586421,36.80129,10.170451,40.872
35.678341,9.104617,36.842039,10.193729,185.636
36.852374,10.197316,34.370263,8.8305,356.156
34.741508,10.757333,35.281545,10.949583,76.63
36.857517,10.143357,36.735212,10.253831,18.981
36.516882,10.507987,36.879448,10.338135,52.855
34.373578,8.834118,36.792992,10.174341,354.101
36.812851,10.227982,35.670264,9.112957,182.689
37.275703,9.864635,36.40574,10.703219,128.583
36.871354,10.195592,36.733285,10.253533,18.246
36.18166,9.556537,33.119184,9.047729,371.8
36.187915,9.553666,36.661602,9.08428,84.345
36.798762,10.203552,36.670608,9.087369,119.738
36.821167,10.15573,36.355687,9.181746,120.79
36.733577,10.251757,36.869507,10.198059,19.213
36.406591,10.700159,34.374671,8.826213,320.977
34.368202,8.830093,35.500605,11.03449,274.487
36.477151,8.7816,36.83575,10.232515,152.103
36.801024,10.209075,35.499867,11.043926,182.759
32.931514,10.451428,36.867533,10.217486,513.52
36.882067,10.151356,33.32156,9.882535,412.065
34.740743,10.755248,35.674501,9.110074,202.97
36.474648,8.779391,36.861619,10.144368,137.102
36.653766,10.741515,34.739721,10.763273,237.885
36.7991,10.204571,36.818326,10.228505,3.729
32.929708,10.447017,36.855709,10.138552,516.098
36.833957,10.157679,35.924351,10.570477,118.512
36.660703,9.085215,34.923184,8.127058,244.495
36.82931,10.209713,36.839462,10.126942,10.097
35.282627,10.945951,36.871841,10.193326,214.52
36.927175,10.278432,34.919292,8.125431,316.516
34.922469,8.120827,33.116314,9.059028,234.633
36.861734,10.217006,32.930576,10.451459,500.725
34.926331,8.126098,34.373202,8.831428,100.715
36.355244,9.179076,36.795236,10.206219,119.572
36.881596,10.104228,36.841105,10.085583,6.373
36.044014,10.504528,36.357954,9.182308,143.28
36.730106,10.734608,36.360205,9.184004,165.527
36.882069,10.155194,36.812537,10.18153,10.918
36.556758,10.678789,36.804245,10.177498,62.571
36.801856,10.591268,36.828977,10.228037,39.063
36.813775,10.232717,35.928582,10.570981,113.054
36.798775,10.591507,37.271528,9.863328,97.195
35.283659,10.952262,36.76033,10.220704,206.415
36.409517,10.695959,36.887212,10.185425,86.07
34.347435,10.552761,36.732037,10.255468,312.681
36.887066,10.191709,36.559008,10.675153,61.74
36.88975,10.193267,36.801501,10.588566,43.167
34.346821,10.549571,36.799009,10.171352,294.93
35.28202,10.948125,36.4745,8.784642,245.487
36.832461,10.208017,34.922498,8.125199,319.773
36.870509,10.195912,35.929075,10.577674,123.173
36.883315,10.151592,36.406547,10.704582,82.083
36.868596,10.217159,36.890528,10.19575,3.866
36.83153,10.225602,36.840677,10.088946,15.46
36.736199,10.256354,36.048983,10.503293,94.218
36.733314,10.737109,35.929378,10.576612,100.014
36.358317,9.182787,32.931156,10.45535,462.367
37.27623,9.861309,34.375503,8.83191,377.041
36.890746,10.186215,36.472042,8.78452,157.496
36.926707,10.273422,33.881101,10.104827,363.416
36.801914,10.589789,33.121691,9.048043,450.84
36.85068,10.191144,36.889136,10.187232,5.869
36.733917,10.254999,34.351001,10.554193,315.898
36.816414,10.165186,36.55591,10.676982,62.861
36.811857,10.181414,35.50325,11.040907,183.211
36.840056,10.133714,36.86885,10.222269,10.941
36.822184,10.161464,36.809858,10.22881,8.19
34.353739,10.556972,36.812475,10.174041,307.937
33.313733,9.881041,36.928918,10.274218,434.001
36.849117,10.196742,36.877249,10.338434,18.029
36.820099,10.15769,36.764114,10.223615,11.069
36.824488,10.164446,36.732759,10.254911,16.819
36.755988,10.222664,36.804708,10.205142,6.837
36.801388,10.174932,34.745738,10.756512,277.598
35.672102,10.8916,36.474919,8.784303,247.553
36.563737,10.675253,36.883214,10.153579,64.578
35.6741,10.894736,36.836921,10.164945,156.517
36.795622,10.590742,32.934963,10.45206,479.985
36.873259,10.187498,36.559757,10.675942,66.728
34.373546,8.829442,36.886162,10.196002,343.356
36.358149,9.180372,36.833218,10.212894,112.059
36.474504,8.784923,36.047657,10.509313,172.804
36.876803,10.19073,35.283956,10.951471,218.678
35.5041,11.042944,36.511256,10.506054,144.891
36.826863,10.212378,36.860565,10.141415,10.014
36.803677,10.201854,36.819321,10.165126,4.89
36.796391,10.202573,36.832664,10.229431,6.207
36.556555,10.676397,35.669575,9.105752,180.574
34.43105,10.076961,36.790024,10.172259,289.189
36.186445,9.554757,33.872137,10.093363,302.285
36.802305,10.207866,36.891065,10.189146,12.0
36.846437,10.091826,36.931687,10.271441,22.541
36.733979,10.257755,36.651548,10.738121,55.191
35.675375,10.898664,35.676121,9.103342,187.409
36.844111,10.095694,33.319109,9.87971,422.473
36.849274,10.194119,37.274594,9.860874,68.091
36.831336,10.154763,36.796309,10.172192,5.858
36.477538,8.785194,33.885287,10.093794,339.508
36.848897,10.192476,37.272802,9.86942,62.069
36.832134,10.208057,36.854105,10.196028,3.691
36.86164,10.13965,36.799619,10.583829,44.368
36.357731,9.184064,33.118859,9.045557,407.439
35.276241,10.95053,36.734115,10.245569,195.654
36.049339,10.502994,33.316024,9.877465,340.043
35.931629,10.572627,36.880137,10.337217,123.494
36.808596,10.179657,36.364685,9.182317,111.531
36.730726,10.736117,33.118287,9.049013,482.079
36.408071,10.697643,36.881326,10.151341,86.936
33.317712,9.885112,36.406329,10.702123,398.75
36.809093,10.18008,36.818364,10.162054,2.835
34.736356,10.75806,36.802701,10.170964,256.311
36.183499,9.555597,36.863408,10.141622,95.689
35.28669,10.952314,33.11889,9.052426,331.336
36.755641,10.22465,34.374927,8.836475,306.035
33.321283,9.883028,34.346215,10.550992,144.22
36.869219,10.219368,36.857108,10.137991,9.438
36.355706,9.184625,36.722341,10.733587,153.316
36.883493,10.161194,36.79937,10.588077,44.351
36.832917,10.205606,36.790544,10.590611,38.742
36.823172,10.161482,36.736755,10.255339,16.788
36.557785,10.670791,34.348902,10.559158,267.019
36.8213,10.157485,36.868496,10.218965,9.481
35.282217,10.955909,36.359628,9.181673,213.474
36.929412,10.274916,36.409694,10.702376,82.623
36.833195,10.224311,36.364182,9.181864,117.899
36.41045,10.705046,36.650128,10.741116,31.49
36.874881,10.194211,36.823575,10.156714,7.912
36.648472,10.73852,36.873767,10.197136,63.432
36.647326,10.734704,37.274442,9.866,117.417
36.815073,10.159185,36.927189,10.279236,19.404
36.889448,10.191482,36.930735,10.275765,12.297
34.740466,10.760006,35.673475,9.10893,195.481
36.866554,10.219306,36.662074,9.082018,123.853
36.844858,10.097566,36.816723,10.158762,8.221
36.870239,10.197633,36.796685,10.583774,42.689
35.27819,10.950076,36.051923,10.502318,106.542
34.373691,8.834362,36.882125,10.15369,327.631
36.650555,10.741266,35.926833,10.573661,88.788
36.847433,10.197054,35.500931,11.046463,185.479
36.87372,10.1907,36.811607,10.177597,9.379
36.810332,10.180563,36.795876,10.590488,43.234
36.832008,10.161821,36.814869,10.231443,8.063
36.840563,10.133316,36.648721,10.739041,66.097
33.881794,10.10005,34.431506,10.075126,71.376
36.176214,9.555396,36.728311,10.737763,145.986
36.834221,10.157024,36.880737,10.154122,6.42
33.116163,9.046153,36.822163,10.151513,472.206
36.850373,10.187294,37.272828,9.860641,65.261
36.50475,10.504721,36.561615,10.673204,19.985
36.820389,10.226763,36.874417,10.105454,16.89
36.806599,10.178916,36.842069,10.133876,6.754
35.672912,9.104345,36.811397,10.229238,186.248
36.810286,10.181156,36.828958,10.210672,4.415
36.800752,10.206776,36.361417,9.176159,108.604
36.048543,10.505278,36.183493,9.556147,97.714
36.729846,10.740792,36.408352,10.702716,41.788
36.806593,10.184072,36.660758,9.089208,113.933
36.477167,8.781451,36.801393,10.171022,141.464
35.67262,10.895883,36.723909,10.738941,137.077
35.283905,10.952385,35.925807,10.573907,89.195
36.792087,10.172048,36.819346,10.230305,8.028
36.846033,10.09118,36.404172,10.704288,85.04
36.784073,10.174911,36.760722,10.223957,6.036
36.875368,10.109805,36.666545,9.092185,107.849
36.805077,10.184065,36.827562,10.215615,4.929
36.88279,10.159266,32.935313,10.454733,517.575
36.807891,10.181601,34.923646,8.12167,306.452
34.376686,8.838411,36.843347,10.091672,350.823
37.276237,9.864807,36.812143,10.174479,69.935
33.317629,9.882705,36.835504,10.139159,434.168
35.926176,10.57347,36.863346,10.144132,116.263
32.932277,10.455929,33.321618,9.881947,85.176
36.842182,10.087769,36.887675,10.189498,13.971
36.802868,10.171613,33.88171,10.099843,366.612
33.120914,9.050702,36.506627,10.499895,440.058
36.510702,10.506135,36.560899,10.671544,19.697
36.504674,10.502809,36.871758,10.191598,55.054
34.738471,10.761894,36.842946,10.086669,265.588
35.498878,11.045387,35.928076,10.577564,70.849
36.355203,9.185418,36.817384,10.165688,110.063
36.862758,10.221435,36.802135,10.168672,11.019
36.05493,10.501568,33.117325,9.047593,388.486
36.808234,10.181767,35.670504,10.900201,152.789
36.360675,9.184759,36.841692,10.189865,123.568
36.798855,10.201629,36.832447,10.159611,7.288
36.81401,10.229291,36.857965,10.135244,11.96
36.811975,10.171685,36.728425,10.735517,61.703
36.566693,10.671719,35.670209,10.896975,111.63
36.358799,9.179563,36.877295,10.191919,121.445
33.878977,10.091948,34.430324,10.071278,71.7
36.786137,10.174623,36.73765,10.255989,11.516
36.799678,10.172529,36.799784,10.210791,4.661
36.808276,10.189062,36.754506,10.228741,8.456
36.665075,9.085827,36.186364,9.556844,83.52
34.923293,8.124824,32.932513,10.4535,353.559
36.80812,10.181567,33.120085,9.048836,473.703
36.471338,8.780343,36.840513,10.137392,151.216
36.853508,10.14246,36.840987,10.091657,5.83
36.927342,10.273007,33.31907,9.876445,473.844
36.889217,10.18645,36.844663,10.093051,12.807
33.120581,9.050417,36.791236,10.174029,444.309
36.838441,10.157672,35.669382,10.900053,164.832
32.931796,10.4502,36.930793,10.273039,460.192
36.730431,10.251579,36.822021,10.167118,15.554
34.370965,8.831305,36.833851,10.230258,343.554
36.842058,10.090291,34.354745,10.549643,320.971
36.835964,10.230877,36.836956,10.125847,12.595
36.826948,10.209507,36.806486,10.181433,4.01
36.804582,10.17867,36.054974,10.499797,94.438
36.87471,10.106844,35.507652,11.041882,198.372
36.845376,10.095317,36.408433,10.695932,89.359
36.665129,9.088877,33.119181,9.049288,410.273
36.044819,10.503724,36.564097,10.669277,66.339
32.933595,10.455671,36.817653,10.172941,492.981
36.506647,10.504997,36.831272,10.162777,54.905
36.650282,10.737907,32.928344,10.455257,439.382
34.349016,10.554025,37.271879,9.866303,363.135
36.511354,10.505611,36.360098,9.181692,132.564
36.723176,10.736317,36.811587,10.180823,61.809
35.678826,9.110794,36.798867,10.206962,176.535
35.932118,10.578262,34.744185,10.757749,154.614
36.845755,10.192444,37.271824,9.860921,66.993
36.826806,10.20933,34.367518,8.825814,317.097
36.352751,9.176564,36.662675,9.088275,40.61
35.27584,10.948502,37.274707,9.86832,251.604
35.929046,10.574003,36.927833,10.272189,130.133
36.807753,10.204016,35.673524,10.896194,153.709
36.471478,8.782417,36.837254,10.160488,142.571
35.288411,10.949424,36.735347,10.252056,187.599
36.838408,10.128635,36.732011,10.744236,70.958
36.783846,10.178759,36.807994,10.204447,4.276
36.807131,10.178241,36.046072,10.504853,100.79
36.727477,10.736174,36.79947,10.202101,53.244
36.891917,10.188094,36.815279,10.166008,11.278
36.836343,10.211244,36.927349,10.280528,16.848
35.673122,9.105722,32.927816,10.450687,380.455
36.825249,10.155958,34.430396,10.07082,317.599
36.853392,10.194962,36.359271,9.182484,113.081
37.279246,9.864765,36.849872,10.192787,68.737
33.882257,10.101632,34.744207,10.762398,134.47
36.40881,10.700227,36.510474,10.507124,23.781
36.800435,10.584728,33.880909,10.100906,363.774
36.559061,10.677614,36.797882,10.205004,56.089
36.729327,10.73856,36.833644,10.15547,61.977
36.859279,10.138303,35.67291,10.894795,170.285
35.286413,10.946667,36.561407,10.676192,160.901
36.831896,10.217709,36.787817,10.173704,8.658
35.672043,10.898654,36.842322,10.133894,172.019
36.792139,10.172673,36.88974,10.190245,13.89
36.729179,10.738693,35.926066,10.570482,100.368
36.802724,10.587336,36.798662,10.17371,42.958
35.671019,9.107364,35.672562,10.895408,182.657
32.933051,10.453469,36.810736,10.182315,463.621
36.830163,10.225346,34.738389,10.76005,266.462
36.795845,10.208785,36.663188,9.087232,108.381
34.379105,8.832592,36.832702,10.214926,336.904
36.807849,10.181896,36.562863,10.674634,59.873
36.356055,9.181863,36.876398,10.336778,125.564
36.65143,10.741607,36.831787,10.208663,55.421
36.78795,10.174623,36.507854,10.508817,49.587
33.320659,9.883844,34.374708,8.833462,164.306
36.17979,9.556605,34.423861,10.076083,210.869
37.275457,9.863626,35.923263,10.57495,170.577
33.125382,9.048156,35.668413,9.109543,315.412
36.650963,10.735358,36.862797,10.137541,68.051
36.814367,10.178764,36.647328,10.732081,63.816
36.873176,10.219778,35.284759,10.948395,203.321
34.428909,10.071663,33.884812,10.096734,71.794
36.65238,10.740783,34.739033,10.761141,249.485
36.352737,9.180739,36.474716,8.78338,45.117
36.813585,10.17622,36.802925,10.590883,45.006
36.871746,10.215689,36.824844,10.162912,8.842
36.844872,10.084675,36.785451,10.171036,13.772
36.891211,10.192253,34.926375,8.125794,320.168
36.81441,10.231629,35.672516,9.105376,176.697
36.851084,10.195609,36.561065,10.675156,60.977
35.503405,11.046288,36.816182,10.172439,187.131
34.737028,10.754382,36.888773,10.15734,269.268
33.116129,9.050219,36.833811,10.222046,470.209
36.737747,10.254325,36.513601,10.504581,39.62
35.680877,10.896169,35.503196,11.042632,28.321
36.813942,10.228226,36.798827,10.176041,6.704
36.796546,10.58746,36.471468,8.785074,177.759
36.839472,10.09569,37.272649,9.867203,63.928
36.818578,10.227345,36.738976,10.256897,11.342
36.841951,10.133434,35.927659,10.578326,112.87
36.887007,10.156554,33.119604,9.052219,504.281
35.924872,10.576315,36.835784,10.224043,122.614
36.514264,10.502546,36.731941,10.253351,40.676
36.847963,10.085497,34.432217,10.080614,298.929
37.27085,9.862728,33.119609,9.047462,518.314
34.744246,10.762485,36.730048,10.255127,258.169
36.862973,10.136234,35.673411,9.108152,167.082
35.669178,10.899795,36.874064,10.339555,151.005
36.84312,10.132084,35.929413,10.575934,127.917
36.857732,10.137538,36.822953,10.171259,6.77
36.508594,10.509029,36.410032,10.703225,26.009
36.649304,10.736759,33.317309,9.880746,420.889
36.85086,10.194242,36.821925,10.166958,5.233
36.512763,10.50268,36.886777,10.190493,57.192
36.051312,10.506241,36.177778,9.549522,97.309
35.501628,11.040389,36.180677,9.550604,171.772
36.87088,10.108111,36.799782,10.177442,12.016
36.182465,9.557452,36.867223,10.221872,115.337
36.51377,10.509049,34.376009,8.830856,318.287
35.930627,10.573404,34.373116,8.830536,272.719
36.841095,10.131859,36.727246,10.739748,69.155
36.559162,10.67302,35.672239,10.895252,116.035
36.888189,10.192914,35.671552,10.894492,170.135
36.840917,10.090298,36.727646,10.74043,72.642
36.831012,10.224698,36.731966,10.252407,14.36
36.053008,10.507892,36.800314,10.209072,95.541
36.799579,10.170881,36.875497,10.337408,20.808
33.879739,10.09899,35.927784,10.578328,258.775
35.282321,10.950951,32.927422,10.449942,295.093
34.73668,10.760024,36.875313,10.104324,288.519
33.878284,10.099258,35.670429,9.104136,242.38
36.823165,10.164944,36.822758,10.158979,0.744
33.121656,9.050275,36.887623,10.188707,478.659
36.471227,8.786705,36.735216,10.251332,153.243
37.275371,9.861812,36.866275,10.218116,67.459
36.648579,10.736887,36.864694,10.138824,65.372
36.841023,10.132926,36.821946,10.162151,4.29
36.856072,10.198419,33.114986,9.047103,442.954
34.921189,8.128157,36.505185,10.504472,322.102
36.476338,8.783508,34.347977,10.558358,300.974
36.410648,10.699993,36.820118,10.152258,76.359
34.345586,10.556811,36.860325,10.142511,299.053
36.649261,10.73593,36.729818,10.739347,10.737
36.867649,10.223116,36.877471,10.338671,14.48
36.800222,10.588568,34.434728,10.073282,285.204
36.759849,10.226969,36.803631,10.181479,7.698
36.407397,10.703007,35.28377,10.950877,145.771
36.87623,10.106089,36.822455,10.152,8.769
36.850133,10.197785,36.736972,10.251246,15.86
34.342925,10.548094,33.12029,9.049568,223.156
33.322821,9.87937,35.678633,9.107401,312.147
36.833939,10.151627,36.874042,10.106929,8.173
36.881419,10.102815,36.731727,10.252572,24.686
36.84701,10.139346,36.472168,8.788414,139.919
36.789031,10.173846,36.662183,9.083285,103.153
36.654804,10.734784,36.73796,10.254376,53.251
36.56242,10.671114,36.818649,10.163378,65.112
36.735451,10.255552,36.927717,10.274387,26.945
36.927885,10.276188,36.734473,10.257524,25.676
37.274907,9.866432,34.928233,8.121432,315.582
36.353561,9.181112,36.666772,9.093436,42.395
34.923406,8.124745,36.798142,10.585967,331.697
36.359368,9.178255,36.661624,9.087856,40.332
36.817132,10.231797,32.930924,10.452826,487.148
36.756101,10.224331,36.844589,10.194569,13.902
36.806938,10.181344,34.740314,10.758836,267.811
36.831702,10.229728,36.801061,10.171791,7.655
36.04703,10.506811,34.744838,10.761996,162.949
34.348337,10.552108,36.79679,10.587218,285.858
35.502764,11.042828,36.802995,10.171118,183.89
36.876654,10.192142,36.79413,10.590136,43.779
36.844263,10.090634,36.052157,10.5019,100.128
36.81601,10.227916,36.874248,10.194666,10.025
36.653732,10.739843,36.807211,10.18168,59.879
36.878347,10.155916,36.820932,10.163289,8.846
36.661827,9.08492,36.83023,10.231404,114.541
36.508361,10.507106,36.049014,10.503502,64.622
36.833199,10.222927,37.273102,9.867357,71.857
36.646097,10.737477,36.802179,10.171292,66.065
32.926543,10.453953,36.827366,10.211861,509.532
32.930659,10.454009,36.847394,10.090625,499.43
37.273588,9.866112,36.362891,9.179423,133.726
36.842066,10.086708,36.798913,10.213706,16.889
36.505915,10.507605,36.757143,10.227746,42.349
33.115095,9.047588,36.830418,10.158267,485.447
34.371141,8.830976,36.858222,10.140473,348.776
36.927264,10.270399,36.837276,10.15635,17.987
36.806663,10.185044,34.347003,10.550291,311.513
36.841445,10.137399,34.926181,8.128483,309.663
36.886473,10.192811,36.877512,10.106628,9.527
36.180267,9.556516,36.804342,10.171389,99.58
36.731963,10.733014,36.409928,10.700418,38.879
36.358136,9.188215,36.879417,10.341078,125.092
36.829844,10.214583,36.871552,10.344691,15.907
36.554519,10.677032,36.051128,10.50813,65.319
34.377853,8.835399,36.858523,10.137901,321.37
36.801975,10.206575,36.873627,10.197911,10.115
36.472766,8.788957,36.81533,10.181859,145.762
36.833314,10.161101,36.844215,10.136824,2.981
36.182066,9.551702,35.504054,11.044026,166.396
34.432849,10.073892,36.50811,10.506736,258.457
34.350146,10.550039,36.556642,10.669663,275.09
36.83289,10.228383,36.658118,9.092292,109.427
35.504394,11.040746,36.473159,8.781974,251.134
36.049688,10.509915,36.758685,10.22599,90.396
35.675825,9.105744,33.876751,10.09858,252.43
36.758258,10.226899,33.881477,10.096952,345.53
36.357657,9.179007,36.182524,9.556457,47.955
36.181998,9.549368,36.401161,10.698141,115.547
36.886457,10.152892,36.559746,10.673217,67.483
36.839426,10.136061,35.504428,11.042081,175.931
36.890786,10.190441,36.880285,10.335272,16.469
36.761763,10.224182,36.04157,10.509941,100.376
36.835402,10.160202,36.838076,10.087901,8.168
36.050519,10.505635,34.737077,10.76071,163.598
36.837473,10.158221,36.875946,10.105768,7.476
36.874855,10.192618,35.49965,11.044692,184.34
36.409728,10.696434,36.867631,10.143459,82.478
36.8597,10.135298,33.316313,9.880058,430.27
36.363071,9.179086,36.926787,10.271073,122.19
32.927077,10.451027,33.316823,9.878566,82.699
34.920906,8.127349,37.273741,9.86365,328.777
35.502345,11.040761,36.892435,10.190068,200.829
36.409153,10.701462,32.932585,10.451255,425.828
36.180019,9.553816,34.346776,10.546237,244.047
36.824502,10.15435,36.665223,9.085525,100.715
36.83192,10.226996,36.874827,10.195402,7.054
36.821204,10.229769,36.561687,10.671814,55.889
34.431304,10.077043,36.834106,10.160753,285.8
36.842625,10.127797,36.660284,9.091878,107.561
36.822389,10.15338,34.375748,8.828897,346.561
36.863943,10.225395,36.890672,10.190986,5.212
36.869497,10.217254,36.051552,10.499411,100.692
33.319848,9.88354,36.837032,10.135618,460.912
35.928632,10.565691,36.821163,10.157576,121.108
35.679144,10.890753,36.821091,10.155615,148.837
36.559613,10.677196,32.933182,10.451846,430.47
36.873363,10.19704,36.843783,10.086628,13.359
36.658595,10.741991,32.929152,10.447332,468.088
32.928662,10.448938,36.756166,10.230444,474.765
36.833111,10.227507,36.510512,10.504036,52.3
36.556488,10.67404,34.427545,10.075151,282.187
34.42851,10.07013,36.877348,10.338356,312.604
36.876148,10.194672,34.928889,8.125551,316.545
34.372279,8.834611,34.739007,10.762968,208.37
36.799125,10.168205,36.735115,10.252369,13.422
36.837073,10.232503,36.892181,10.190436,9.337
36.886681,10.190028,36.179834,9.556502,108.641
36.661959,9.089575,34.920962,8.131459,233.806
36.505889,10.502449,36.787327,10.1721,52.957
36.818682,10.232229,36.830917,10.2257,2.011
34.348014,10.55004,36.890014,10.194364,325.356
36.824577,10.15573,36.866531,10.217844,9.483
36.806099,10.181893,36.802444,10.209089,2.943
36.855237,10.150151,36.815942,10.226482,10.994
36.763926,10.223326,36.813843,10.230185,7.91
35.677049,10.899494,36.803014,10.168607,149.977
34.737537,10.761033,36.831693,10.227252,247.726
36.730224,10.730787,36.865963,10.219907,54.736
34.373991,8.833132,36.653827,10.737671,359.466
36.862428,10.139273,35.276118,10.945534,212.584
34.352287,10.553927,35.279752,10.94869,127.491
34.735329,10.762107,33.884448,10.10241,116.34
34.372427,8.832652,36.762187,10.221867,328.649
34.372776,8.837307,32.931826,10.447555,242.959
36.822141,10.154457,33.117841,9.047328,504.439
34.348068,10.548852,36.824671,10.159367,295.608
36.843667,10.089025,36.508395,10.501857,62.733
36.847622,10.19407,36.834525,10.158283,4.353
36.726521,10.742745,36.799664,10.171182,60.482
35.497266,11.042672,33.116532,9.05019,345.452
36.804452,10.168287,36.876097,10.334521,20.547
36.872662,10.191153,33.121723,9.047584,475.385
36.870052,10.221693,36.665318,9.083128,109.711
36.05653,10.4997,35.279129,10.948743,108.79
36.185875,9.556345,36.832961,10.1601,101.433
36.883721,10.157608,36.729923,10.737808,61.504
36.884789,10.157417,36.506684,10.508281,57.045
36.8627,10.138128,36.357822,9.180412,119.964
34.921455,8.126223,35.277011,10.950575,291.961
36.183249,9.559701,36.868941,10.219555,104.019
35.675092,10.899746,36.860928,10.138332,173.821
36.888585,10.190755,36.87552,10.194041,2.131
36.863464,10.140218,36.84241,10.136374,3.139
36.510395,10.516007,36.354688,9.178345,131.438
34.922501,8.126823,36.820092,10.168699,306.062
36.810011,10.182639,36.864221,10.223063,8.713
33.883523,10.09803,36.891109,10.155428,360.245
36.758609,10.228014,36.477564,8.787676,141.427
36.831422,10.215138,34.927357,8.129456,332.819
36.869695,10.192395,36.792523,10.180329,11.85
36.824791,10.152492,36.357495,9.180365,114.374
36.846472,10.091109,36.807854,10.168146,11.264
36.819209,10.227493,36.815041,10.181637,5.526
36.925706,10.276867,36.834585,10.163313,19.619
36.736019,10.254007,36.504995,10.508997,40.206
36.820378,10.170139,36.872348,10.334935,19.032
36.804396,10.181625,36.726663,10.736523,61.368
36.798984,10.207749,36.861846,10.137299,12.497
36.815366,10.228313,35.283817,10.945075,195.545
36.506888,10.50487,36.667254,9.088907,145.384
34.73902,10.763618,34.350527,10.553233,58.047
36.503577,10.50569,36.411505,10.698474,21.772
35.279106,10.95111,36.660987,9.085985,258.967
33.116628,9.051424,37.264225,9.864499,555.324
36.879016,10.107448,34.922885,8.128096,332.535
36.802941,10.18002,36.843557,10.095192,11.122
35.67609,10.89342,36.872427,10.212369,165.795
36.402867,10.701278,36.649614,10.737613,34.211
36.854619,10.190407,36.858693,10.136188,6.608
36.511291,10.507593,36.873363,10.330381,52.235
36.876123,10.102051,35.28349,10.950143,216.487
36.836893,10.159565,36.660529,9.085987,102.494
36.550423,10.671865,36.797895,10.589043,32.71
36.727102,10.734314,36.827148,10.156815,60.049
35.922739,10.577601,34.346095,10.552917,182.393
36.812857,10.185105,37.265166,9.864818,66.484
36.816495,10.162749,36.662086,9.084383,109.702
34.737052,10.758156,36.878279,10.338494,273.796
36.402234,10.705018,36.89025,10.155257,90.114
36.356007,9.180114,36.054675,10.504014,129.25
36.508985,10.505781,36.359102,9.184756,130.34
36.735662,10.250349,36.354501,9.190918,122.188
36.818672,10.154596,36.847993,10.199482,6.944
33.320197,9.877009,34.431681,10.074056,147.554
36.850895,10.197451,37.272721,9.867708,69.279
36.83367,10.156575,33.883809,10.093841,355.923
36.848882,10.19314,36.052884,10.507305,108.134
36.883279,10.156416,36.562694,10.673291,65.8
36.831342,10.155102,35.673292,10.896873,157.529
36.812927,10.182644,36.848454,10.198735,5.417
35.929751,10.575733,34.736159,10.758346,154.101
36.890702,10.195108,36.822073,10.15975,10.592
36.66349,9.086348,34.920197,8.121807,246.685
33.323117,9.878775,36.88327,10.15452,430.323
36.474669,8.787268,36.048837,10.509506,173.958
36.508514,10.506977,36.876173,10.33357,53.401
37.276953,9.865158,36.85736,10.142421,64.852
33.115464,9.048619,33.88258,10.099432,146.754
36.471642,8.785396,36.511462,10.503309,165.97
36.845105,10.08462,36.856177,10.138523,6.848
36.825121,10.225365,36.793918,10.206869,4.775
34.349855,10.550792,36.877057,10.103237,297.47
36.564668,10.677899,36.476447,8.788435,192.8
34.920634,8.131187,33.325256,9.884667,265.948
36.473571,8.782732,35.673919,10.893385,235.994
33.117452,9.042105,37.272401,9.870236,542.648
33.318188,9.877701,36.84771,10.088746,405.41
36.564816,10.672377,34.374168,8.831883,337.647
36.403346,10.701257,36.726654,10.74087,43.71
36.847014,10.197249,36.812033,10.174193,5.908
36.647943,10.737948,36.879614,10.339637,49.407
36.833656,10.22437,36.734935,10.252716,15.405
36.864725,10.223201,33.122164,9.045873,476.1
34.351315,10.555926,34.370393,8.83181,176.647
32.927374,10.45168,36.891535,10.18953,475.804
36.836553,10.151781,36.880915,10.337857,21.308
34.921469,8.121715,36.786634,10.175135,325.653
36.83107,10.157389,34.923694,8.122576,314.545
36.925983,10.275393,36.829916,10.157486,18.867
37.275318,9.863602,36.872153,10.104351,62.62
34.349689,10.555524,36.798017,10.210063,307.027
36.833213,10.213859,36.735096,10.738044,59.527
33.118097,9.047907,36.405269,10.695435,429.441
35.505287,11.038557,36.880336,10.160823,205.449
36.874097,10.193032,35.674339,10.899025,159.353
36.75999,10.228763,36.508824,10.50826,44.113
37.275462,9.861521,35.27963,10.952217,272.794
35.280485,10.950637,36.861776,10.144905,213.495
36.183812,9.553521,36.731114,10.252331,100.704
37.278303,9.866414,34.927222,8.119579,317.662
36.756199,10.225484,34.369446,8.828486,319.054
36.800054,10.172754,36.928161,10.275522,19.891
36.817646,10.231512,36.476808,8.78174,145.549
36.829641,10.210882,35.675118,9.104818,189.021
35.925837,10.572647,36.876297,10.193982,123.847
36.822179,10.157329,36.848952,10.189532,5.196
34.926163,8.130517,36.359488,9.184885,212.668
34.744263,10.760071,36.869637,10.106905,280.698
36.754953,10.230085,35.928144,10.575111,105.314
36.849387,10.188861,34.923921,8.121078,320.898
34.922852,8.129845,36.816889,10.16334,312.213
36.505334,10.501377,36.832779,10.1528,53.024
36.879357,10.157111,36.804129,10.1808,12.325
36.730679,10.73628,36.800762,10.205647,56.406
36.926048,10.274693,36.841768,10.137286,18.826
36.887074,10.152924,36.812155,10.175849,10.718
36.805273,10.171744,36.806465,10.175751,0.534
36.650214,10.740117,32.93148,10.452453,469.196
35.927061,10.577104,36.87668,10.103295,136.0
36.828659,10.214876,36.758142,10.22629,10.731
36.805736,10.17431,36.051503,10.508247,104.546
36.847417,10.084954,36.786549,10.173553,14.096
36.357538,9.18379,36.757518,10.226908,121.744
36.843996,10.085938,35.503467,11.046039,183.301
36.830449,10.210802,36.876123,10.101539,14.752
36.406938,10.709562,36.048568,10.509852,55.702
36.819022,10.156341,36.727825,10.742036,61.865
36.890232,10.1851,36.052125,10.505257,102.15
35.673279,10.899004,36.816042,10.23057,159.52
36.81146,10.180702,32.930373,10.45543,506.785
32.93357,10.451452,35.275817,10.947682,287.875
36.835671,10.227735,34.347824,10.555907,293.425
36.888031,10.160023,36.474257,8.783664,138.981
35.672479,9.103789,36.558766,10.681192,192.095
36.798651,10.591416,36.875486,10.10788,49.233
36.840189,10.093004,36.728642,10.732179,70.021
36.795494,10.203654,36.820269,10.169188,5.165
33.120138,9.045627,36.841903,10.088749,464.977
36.842427,10.135386,34.368892,8.834148,336.174
34.371827,8.82804,36.837247,10.087295,341.862
36.865276,10.221337,36.812705,10.228515,7.377
36.050021,10.507244,36.881219,10.156561,112.725
36.510078,10.503885,36.729064,10.74206,39.669
34.37263,8.824803,36.84109,10.092195,329.989
36.735961,10.247636,34.432807,10.072296,290.991
35.675273,10.892766,34.347376,10.548752,167.198
36.878235,10.335602,36.819656,10.156552,20.595
35.926913,10.575288,36.179944,9.561189,107.276
35.93006,10.57427,36.470086,8.787453,177.218
36.825351,10.15645,35.676551,10.894348,170.268
36.81107,10.228412,36.833111,10.228392,3.363
33.317287,9.880289,36.35875,9.186316,385.201
36.810676,10.228904,36.818824,10.156894,7.961
35.930124,10.576561,35.279882,10.950507,92.192
36.78749,10.179916,36.846449,10.195415,8.969
36.783903,10.17761,36.7977,10.201443,3.267
36.84297,10.133473,35.278151,10.950229,214.477
34.375013,8.834384,36.811497,10.179032,335.896
36.563745,10.676718,34.738306,10.756548,220.341
36.663679,9.091646,36.859419,10.143258,103.792
33.311685,9.878808,34.378518,8.831761,170.595
35.672553,10.890366,36.049663,10.507539,60.653
35.503617,11.039185,36.852126,10.19462,190.818
36.88802,10.194793,36.349255,9.186178,120.979
36.562578,10.678138,36.861586,10.219867,63.111
36.662893,9.084682,36.925065,10.273171,127.755
34.374251,8.826885,36.78423,10.171383,338.176
33.312306,9.884393,35.497306,11.041687,310.952
36.801185,10.176444,36.895557,10.186463,14.253
35.281063,10.947353,36.867773,10.219015,211.945
36.661155,9.086293,36.783828,10.17698,103.114
36.729058,10.738134,36.83248,10.208731,58.732
34.740417,10.76131,36.785595,10.168711,253.927
36.833524,10.138491,36.821886,10.163135,3.455
36.811537,10.231101,37.272586,9.867741,72.956
36.832636,10.214001,36.666964,9.084715,110.518
36.818574,10.227331,36.792419,10.593182,37.643
36.849809,10.191413,36.801871,10.204082,7.488
36.873135,10.154362,33.31851,9.885408,421.499
34.743148,10.751574,34.915575,8.125344,249.385
34.34293,10.556153,36.804216,10.186333,305.039
36.735868,10.251819,35.678123,9.107773,180.995
36.845195,10.085683,36.800895,10.200661,14.445
33.31752,9.879794,34.739833,10.758125,195.546
36.793375,10.167701,36.829533,10.212669,7.807
36.508928,10.506469,36.867556,10.219855,54.583
36.563157,10.673052,36.850826,10.195968,64.511
36.054013,10.503275,36.873887,10.106866,110.796
36.790369,10.1762,33.321771,9.881876,424.257
34.370922,8.828976,36.754583,10.224594,337.408
36.874387,10.191274,36.842169,10.086482,13.848
35.278111,10.944215,36.35675,9.185747,211.345
33.321911,9.88246,36.35971,9.187098,354.686
36.878272,10.102657,35.283136,10.949648,217.01
36.55821,10.672896,35.674941,10.894411,114.06
35.673409,10.895887,32.939722,10.454849,331.936
36.874876,10.338647,35.502503,11.044874,185.115
36.357122,9.184476,36.845672,10.139504,119.354
36.846372,10.136097,37.281502,9.870083,60.185
36.813186,10.227386,36.755221,10.223537,7.961
34.430978,10.077268,36.801647,10.16954,307.266
36.814595,10.174371,36.892322,10.18408,11.31
34.431507,10.074026,36.407582,10.69987,255.675
36.822953,10.160553,32.927232,10.450814,462.115
34.741456,10.757685,36.865607,10.141192,261.759
36.828273,10.232119,32.932348,10.45841,494.009
36.354409,9.180712,35.287052,10.948751,228.83
36.827162,10.208699,36.187874,9.551122,100.166
34.745489,10.758693,36.35827,9.181348,247.059
36.884516,10.187586,33.117596,9.051067,487.528
34.350341,10.547303,36.509454,10.512435,276.348
36.737943,10.253112,34.926137,8.126007,313.612
36.354033,9.185271,34.366544,8.831185,236.819
33.122975,9.044574,36.796602,10.587479,471.723
33.116747,9.056486,36.828953,10.224867,452.58
35.505871,11.042727,33.122335,9.046692,358.114
36.845499,10.091539,36.84033,10.135299,5.005
36.048997,10.505878,36.798533,10.59026,92.221
34.371512,8.832731,36.84055,10.134588,346.458
36.507699,10.504798,36.879534,10.337195,51.2
35.501463,11.038968,36.795202,10.204266,185.612
36.731306,10.254199,36.817547,10.167149,16.103
36.185063,9.555044,36.800153,10.2069,98.12
36.73049,10.258495,36.47546,8.78542,156.059
33.11676,9.047466,32.926378,10.449136,152.21
36.849922,10.090663,36.505485,10.506081,57.521
34.740382,10.75958,34.37297,8.82659,201.394
36.726627,10.739562,36.847101,10.138489,66.792
34.350059,10.552402,36.887654,10.153481,303.779
36.797975,10.173495,36.867139,10.219574,11.293
36.86375,10.220791,35.674643,10.896737,165.946
36.835671,10.227021,34.73999,10.764936,270.7
36.804457,10.178953,36.872741,10.188886,10.413
36.877516,10.337315,36.866189,10.223582,13.839
35.670747,10.899927,36.838911,10.090744,162.589
37.273044,9.866526,36.826248,10.159367,65.477
36.876245,10.19304,36.812442,10.238152,10.078
36.557382,10.672508,36.728346,10.73454,24.794
36.734273,10.247659,36.805907,10.184125,13.22
35.279329,10.948934,36.837972,10.134925,208.149
34.922561,8.121419,35.92814,10.579002,274.344
36.82065,10.183088,36.836366,10.157953,3.436
36.798546,10.168819,36.85877,10.144813,9.035
36.795958,10.171369,36.879814,10.154663,12.873
36.875819,10.192056,36.726978,10.732878,59.516
36.845459,10.089744,36.85537,10.138158,5.639
32.934949,10.452329,36.830603,10.159858,477.301
36.816767,10.15583,36.871901,10.341894,20.752
34.346317,10.548483,36.797006,10.58532,314.27
36.848593,10.091303,36.810281,10.185202,11.272
36.508005,10.502487,36.179918,9.557613,99.552
32.930916,10.454965,36.816026,10.228114,491.822
36.835978,10.150019,36.833576,10.210316,6.358
33.116804,9.043945,36.509369,10.510355,450.09
36.815421,10.176646,34.737456,10.758405,262.038
34.348805,10.550175,33.890234,10.100675,71.713
36.662952,9.08591,36.795551,10.200091,110.432
36.40636,10.705171,33.316716,9.884338,390.015
35.674365,10.894459,36.891562,10.185107,167.175
36.833295,10.226651,36.926976,10.271125,14.492
36.470866,8.780682,36.884478,10.158264,153.226
36.798173,10.170044,35.927732,10.577992,124.026
34.426542,10.074069,36.870738,10.105848,321.87
36.663008,9.085167,36.788325,10.171143,109.066
36.407647,10.70254,36.868134,10.217036,85.821
34.374753,8.833242,36.855259,10.139033,349.478
33.326912,9.882524,36.890289,10.185041,442.407
36.82855,10.207938,36.725124,10.738714,60.123
36.823189,10.158675,36.8827,10.159631,8.826
35.675301,9.106408,36.799327,10.171172,184.176
35.673366,9.109034,36.830564,10.20938,178.341
32.933324,10.449045,35.67507,9.106992,359.727
36.860264,10.139038,36.786713,10.171316,10.507
36.868579,10.219168,36.85795,10.146248,7.913
36.812601,10.173699,34.375341,8.837554,344.751
36.801072,10.175109,36.837126,10.157553,5.589
34.427713,10.072173,33.315857,9.883229,130.988
36.555567,10.671387,35.273371,10.951411,169.236
34.924677,8.119106,34.428858,10.078161,205.153
36.47549,8.78448,36.819088,10.170988,147.238
36.842027,10.089884,35.675252,9.104126,165.505
36.877378,10.102953,36.647811,10.740655,76.07
36.882535,10.159634,36.559342,10.673139,70.394
36.871619,10.105753,36.876266,10.192505,9.998
36.828981,10.211208,34.369339,8.829892,349.384
36.362445,9.18316,36.876421,10.334248,134.08
36.726961,10.739309,36.40823,10.699083,41.53
36.877321,10.334168,33.116085,9.051851,465.507
33.877907,10.098023,36.866815,10.217641,361.092
36.560336,10.674253,36.416679,10.699606,20.316
36.826788,10.224989,36.556976,10.674379,58.893
33.123456,9.050722,36.871807,10.103841,453.153
36.822155,10.163641,36.048673,10.502161,104.663
35.67033,10.897582,36.792827,10.590806,150.324
34.926539,8.121386,36.874559,10.342881,313.523
33.876367,10.099745,37.272185,9.866177,445.99
36.79326,10.207683,36.825849,10.209948,4.277
36.927054,10.278668,36.796554,10.587278,37.711
36.75768,10.225767,36.788223,10.173855,7.539
36.799991,10.182397,34.346347,10.551301,288.797
35.274171,10.952495,36.797545,10.58929,195.879
33.321873,9.884528,35.279659,10.950943,276.449
36.358903,9.186108,34.37026,8.8305,244.742
36.86687,10.217475,34.429395,10.071651,282.324
36.826597,10.157334,34.347534,10.557301,311.577
36.359471,9.180813,36.404791,10.703934,149.697
37.274907,9.866387,36.830394,10.158828,64.675
36.886298,10.156851,34.344648,10.550605,311.256
36.802228,10.170272,36.649327,10.732539,59.51
36.83127,10.2256,33.31813,9.883187,418.683
34.37775,8.831981,34.74195,10.760875,193.678
36.18513,9.552204,36.835728,10.091613,91.921
36.836537,10.226597,36.842241,10.137883,11.001
34.375449,8.830116,34.351318,10.549801,177.625
36.759834,10.230306,36.504461,10.502265,44.191
36.87446,10.108013,36.831797,10.155901,8.793
36.877886,10.33547,36.669649,9.089041,126.404
36.510055,10.509217,36.889472,10.190467,60.014
36.800563,10.582575,36.515248,10.505205,39.827
34.744416,10.759888,35.501451,11.042572,99.582
36.889725,10.18544,36.845219,10.13535,8.141
36.796982,10.207578,35.675351,9.109081,170.067
33.883459,10.09932,36.799877,10.172001,352.822
36.05698,10.503078,36.839736,10.135859,105.73
36.861323,10.134335,35.281232,10.950195,212.437
36.817751,10.168094,36.799162,10.592612,40.888
35.671489,9.104683,32.929062,10.451804,369.148
36.84153,10.126919,36.65987,9.091353,109.032
36.184171,9.560743,37.27144,9.864432,139.344
36.799328,10.182246,36.735973,10.252174,12.588
36.848352,10.140366,36.798713,10.203187,9.546
36.480256,8.784099,36.404538,10.698408,198.834
36.563756,10.674799,36.926562,10.271763,67.03
36.878839,10.103639,36.561954,10.677161,72.98
36.847145,10.194456,35.677539,9.105443,177.472
36.874618,10.110298,33.316932,9.886508,459.279
36.479616,8.790044,36.80049,10.173813,149.105
36.64734,10.735659,36.815876,10.181668,66.51
36.561598,10.676236,37.268962,9.864878,123.891
36.852451,10.19433,36.564013,10.677499,58.181
36.667839,9.085427,36.866688,10.21928,113.81
36.788578,10.168455,36.361654,9.185192,116.156
36.873671,10.19356,36.727294,10.742371,57.775
33.880254,10.097747,32.92847,10.447914,117.962
35.673409,9.106424,35.926491,10.572901,157.014
32.928088,10.447037,36.360604,9.179523,432.819
36.822719,10.153086,36.725182,10.736834,63.691
33.879369,10.101191,34.372866,8.827549,142.307
33.120042,9.044942,36.886073,10.151776,470.961
34.349474,10.549311,36.83268,10.154725,285.517
36.8475,10.197142,35.677585,10.894788,161.134
36.892534,10.187225,36.049706,10.501501,103.684
33.879883,10.095307,36.818931,10.164832,377.664
36.927498,10.275007,36.876335,10.150771,17.599
36.655072,10.741815,36.050532,10.509178,81.014
36.819279,10.155125,36.735841,10.254358,15.958
36.797645,10.205544,34.374406,8.829427,314.685
35.280237,10.950543,36.513535,10.502087,168.501
36.7934,10.583519,36.865154,10.22021,39.72
36.80956,10.177797,36.507871,10.506458,51.263
36.844618,10.136756,36.79945,10.587858,51.19
35.67398,10.897284,36.841286,10.135408,161.6
34.370781,8.832042,36.731524,10.256643,328.0
36.178012,9.553251,36.867133,10.220934,110.955
36.793039,10.171707,36.725851,10.737185,61.064
36.839633,10.086702,36.807658,10.178462,12.052
36.867291,10.221712,36.754922,10.226483,16.751
36.803328,10.174215,36.825564,10.150745,3.81
36.830716,10.211819,36.789575,10.176316,7.125
36.797935,10.199443,36.358604,9.185226,110.924
33.121156,9.046716,36.878881,10.160553,503.993
36.843822,10.132966,36.794634,10.209781,11.089
35.507854,11.037255,36.810949,10.176953,178.636
36.874389,10.342315,36.92967,10.278814,11.115
36.891962,10.192752,36.403861,10.702676,85.27
37.27175,9.866067,36.892002,10.188169,59.989
36.786343,10.172131,35.27606,10.95525,205.838
34.7368,10.752476,35.280992,10.953975,69.566
36.178443,9.561124,36.801321,10.59402,135.163
36.181632,9.561499,36.51028,10.505935,103.274
36.815459,10.177405,36.358489,9.184866,109.121
36.860387,10.141376,36.841507,10.13516,2.636
36.927103,10.273075,36.051359,10.509155,116.061
36.888588,10.189893,36.812935,10.231145,10.869
36.845411,10.090542,36.647101,10.735976,76.554
34.353229,10.546662,36.814521,10.181224,320.424
36.399463,10.702658,35.926568,10.576742,67.111
35.284895,10.950393,36.870839,10.195578,215.696
34.926809,8.127104,33.121936,9.049058,251.832
36.801281,10.20234,33.879976,10.096777,391.132
36.81788,10.21972,36.838581,10.165016,6.981
36.838096,10.141385,36.406747,10.70275,77.289
36.476708,8.78176,34.346258,10.54955,334.158
36.879206,10.153377,36.848805,10.192507,6.763
36.185526,9.557136,34.371844,8.831647,239.576
36.822664,10.156576,36.761244,10.225031,11.361
36.667458,9.084676,36.87226,10.193064,109.032
36.801345,10.203581,36.807616,10.177206,3.08
36.468151,8.777572,36.822213,10.164428,143.494
36.808606,10.17666,37.276292,9.861539,64.208
36.72999,10.739804,36.651854,10.741589,11.631
35.927111,10.573368,36.663301,9.084713,167.557
36.815009,10.153696,36.40872,10.699833,80.889
36.808961,10.179888,36.872474,10.197765,9.094
36.475913,8.780579,36.833798,10.156631,141.822
34.431283,10.079759,36.557283,10.677307,258.446
32.931132,10.454493,36.655932,10.739471,461.731
36.845751,10.191627,34.35196,10.555517,303.394
36.725406,10.741035,36.839554,10.134995,61.263
36.874167,10.101495,34.372863,8.83248,317.345
36.870021,10.185918,34.350328,10.550694,304.232
36.759076,10.223254,36.733207,10.251117,5.389
36.839676,10.093749,36.876218,10.10648,5.004
36.050138,10.505349,36.794457,10.205709,94.353
34.735204,10.761069,33.323873,9.883456,200.863
34.369181,8.82965,36.80642,10.18119,350.706
36.176916,9.557977,36.840862,10.133664,97.732
34.435596,10.076798,34.373136,8.832897,122.784
36.804968,10.176285,36.80417,10.204102,3.254
36.829259,10.229537,35.676484,9.107341,171.443
37.276216,9.866239,34.743257,10.760921,320.501
36.839459,10.090114,36.86526,10.137524,6.741
36.846511,10.142435,33.117651,9.05307,501.954
36.560523,10.67261,34.432528,10.070508,262.47
36.816978,10.227901,33.320632,9.882727,414.187
36.82892,10.212643,36.508939,10.508927,51.444
36.932403,10.277221,37.278945,9.861199,61.06
36.815586,10.16797,36.819338,10.162691,0.933
36.474771,8.782199,36.86953,10.220072,155.675
36.798962,10.588129,35.675385,9.107254,201.119
36.817462,10.230476,36.822231,10.157286,9.16
36.811294,10.180205,36.874092,10.196623,9.318
36.359085,9.183083,35.678768,10.898022,197.647
33.322226,9.877884,34.739198,10.755351,206.706
36.801794,10.206426,34.73955,10.762344,264.314
36.802137,10.171905,36.864434,10.144276,9.732
36.802568,10.171409,35.677099,9.105021,172.537
36.825093,10.231255,36.810656,10.184754,6.007
36.508267,10.507253,35.676492,10.889302,111.211
36.828326,10.208554,32.933749,10.449474,460.892
36.875472,10.107252,36.800583,10.595329,49.105
35.50311,11.041599,35.284593,10.950558,30.642
36.818564,10.211752,36.924035,10.2693,16.785
36.359674,9.181521,36.871593,10.222794,128.172
36.819613,10.153153,36.845961,10.19189,5.805
36.828716,10.225195,36.78807,10.174493,7.882
36.831765,10.156341,35.504166,11.040105,178.77
36.80887,10.180622,34.430366,10.073521,300.797
34.374467,8.828558,36.799239,10.209435,344.155
33.318993,9.882272,36.830368,10.225679,421.659
36.557232,10.671355,33.318218,9.87976,389.319
36.762773,10.226641,35.926455,10.572658,110.443
35.924311,10.574949,36.797365,10.205567,109.943
36.930961,10.272176,36.869922,10.218445,10.754
36.872648,10.195955,34.432834,10.069571,320.264
34.923767,8.12241,36.73721,10.25041,311.304
36.871342,10.221178,36.813529,10.184849,8.94
36.790485,10.172953,36.66544,9.089932,114.825
36.929847,10.274471,36.403282,10.704243,82.185
36.857265,10.13967,36.928133,10.271827,18.388
36.832253,10.209391,36.789971,10.17893,7.141
36.877304,10.34215,36.799382,10.208461,18.861
36.819812,10.226077,36.824283,10.156171,7.577
36.477313,8.786809,35.670003,10.897152,232.064
36.831646,10.230408,36.797981,10.167033,8.804
36.814567,10.177033,36.815317,10.170316,0.897
34.428644,10.072128,36.859098,10.138325,292.731
36.663824,9.091727,36.805192,10.209472,113.182
35.28427,10.951344,36.804034,10.208754,194.321
36.83613,10.227491,36.812437,10.232656,3.304
35.673338,9.110602,35.928405,10.572559,150.76
36.928688,10.273602,36.844251,10.091815,20.64
36.406103,10.695743,36.562171,10.671379,22.043
36.888667,10.193747,35.929139,10.573039,117.924
33.124457,9.044744,36.051159,10.508997,385.337
36.789979,10.169486,36.359143,9.185679,102.64
34.428267,10.074957,36.927163,10.274167,309.431
35.499874,11.039771,36.860319,10.137766,179.618
35.498446,11.043881,36.81218,10.181528,175.277
36.833497,10.229362,36.803808,10.177036,7.006
36.80461,10.589646,36.821303,10.1645,47.097
36.926687,10.274557,35.676549,10.898527,173.51
35.92791,10.571379,36.809625,10.184886,113.746
35.494895,11.04296,36.798662,10.581371,170.81
36.730613,10.739233,36.663174,9.085632,175.135
36.405867,10.698741,36.931071,10.275312,83.573
36.811335,10.178032,36.802083,10.171268,1.797
36.856378,10.129536,36.361998,9.182728,108.422
34.426179,10.074301,36.407248,10.700062,240.347
34.348384,10.551933,36.886276,10.153888,316.465
36.183473,9.552329,36.82063,10.224604,103.55
36.561606,10.674467,36.845565,10.091085,71.366
33.879847,10.101661,36.846039,10.089066,368.043
33.319805,9.874819,36.835488,10.223613,438.34
36.730498,10.731335,34.922924,8.124934,324.655
36.757431,10.221858,36.862568,10.220801,15.83
36.726428,10.733606,33.327293,9.882583,412.636
36.186493,9.550548,36.649961,10.735581,133.997
37.272781,9.861473,36.872257,10.222321,64.362
36.849557,10.200841,33.314729,9.877104,475.48
36.828416,10.213068,36.801416,10.171966,6.251
36.886733,10.185734,35.67075,9.104594,184.505
36.806875,10.183784,36.881227,10.153167,10.654
36.647395,10.740222,36.828291,10.224513,60.239
36.357157,9.185155,33.11949,9.049926,408.234
34.735027,10.763054,36.85996,10.14334,266.911
36.891023,10.187405,36.649623,10.738449,70.09
34.432917,10.071674,36.801155,10.20743,286.677
36.55866,10.670152,36.849906,10.192707,61.657
36.813267,10.232621,34.92133,8.128743,302.856
34.430484,10.075345,36.809501,10.180314,313.231
36.841821,10.139238,36.796611,10.585857,49.959
36.888527,10.191262,36.801701,10.166536,13.272
36.730063,10.733822,36.844399,10.1373,62.653
33.883903,10.100099,34.926127,8.124842,239.294
36.869529,10.104794,36.813936,10.184116,11.53
36.722844,10.737725,36.737957,10.248613,54.347
36.83332,10.163919,36.841839,10.085354,9.84
36.860645,10.136745,36.756284,10.217833,17.011
33.884308,10.095886,36.557841,10.679909,335.746
32.932511,10.449263,36.870867,10.10848,495.89
36.862637,10.217863,34.736156,10.759924,273.357
36.40258,10.704574,36.475067,8.781066,187.377
36.925407,10.274486,37.273743,9.866678,57.758
36.651121,10.739088,36.659831,9.086224,166.286
36.362779,9.18146,36.829559,10.208843,110.214
34.371324,8.832563,36.755588,10.229672,324.009
36.351114,9.183164,35.287304,10.950518,223.922
33.322135,9.884827,35.929817,10.572352,347.947
36.886772,10.185431,35.281202,10.950467,205.627
37.280536,9.863581,36.476387,8.783915,143.408
36.664894,9.089143,36.83405,10.226828,108.531
34.739402,10.759454,35.67603,10.892348,118.851
36.66501,9.0892,33.316614,9.879461,438.781
36.867675,10.222699,36.047685,10.508814,108.057
36.874114,10.106197,36.820743,10.15803,9.412
32.937417,10.450987,36.811488,10.179949,481.519
36.892862,10.193076,36.473441,8.782431,146.118
36.502735,10.506092,36.041345,10.501864,64.284
36.873495,10.219394,36.815049,10.180441,9.525
36.807785,10.184598,36.832927,10.15667,4.936
36.847266,10.133733,34.429982,10.07849,291.736
34.432024,10.070976,35.674572,9.110464,190.319
35.67375,10.897399,36.847864,10.089848,154.325
36.873566,10.339177,36.82479,10.152381,21.137
36.736898,10.253668,33.121831,9.051419,451.101
34.348625,10.552774,36.509701,10.505457,249.996
36.869789,10.21648,33.885584,10.103643,363.37
36.359192,9.181567,35.928787,10.570881,137.765
36.828003,10.206214,34.927458,8.123733,304.559
35.925943,10.576122,33.881157,10.107198,260.065
34.43045,10.080636,36.814863,10.228277,275.581
36.86998,10.335489,36.737356,10.7369,45.705
36.354398,9.184621,36.824219,10.15923,121.131
36.050901,10.508319,36.825293,10.152928,105.575
36.755042,10.225983,36.556618,10.674556,52.521
36.844115,10.135742,33.320967,9.877554,455.996
36.846623,10.080505,36.817104,10.153488,9.237
32.932015,10.453986,33.117754,9.048868,155.536
33.88154,10.094452,36.821395,10.154443,388.881
36.869779,10.105493,36.859373,10.133858,3.696
34.432869,10.068408,36.877175,10.193343,303.177
36.794909,10.591775,36.650542,10.738184,24.468
36.755008,10.228912,34.431716,10.071498,295.82
36.866826,10.220103,33.317354,9.881857,424.278
36.85865,10.140345,36.82266,10.167496,6.266
36.821379,10.212423,36.407216,10.704585,73.255
34.348494,10.554779,35.677895,9.107742,222.711
36.802448,10.17228,36.872869,10.19628,10.596
36.869428,10.194661,36.727223,10.733305,63.757
35.505376,11.048063,35.92504,10.575941,69.783
36.728558,10.739288,36.828752,10.161451,64.422
36.663353,9.091021,36.929653,10.270922,118.473
36.81516,10.159704,36.81316,10.227757,7.5
36.054053,10.499625,34.350605,10.556064,214.616
36.822233,10.167508,36.179055,9.561006,103.743
36.835742,10.225684,36.764323,10.22974,9.962
36.850594,10.192897,35.505279,11.037857,179.812
33.887014,10.100063,32.930845,10.444213,127.33
33.325223,9.880691,34.351705,10.549993,141.097
36.472425,8.782849,35.678572,9.103153,110.198
36.797116,10.589369,34.427906,10.079859,306.988
36.79862,10.205067,33.318724,9.883867,421.531
36.831524,10.225735,34.923915,8.122468,332.118
36.874789,10.106975,36.800852,10.591238,51.539
36.782795,10.171873,33.881831,10.098581,368.33
36.877735,10.155026,35.924813,10.580769,116.498
36.792422,10.587249,36.867573,10.220823,37.916
33.88091,10.093804,35.507545,11.039661,229.929
36.832958,10.158801,36.805989,10.182236,4.519
37.270902,9.86477,36.801245,10.170145,70.791
37.273382,9.867216,36.846726,10.19605,64.678
36.823353,10.165134,37.277845,9.86707,63.255
35.670484,10.897765,36.731939,10.743731,135.194
36.661803,9.087748,35.676183,9.10767,129.591
33.322444,9.882641,36.85456,10.194399,453.856
36.787712,10.167822,36.863272,10.140112,11.167
36.512809,10.505536,34.736603,10.761425,219.637
36.848569,10.194697,36.362038,9.185647,118.876
36.874169,10.110708,36.727975,10.738439,70.806
36.792023,10.180204,34.372877,8.826816,324.812
36.66322,9.086021,35.499113,11.041412,237.791
33.116954,9.048808,35.281235,10.953269,344.229
36.871727,10.219741,36.653769,10.740412,59.763
36.840957,10.089377,36.833238,10.22106,15.045
36.799109,10.589273,36.797434,10.174475,45.233
35.674061,9.108074,36.865593,10.136018,186.659
34.34676,10.554721,36.820042,10.226025,304.521
35.933606,10.569461,35.671088,9.106219,154.355
36.833928,10.2248,36.846325,10.08725,14.919
36.835092,10.229139,34.347851,10.552909,320.221
36.806066,10.18112,34.919,8.128009,305.052
36.810646,10.180017,36.053572,10.499382,99.41
36.78891,10.174334,36.878979,10.105084,15.395
36.406175,10.696702,36.860082,10.140701,77.587
36.730166,10.732717,36.829966,10.20985,57.155
36.836246,10.157084,36.792649,10.586675,43.486
36.817732,10.171891,34.744219,10.7594,281.658
36.405958,10.702516,36.829824,10.227264,71.436
36.3509,9.190722,35.681201,10.896198,184.642
36.836477,10.224692,36.794355,10.171975,8.383
36.650582,10.734297,36.511096,10.508326,29.475
36.510691,10.502822,33.317806,9.88377,382.466
36.65517,10.740551,34.374202,8.830108,330.469
36.870785,10.192891,37.27435,9.859833,58.718
36.927963,10.273481,34.345678,10.551548,319.138
36.874508,10.194378,34.738716,10.75455,272.631
36.849726,10.191111,35.501069,11.04545,193.477
36.837411,10.135791,36.802162,10.209098,10.225
35.278601,10.95115,35.675055,10.894276,51.497
34.375412,8.827714,36.73331,10.253686,320.768
36.85222,10.195238,37.274593,9.863581,65.361
33.884696,10.100234,34.342631,10.550793,79.672
34.92355,8.127893,35.279687,10.957521,288.616
36.872298,10.198615,36.797853,10.179257,11.639
36.182192,9.553132,36.050103,10.50103,104.412
34.924473,8.13034,36.833675,10.209507,321.5
36.183114,9.564105,36.842095,10.133428,91.822
36.929772,10.270754,36.401003,10.701204,78.664
36.81943,10.166356,36.841347,10.130648,5.127
36.804583,10.186312,36.838926,10.13408,7.684
36.664651,9.082964,36.846241,10.197162,112.314
36.507242,10.507551,34.430378,10.074377,259.703
36.879567,10.339358,36.552456,10.672763,54.304
36.848713,10.194327,35.929155,10.571216,115.183
36.83241,10.224373,36.827295,10.157997,7.069
36.506225,10.502209,36.802485,10.169277,49.922
36.817655,10.15585,36.736732,10.250414,15.729
34.926261,8.123987,36.843202,10.130628,319.507
36.755794,10.224639,36.799913,10.586846,38.016
33.321834,9.880642,36.510741,10.501547,396.552
34.737924,10.756447,36.812067,10.230107,241.907
36.047694,10.504542,36.832846,10.222891,105.226
36.889828,10.193686,35.670232,10.897068,178.524
35.503048,11.044301,36.652125,10.736457,145.334
36.868695,10.220793,36.834926,10.159673,9.351
36.353727,9.185263,36.859223,10.142518,118.57
36.473139,8.782053,36.837485,10.159536,148.179
36.921295,10.27398,37.272306,9.862888,65.111
36.810652,10.232016,36.840532,10.089431,16.888
32.923672,10.451618,33.322455,9.884459,81.441
34.741492,10.759745,36.7553,10.226375,266.015
34.433233,10.073508,35.503481,11.043375,170.88
36.728983,10.735385,36.892245,10.187422,58.947
33.883849,10.096471,36.817988,10.172392,343.072
36.785658,10.17489,32.932613,10.450698,489.856
36.508712,10.508895,36.799223,10.170081,52.024
36.796335,10.209565,35.672484,10.897074,150.516
36.666153,9.090589,36.75565,10.226415,109.337
33.318868,9.884152,36.844462,10.139084,461.292
36.792105,10.170556,36.645967,10.734392,65.355
34.429656,10.075108,36.558618,10.672173,279.415
36.731287,10.254668,35.929838,10.576117,103.207
36.818295,10.182125,36.051327,10.509151,94.482
36.842894,10.136427,35.282326,10.952844,207.677
36.891885,10.192549,36.886811,10.150497,4.881
36.356864,9.188121,36.877592,10.152596,109.649
36.355263,9.1865,35.675801,9.105154,96.693
36.409205,10.703146,36.847643,10.193718,78.042
36.796492,10.593835,36.888033,10.18495,41.951
36.737027,10.256245,36.856609,10.1389,21.101
36.868438,10.338044,36.835191,10.229586,13.476
35.674696,9.106399,35.924013,10.576367,153.273
36.883518,10.153778,36.786883,10.172,14.307
36.80629,10.183183,36.178973,9.55681,101.519
35.926441,10.579196,36.808464,10.185695,121.499
36.83592,10.226588,33.322429,9.879118,414.311
36.183602,9.558422,36.816493,10.164562,104.472
36.049504,10.502293,36.644777,10.73423,80.55
36.872481,10.221752,36.731121,10.247512,18.174
36.561441,10.667465,36.868076,10.219045,64.196
35.503785,11.048541,36.890191,10.197806,188.684
36.662213,9.091235,36.859499,10.142099,107.588
36.828137,10.21274,33.874941,10.100917,369.426
34.74968,10.763402,36.865759,10.135707,260.293
36.87473,10.098485,35.668761,9.107634,188.789
36.928206,10.273618,36.801862,10.169041,20.475
36.88683,10.155785,36.804179,10.180597,11.676
35.282044,10.952929,35.927907,10.576522,92.984
36.513276,10.505168,33.12022,9.042241,456.377
36.562475,10.675192,35.279468,10.952919,161.423
36.559837,10.676346,36.874314,10.219522,60.438
36.799343,10.207,36.841903,10.136013,10.971
36.515831,10.506741,36.843489,10.141959,54.911
36.812497,10.186957,34.734916,10.758699,282.662
34.347902,10.549947,36.804444,10.176212,288.636
36.834522,10.157168,36.81538,10.230608,9.592
33.318723,9.8855,35.670252,10.894687,321.472
36.660125,9.087225,36.834166,10.22712,114.536
36.805206,10.182414,36.833061,10.157323,5.018
36.864306,10.135614,36.801938,10.175026,9.731
36.841226,10.134389,36.797939,10.588144,49.31
36.868215,10.224079,36.808515,10.179624,9.899
36.808956,10.17713,36.877015,10.336304,18.581
36.558468,10.675806,33.884631,10.093952,332.89
36.505437,10.507408,34.369664,8.829464,304.127
34.435364,10.077197,36.804939,10.183595,298.269
36.468913,8.785783,34.744677,10.751639,304.474
32.932249,10.458545,36.871913,10.221862,501.379
36.88358,10.15746,36.79461,10.172197,13.827
36.360777,9.184881,36.86738,10.220742,111.943
36.808241,10.18474,36.848539,10.197854,6.219
36.565205,10.670933,36.795999,10.173149,59.586
33.314656,9.881652,36.731713,10.734268,419.793
36.824077,10.162128,32.932496,10.448459,479.23
36.045637,10.500132,36.661092,9.08269,168.748
36.822291,10.154139,34.927817,8.123605,304.513
36.88432,10.153787,36.867661,10.225315,8.476
36.797936,10.173115,36.806977,10.182769,1.989
36.811419,10.185212,34.434523,10.077107,286.61
36.826984,10.155088,35.926919,10.573479,113.787
35.510124,11.040448,36.818655,10.164182,189.155
36.876525,10.157083,33.117434,9.047323,474.207
36.830565,10.221337,33.31972,9.883074,465.364
36.874167,10.335373,36.8744,10.194429,15.558
35.500776,11.044272,36.871545,10.217807,198.426
36.824259,10.148436,34.923811,8.125013,298.701
36.826733,10.170126,36.839745,10.136814,4.308
36.65924,9.08909,34.373852,8.824169,279.345
36.878759,10.341305,36.887482,10.190323,18.037
36.357721,9.183552,36.56007,10.669169,141.822
33.88113,10.096081,36.356715,9.18621,301.199
36.818578,10.228176,34.927755,8.120816,311.687
36.82075,10.171665,33.317922,9.885597,409.659
36.55625,10.66975,36.884197,10.156624,73.861
34.923392,8.126819,36.792406,10.177718,300.643
34.432081,10.079715,36.830893,10.227676,275.992
36.665294,9.083378,36.799637,10.169054,106.342
34.434066,10.073588,35.934778,10.576394,185.219
36.658803,9.083258,35.504113,11.040705,253.259
36.804814,10.178454,36.505293,10.505493,51.903
36.509921,10.508096,36.797236,10.207486,48.885
36.825264,10.155923,36.357919,9.186543,116.429
36.839075,10.133626,36.851867,10.192633,7.454
33.126203,9.056403,36.809728,10.177174,453.78
36.798395,10.204075,36.888474,10.192882,13.932
35.496635,11.040548,36.80753,10.183781,188.696
34.433572,10.069312,36.813658,10.17604,292.135
33.314933,9.880151,36.836205,10.231754,413.54
35.925826,10.572416,36.176806,9.554712,102.844
34.345628,10.554704,36.884989,10.156007,334.738
36.809799,10.179188,35.50138,11.046603,176.744
36.840445,10.131564,33.117062,9.0536,452.347
36.793176,10.202706,36.802677,10.58899,43.21
36.816727,10.158321,36.757491,10.225647,11.923
36.818432,10.15166,36.827227,10.226102,9.048
36.876518,10.192084,36.357768,9.181672,118.798
36.797592,10.212832,34.425943,10.077244,286.771
32.922737,10.450015,36.865708,10.219185,492.252
36.807467,10.180442,36.476614,8.783586,142.753
36.819243,10.167774,36.846702,10.197717,5.257
37.270522,9.862809,33.119753,9.051552,503.6
36.662334,9.094574,36.178914,9.553447,84.767
36.929186,10.274966,36.732881,10.252451,25.092
35.675636,9.113766,36.732372,10.730614,209.897
36.826357,10.210613,36.870828,10.102272,13.365
36.404461,10.699618,34.346627,10.553449,249.526
36.734239,10.257244,36.875927,10.195747,20.465
34.431803,10.069592,35.497425,11.047887,160.193
34.376867,8.836854,36.405506,10.702092,325.901
36.399774,10.70348,36.788686,10.172436,78.683
35.502988,11.043678,36.405725,10.698118,121.113
35.926524,10.577858,36.354697,9.181887,155.065
36.81751,10.160077,36.18078,9.558369,102.382
33.884027,10.103563,36.565725,10.675534,339.5
36.73365,10.249374,34.372963,8.827067,344.982
36.801993,10.183698,36.840056,10.132929,8.039
36.929052,10.275129,34.923041,8.127284,334.274
36.880091,10.103293,36.88539,10.336328,23.279
36.87452,10.195534,34.377639,8.829201,351.962
33.886367,10.10167,36.840407,10.142005,361.718
34.919549,8.124712,36.825688,10.21232,309.636
35.278394,10.950628,36.652966,10.734493,176.091
36.737483,10.251493,36.655365,10.737874,53.926
36.848018,10.13441,36.723658,10.741576,66.152
36.872745,10.333795,36.871834,10.108494,22.572
33.320029,9.883508,34.931736,8.126586,278.75
36.844199,10.131065,36.182492,9.554485,102.341
36.784752,10.173635,36.922215,10.272751,20.916
36.354358,9.180603,35.92615,10.573561,145.662
36.802489,10.176552,36.559145,10.673234,58.515
36.894597,10.190426,34.921113,8.126278,326.229
36.876124,10.109351,36.831611,10.224885,15.193
36.810391,10.180949,36.8728,10.101737,12.477
36.842412,10.093426,36.924202,10.273863,21.814
36.050221,10.501377,36.509439,10.506503,58.004
36.822275,10.168163,36.666465,9.093739,107.895
36.838438,10.134746,36.180075,9.559317,98.388
36.843431,10.140489,35.503976,11.043098,181.649
36.865877,10.139763,36.798898,10.592733,51.798
36.879115,10.152625,36.854611,10.139854,3.767
36.833842,10.21116,36.398258,10.703528,76.394
36.510432,10.504181,36.856405,10.138697,61.093
36.556706,10.674574,36.864135,10.217251,63.005
36.790749,10.173377,36.757077,10.223591,6.822
36.822909,10.156723,36.924781,10.274431,18.491
36.862375,10.137428,36.404512,10.705455,77.995
33.319252,9.881386,34.349158,10.557803,137.649
36.663929,9.086092,36.759067,10.225097,112.919
36.85553,10.193073,36.802241,10.182603,7.337
36.729232,10.736645,35.675478,9.111103,200.201
36.853806,10.194724,36.738766,10.248921,16.752
36.822344,10.162035,36.880733,10.15692,8.795
35.677226,9.10562,36.851381,10.192922,182.076
36.831773,10.219705,36.83489,10.210221,1.411
33.119116,9.052039,36.735355,10.73927,489.45
33.324629,9.883283,36.880406,10.153654,415.633
34.377326,8.833191,36.799928,10.173739,325.935
35.675747,9.112743,37.279215,9.862713,215.86
36.817441,10.169781,36.475164,8.787703,146.155
36.411083,10.703648,35.9293,10.583307,67.388
35.503249,11.043363,36.874485,10.341215,182.961
36.051329,10.505991,33.878966,10.099978,256.572
36.558588,10.672097,36.400945,10.707902,21.332
35.668155,10.889526,36.843907,10.132898,170.663
34.741579,10.7581,34.924719,8.127155,258.579
34.43216,10.075411,36.813339,10.186143,282.212
34.430555,10.074298,36.814129,10.162541,296.259
32.935321,10.448594,36.790657,10.172646,500.541
33.118745,9.05131,36.805127,10.182615,455.506
36.518745,10.502908,36.833532,10.154534,54.032
36.863275,10.218194,36.826479,10.159046,8.2
35.675217,10.895839,36.052117,10.505402,65.977
34.738207,10.761757,36.797917,10.594261,265.884
36.872903,10.224323,36.480497,8.781218,144.756
34.737541,10.758639,34.380365,8.82897,192.81
36.805959,10.178768,36.350039,9.184494,115.823
36.84247,10.086277,37.275227,9.869044,58.291
36.804747,10.181271,35.926079,10.578866,112.154
36.799397,10.172612,33.881106,10.098313,353.1
36.359413,9.185474,36.815641,10.171428,110.39
36.875856,10.334722,35.67475,10.897777,151.123
33.878644,10.098122,36.885916,10.155586,392.451
36.850317,10.191651,33.119752,9.051267,451.294
36.875814,10.10084,34.34857,10.551606,337.252
36.650998,10.735015,36.756512,10.223623,57.231
36.832974,10.229362,34.917977,8.129887,312.235
36.048012,10.506811,33.121232,9.05069,391.051
36.887189,10.150364,36.810171,10.185012,12.485
35.924156,10.57988,36.801887,10.20231,110.292
36.814814,10.165245,36.799132,10.203578,4.832
36.798329,10.203489,33.319173,9.88909,447.191
36.873982,10.1083,36.174453,9.554227,107.539
36.560348,10.672109,36.853381,10.189711,67.094
32.934182,10.451303,36.8761,10.338511,490.367
36.830103,10.225605,36.732874,10.738571,56.007
35.676869,9.110573,35.287508,10.95239,178.345
36.821895,10.163121,36.800737,10.589612,45.875
36.873278,10.10883,33.884175,10.098493,401.331
33.875641,10.097668,36.40226,10.702693,304.774
36.827784,10.214914,36.831304,10.160637,6.273
34.346257,10.551269,36.75649,10.226972,293.783
35.673114,10.896061,36.7261,10.73419,126.344
36.845707,10.19676,33.31567,9.874532,454.094
36.821779,10.156578,36.724563,10.739157,63.743
35.925046,10.57487,36.841571,10.133804,123.244
33.116234,9.047155,36.88964,10.190067,482.892
36.405987,10.698762,36.357724,9.180931,143.174
36.925687,10.274626,36.88255,10.156886,15.781
36.787996,10.172334,36.359022,9.184013,118.089
36.755831,10.226777,36.800434,10.179996,8.867
33.879522,10.105599,36.792846,10.171784,353.611
36.872989,10.33375,36.880338,10.154801,17.848
36.473925,8.783506,36.836467,10.156312,143.088
36.878677,10.340662,36.847625,10.196663,18.122
34.376677,8.831226,36.362318,9.184321,267.869
36.506371,10.502556,36.820839,10.153856,59.202
36.732192,10.252692,36.051863,10.505815,92.41
36.651105,10.74334,36.663613,9.085956,167.969
36.562429,10.680134,36.874329,10.19001,63.966
36.816686,10.169479,33.88741,10.098132,369.506
35.50394,11.042797,35.927302,10.578014,75.873
36.874879,10.335145,36.050744,10.503118,101.702
36.813357,10.178849,36.839388,10.090366,11.044
34.376529,8.82837,33.120809,9.054209,153.642
36.735069,10.256296,36.87035,10.196379,17.936
36.890192,10.1867,36.477575,8.7843,149.534
36.470063,8.786374,36.75798,10.229577,141.06
36.408922,10.703805,35.285295,10.951667,143.828
36.830999,10.156769,36.731221,10.735832,67.424
36.848085,10.130142,36.051402,10.499912,107.34
35.500955,11.041003,36.355711,9.188138,212.339
36.8039,10.203285,36.407751,10.702482,71.797
36.818741,10.230632,36.826348,10.152375,9.322
36.830587,10.229447,36.833611,10.21155,2.259
36.873655,10.192846,35.506672,11.047082,176.567
36.819749,10.229891,36.758072,10.22443,8.901
32.933167,10.45608,35.666162,9.104747,353.482
36.728983,10.734822,36.840095,10.092575,71.553
36.811454,10.180967,36.822236,10.159823,2.979
34.371835,8.831188,36.838768,10.13697,347.878
36.184038,9.555064,35.674106,9.111932,84.501
36.873703,10.196102,36.506583,10.506391,58.0
35.927083,10.572767,36.842836,10.091854,120.464
36.51089,10.508327,36.826256,10.209005,50.348
34.923525,8.128325,36.849142,10.1957,326.501
36.838912,10.166268,36.834203,10.225289,6.87
36.055665,10.501552,36.650273,10.733199,85.91
36.182353,9.552014,36.933685,10.275091,120.107
36.807019,10.183745,33.878728,10.095724,380.875
36.818689,10.16319,36.510331,10.505593,54.485
34.339806,10.553966,35.285895,10.945672,125.206
36.929375,10.275757,36.821398,10.157707,18.523
34.739439,10.760687,36.736317,10.251017,249.273
36.471947,8.783722,33.881687,10.098927,335.86
36.797997,10.58876,36.800433,10.172883,47.017
36.46984,8.783385,36.930361,10.27434,149.646
36.841843,10.128118,36.807947,10.17879,8.284
36.878267,10.162169,36.79815,10.173118,11.951
34.737134,10.762883,36.829613,10.208745,248.148
36.880391,10.101642,36.835461,10.203945,13.009
34.372569,8.831342,35.671777,10.895174,278.307
34.373334,8.834645,36.878324,10.341533,351.918
36.35409,9.185831,35.276992,10.948486,237.58
36.785423,10.174555,36.507677,10.505147,47.42
36.18539,9.5546,36.72791,10.739412,139.813
35.930762,10.571929,36.407172,10.700686,66.104
36.804994,10.179518,34.432531,10.080939,293.219
36.880736,10.33781,35.501438,11.044825,182.174
36.851197,10.196792,36.475159,8.778245,146.259
36.404485,10.703394,36.830649,10.228589,73.594
36.828265,10.207694,36.883962,10.154784,9.432
36.672746,9.084128,36.469742,8.780645,42.636
36.867695,10.218429,36.846022,10.087854,14.383
36.17997,9.560805,36.472693,8.783253,87.843
33.880942,10.098657,32.93343,10.455007,126.917
33.876441,10.096201,36.931712,10.279388,378.518
36.786654,10.171355,36.405538,10.705741,74.301
35.281693,10.949769,35.674364,9.103393,191.268
33.878848,10.097459,36.783711,10.171497,372.138
36.833011,10.22944,36.820116,10.156403,7.884
33.880049,10.099426,35.501989,11.041595,222.14
36.809699,10.179259,36.760469,10.226886,8.493
34.350675,10.550774,36.791271,10.17415,294.207
36.805068,10.184859,36.724261,10.735343,58.163
36.80865,10.179252,34.377784,8.831013,317.463
35.92702,10.573154,36.813371,10.17601,122.645
37.285273,9.859724,34.342893,10.552706,390.349
36.406281,10.698585,36.870394,10.194401,76.736
37.274351,9.861343,36.873851,10.222753,67.977
35.674387,9.105537,36.929988,10.275129,199.114
33.882523,10.094724,36.82065,10.15989,357.299
35.502258,11.042063,35.926845,10.577773,73.964
36.410246,10.701073,35.67363,10.897552,94.408
36.830142,10.222244,36.648171,10.732293,60.732
36.503445,10.504637,36.758992,10.222123,46.07
34.928192,8.126688,33.316449,9.883869,259.253
36.875022,10.195842,34.436521,10.077478,286.153
35.506841,11.040129,36.785864,10.178061,180.72
36.352967,9.185881,36.558923,10.672485,153.276
35.931186,10.570616,36.86884,10.225575,122.803
33.884769,10.098474,36.798892,10.207635,354.381
36.181087,9.554377,36.854961,10.137421,103.459
36.889902,10.190492,36.184268,9.557207,112.451
36.7959,10.585271,36.40488,10.703214,52.45
34.375228,8.829232,36.829018,10.210466,353.227
36.728142,10.73557,36.879276,10.104562,65.081
36.825615,10.157874,36.835075,10.223764,7.57
34.434535,10.071172,36.791974,10.166477,292.4
35.671381,10.899968,36.734648,10.251589,156.804
36.355873,9.180203,36.869259,10.219919,127.262
36.51324,10.505357,34.739418,10.761012,224.282
36.848055,10.190318,36.65811,9.086908,107.078
36.649528,10.737143,36.840043,10.095762,73.706
33.121065,9.052231,36.887171,10.155609,464.746
36.890441,10.186727,33.117881,9.048662,453.108
36.785145,10.173359,33.319705,9.887048,438.722
36.87162,10.103666,36.843985,10.090553,4.241
36.890959,10.193805,36.87686,10.104622,10.464
36.817416,10.162169,32.932296,10.449195,476.231
36.838679,10.157335,36.929609,10.277502,17.549
34.371803,8.826455,36.846474,10.133208,322.351
36.507738,10.504199,33.882409,10.093331,329.691
36.728175,10.74195,34.430717,10.075122,292.705
36.644925,10.73773,36.506469,10.504927,29.847
36.820558,10.163552,36.824572,10.161475,0.706
36.565867,10.674448,36.872421,10.336561,56.023
35.280943,10.94774,36.842157,10.130743,220.141
36.874299,10.107626,34.737804,10.756047,268.365
36.921281,10.2773,36.759257,10.222658,21.464
32.932053,10.447346,36.835065,10.227318,494.812
36.80391,10.172858,36.849197,10.085928,13.082
36.931001,10.275396,35.281774,10.953695,214.898
34.350438,10.552649,36.759543,10.220618,301.268
36.471416,8.781052,36.409275,10.703819,196.725
36.790124,10.17858,36.88316,10.151531,13.27
36.811607,10.175854,36.878298,10.14998,10.437
36.837087,10.158648,36.838975,10.136656,3.045
35.926149,10.577666,36.726582,10.738776,99.959
36.412182,10.700149,36.816146,10.227042,71.957
34.921589,8.123246,36.875168,10.196421,346.409
36.831974,10.232226,36.795831,10.590957,38.091
36.846111,10.197755,36.053529,10.509754,99.279
36.850293,10.096761,36.924371,10.278323,22.584
36.852863,10.194895,34.917128,8.129231,315.034
36.561353,10.672815,36.649867,10.741754,13.986
34.428687,10.073945,36.801269,10.176547,287.435
36.81688,10.229598,36.810324,10.182472,5.628
36.355938,9.186693,36.865258,10.220805,124.876
36.88732,10.191987,36.727421,10.733791,63.911
36.849499,10.131566,36.798307,10.588468,49.109
34.349108,10.550215,35.283557,10.946925,121.128
35.676698,9.111387,33.316593,9.881413,309.202
36.927523,10.280516,36.808924,10.186191,18.611
36.802227,10.204017,35.672294,9.109782,173.741
34.349793,10.547013,36.360669,9.184679,283.076
36.817004,10.227685,36.47601,8.783825,147.029
36.51456,10.508883,36.759346,10.228653,41.271
36.806603,10.180516,36.656327,10.735767,63.54
36.829512,10.157989,36.817593,10.159778,1.787
34.375535,8.831332,36.510769,10.505276,335.352
36.843381,10.13427,36.665636,9.088913,108.765
36.817686,10.165543,35.932382,10.574561,115.89
36.359345,9.18218,36.724502,10.744015,164.907
37.276953,9.866451,36.791005,10.174124,70.937
35.508654,11.041719,36.184735,9.558009,169.501
33.878416,10.097174,36.356361,9.181122,303.117
36.666328,9.085315,37.276174,9.861303,107.596
36.874346,10.101456,36.731577,10.740221,67.237
36.75544,10.222438,36.800952,10.171259,8.649
34.346176,10.544406,33.116689,9.045176,222.951
36.836747,10.130006,36.815427,10.224802,10.726
36.808522,10.18027,33.878919,10.10143,336.852
36.830362,10.156042,36.810364,10.176105,3.619
36.509232,10.5089,36.849931,10.1309,62.673
36.838538,10.136513,36.806612,10.180224,7.176
35.6712,9.102485,36.836289,10.234454,180.212
36.871678,10.193677,36.835704,10.164247,5.844
36.367294,9.186763,36.556787,10.673547,154.709
36.403501,10.702201,34.739598,10.758728,203.175
36.81352,10.229144,36.653042,10.738396,56.026
36.836343,10.161834,36.875528,10.334383,17.844
36.831654,10.157638,36.732398,10.253873,18.234
33.880508,10.103274,33.116685,9.05224,148.451
36.732427,10.252789,32.931669,10.445282,491.1
35.673769,9.109296,36.730571,10.739976,214.952
36.66197,9.088599,36.358306,9.180468,42.375
32.934019,10.453656,36.878639,10.106172,480.734
36.832361,10.212989,36.798982,10.1758,6.043
33.317023,9.880008,36.820742,10.164257,427.534
36.847757,10.195308,36.795557,10.589633,40.742
36.78711,10.174252,36.73186,10.252511,11.65
36.738541,10.250403,36.836495,10.157632,17.657
36.873111,10.104321,36.651933,10.738188,70.042
36.810988,10.231597,36.797464,10.59032,35.56
36.841569,10.134359,35.285635,10.952634,205.221
36.811484,10.178893,36.802908,10.175442,1.493
33.31899,9.885844,36.560304,10.673764,389.638
36.889337,10.149528,36.841837,10.083708,10.071
32.932906,10.447404,36.876672,10.336831,479.617
35.931652,10.575322,35.6736,10.895395,50.794
36.649814,10.736199,34.427056,10.069514,269.109
34.345069,10.554454,36.875511,10.106668,318.684
35.676176,10.898224,33.317617,9.884989,288.151
36.755188,10.225084,36.397966,10.706431,62.872
36.818399,10.165471,34.377063,8.826609,342.008
36.819001,10.165891,36.832975,10.208548,5.192
36.558242,10.674233,36.867075,10.214261,61.543
36.874976,10.338302,36.81968,10.164964,20.253
36.7608,10.223132,36.924871,10.277996,21.078
36.885753,10.151271,33.128229,9.04857,440.953
36.844606,10.132972,36.824946,10.159303,4.43
33.879388,10.09538,36.796466,10.209466,352.547
36.86122,10.143774,34.928404,8.122613,316.495
34.347234,10.553039,33.315017,9.878731,153.744
34.369693,8.830914,36.566191,10.672672,330.718
36.808689,10.175583,36.930622,10.276842,18.969
33.316957,9.882151,36.049454,10.503382,336.339
35.2815,10.949101,34.432107,10.069631,144.348
36.88038,10.155534,36.355633,9.179339,113.298
36.508104,10.50182,34.34709,10.557781,274.106
36.890229,10.15277,36.048243,10.505299,109.142
33.880831,10.095624,36.64973,10.743753,345.724
36.737071,10.251087,36.046084,10.507928,95.649
36.798246,10.589573,36.805015,10.173468,40.78
36.803313,10.180004,36.87909,10.188157,11.595
37.272271,9.860962,33.317007,9.8802,531.25
36.878195,10.102756,34.377522,8.831701,332.621
36.892732,10.190025,36.818168,10.164604,11.57
36.798283,10.202605,35.500222,11.038395,189.414
36.82172,10.165336,36.843231,10.089626,9.831
36.84221,10.085087,33.887735,10.100217,378.881
36.799936,10.585847,36.754695,10.226325,37.714
36.830851,10.22647,36.824512,10.158745,7.371
36.826473,10.157058,36.831445,10.228171,8.272
36.816447,10.155829,36.875239,10.192967,9.582
36.819747,10.162009,33.321353,9.879666,427.218
36.358771,9.178058,36.05529,10.502542,139.509
34.371977,8.832282,36.886175,10.189785,365.985
34.3725,8.827878,36.799955,10.187305,331.229
36.798034,10.179507,35.671893,9.107361,163.581
33.117051,9.051321,35.675285,10.894196,366.794
36.84359,10.094191,35.279532,10.949865,203.635
36.828143,10.211932,33.880937,10.09593,342.9
34.427512,10.069276,32.927031,10.450433,189.925
36.813756,10.17775,37.272023,9.863216,65.067
36.558854,10.672058,36.817562,10.228277,54.923
36.666103,9.088891,36.893042,10.186358,112.258
36.664834,9.086285,34.742227,10.760748,287.319
35.281143,10.951517,36.561882,10.675356,165.384
35.502926,11.046085,36.476515,8.783508,259.5
36.555866,10.671649,36.647401,10.739474,16.15
36.556698,10.674406,36.799301,10.176527,59.596
34.743632,10.762036,36.874814,10.336663,257.127
35.933148,10.576194,36.869251,10.218479,118.672
36.804077,10.186772,34.372499,8.832569,341.929
36.879741,10.103136,33.873331,10.096146,371.841
34.373919,8.830033,35.929729,10.578173,253.534
36.406966,10.700929,37.269447,9.864419,136.316
36.81557,10.223913,36.760667,10.225816,8.057
34.365285,8.830206,36.831163,10.212517,340.315
36.8146,10.230262,36.841257,10.132739,11.116
34.743925,10.763953,34.432061,10.077347,78.147
36.657989,9.081391,35.677395,10.899602,205.741
36.843794,10.132631,36.835162,10.1569,2.966
36.814388,10.159489,36.733865,10.245038,14.794
35.676727,9.108365,35.505332,11.046895,200.296
36.759655,10.228301,32.930775,10.449731,498.4
36.728819,10.736936,33.120358,9.051459,472.626
36.849339,10.188706,35.672917,10.898639,161.378
36.880056,10.096647,36.7968,10.208785,16.42
36.856263,10.190937,33.32108,9.875957,413.816
36.887129,10.154829,36.790861,10.174077,14.248
36.475019,8.782513,34.372599,8.834543,244.741
36.050416,10.507675,36.803893,10.171061,99.912
36.883483,10.151205,36.563063,10.671229,70.261
34.923166,8.125667,35.280405,10.95234,292.063
36.880194,10.338087,36.559848,10.672452,53.813
36.824281,10.156144,34.742158,10.758085,257.526
36.814116,10.168799,32.929482,10.453174,491.128
36.866383,10.217901,36.85551,10.191546,3.487
36.860942,10.141565,36.844952,10.092079,5.681
36.824612,10.207291,36.885718,10.149797,11.233
36.866354,10.221511,36.401739,10.699231,79.678
33.881576,10.098762,36.861951,10.136764,359.361
36.923731,10.2735,36.762383,10.223451,21.355
36.843372,10.09261,36.835529,10.160764,7.922
36.408735,10.705699,36.806653,10.180496,69.851
37.275702,9.864304,36.55904,10.672503,120.677
36.814001,10.176673,35.281511,10.947868,194.642
33.324307,9.886773,34.925912,8.125969,265.331
36.557093,10.675899,35.502276,11.042716,142.222
34.424244,10.075808,36.663244,9.088109,288.09
36.815051,10.166684,36.807027,10.184004,2.423
36.802047,10.586428,36.874291,10.340916,28.002
36.802763,10.58685,36.864394,10.221716,38.694
36.796771,10.169938,36.651308,10.736515,62.881
33.88265,10.097422,36.875668,10.339778,350.419
36.759209,10.224424,36.559772,10.672774,55.113
36.735411,10.25533,36.892955,10.189896,21.037
35.279737,10.958529,36.863659,10.135061,224.177
33.882287,10.100404,36.885139,10.158389,364.03
34.922351,8.122747,37.275744,9.861531,337.162
36.828591,10.211979,36.815881,10.177498,4.386
36.811505,10.182752,36.663901,9.089593,115.799
36.727302,10.734811,36.925549,10.271883,55.489
34.345265,10.556289,36.802146,10.179131,300.936
35.932333,10.57669,33.121161,9.055009,374.304
36.867788,10.219543,36.826183,10.210432,6.291
36.359376,9.17973,34.429653,10.078332,252.774
36.878051,10.108633,33.118731,9.052258,474.97
34.368164,8.829225,36.846004,10.192077,329.028
36.800937,10.169301,36.82211,10.169119,3.229
36.861092,10.139123,35.677422,10.898852,176.673
33.115306,9.052329,36.86965,10.219775,487.676
36.816273,10.180709,36.507866,10.505002,49.125
35.671745,9.107229,33.8789,10.099082,259.083
33.320509,9.886509,36.878607,10.105387,466.155
36.842329,10.08813,36.183108,9.56194,101.735
36.839264,10.135373,36.931636,10.271977,17.544
34.428055,10.078969,36.88108,10.156197,321.065
36.868456,10.22786,34.380838,8.835184,322.882
36.864748,10.222306,36.84125,10.138711,9.522
36.832207,10.160656,36.796789,10.171834,5.426
36.804592,10.172683,36.867528,10.215156,10.46
34.740387,10.757133,36.558018,10.672443,210.74
36.508593,10.50973,36.47641,8.784301,177.116
36.800457,10.168819,36.840548,10.130659,7.684
35.930448,10.574988,36.733562,10.252678,108.835
35.674716,10.896763,36.879634,10.19545,165.611
36.806218,10.181799,33.123117,9.052546,472.97
36.845564,10.196614,34.918858,8.127856,317.549
35.674975,10.902991,36.559695,10.674538,108.559
36.839498,10.090738,36.667779,9.08907,99.865
32.935839,10.455402,36.782498,10.176404,464.604
36.926658,10.276433,36.878287,10.106937,19.066
33.31397,9.87652,36.820349,10.164421,419.162
36.826472,10.210071,36.851503,10.194758,3.948
36.848466,10.191944,36.651939,10.733415,58.899
36.559847,10.67322,36.354533,9.180142,146.806
36.726854,10.738753,36.412901,10.702649,42.72
36.408001,10.698525,36.88721,10.157994,89.52
36.803775,10.179212,34.433439,10.07811,306.221
36.791066,10.17751,35.282505,10.94815,207.206
33.88518,10.100192,36.891513,10.188252,354.534
36.833204,10.161568,36.878942,10.338834,18.507
36.40895,10.700764,36.64752,10.73631,30.728
36.884112,10.155267,36.874387,10.190146,4.475
36.663818,9.085239,36.798691,10.201519,112.254
36.797568,10.172985,34.924234,8.126017,310.187
36.831855,10.225645,36.507001,10.509695,53.318
36.870305,10.221611,36.875107,10.104535,12.695
36.362082,9.185376,34.923663,8.125577,212.437
36.800004,10.202535,35.283223,10.951108,210.5
36.827965,10.224718,36.825,10.155048,7.401
36.805913,10.18595,36.046502,10.501511,96.469
36.475681,8.782749,35.669594,9.10972,106.587
36.921438,10.270509,35.284874,10.950816,217.972
36.358715,9.180358,36.823288,10.166336,114.661
36.830561,10.224618,36.826053,10.157124,7.257
36.860412,10.134373,35.27712,10.956587,208.816
34.741229,10.756216,33.880961,10.09282,129.647
36.179743,9.55781,36.881731,10.151164,108.844
36.846813,10.196348,37.274275,9.861454,69.531
34.348859,10.555391,36.649957,10.738508,281.007
37.267099,9.862091,35.504256,11.042837,246.766
34.382984,8.829033,36.807107,10.17915,339.144
36.877901,10.336087,36.863933,10.221442,13.447
36.731912,10.257279,34.348053,10.555838,275.912
35.282811,10.953415,36.830452,10.225898,200.654
34.373367,8.828366,36.930327,10.276186,343.177
36.800081,10.59568,34.736376,10.76008,245.937
36.850317,10.193392,36.874706,10.10506,9.682
36.834102,10.158701,36.800279,10.206813,8.021
35.670608,9.104623,36.816544,10.164514,181.848
33.12129,9.048023,36.784743,10.172651,457.476
34.429993,10.079155,36.832416,10.231342,309.984
36.8846,10.154574,36.354767,9.174915,122.904
36.846166,10.091673,36.359013,9.177784,112.592
34.923949,8.12411,36.803047,10.176767,312.033
35.285853,10.947304,36.796488,10.203455,200.556
35.672136,10.895034,34.349419,10.555717,175.369
34.42917,10.073624,36.879301,10.154023,305.855
33.881778,10.102697,35.674716,10.900446,231.264
36.83946,10.131685,36.814033,10.177036,6.24
36.86541,10.218046,36.663033,9.08559,119.227
36.733564,10.252786,36.859109,10.143926,20.378
32.932436,10.448941,36.757297,10.221659,472.738
36.758109,10.222838,36.787765,10.174163,7.153
36.85718,10.194895,36.871648,10.195158,2.449
