distance_km,poids_kg,heure,jour_semaine,duree_minutes
51.505,55.08,7,1,90.63
9.136,101.12,0,4,36.15
23.776,161.91,0,6,34.34
4.163,19.43,11,4,23.79
36.931,15.85,9,6,54.87
395.611,197.05,7,6,416.83
15.122,41.98,8,5,33.79
15.488,197.91,20,5,49.74
145.362,6.52,10,3,103.41
221.991,182.92,14,1,177.04
23.591,179.57,12,2,46.56
25.284,158.44,13,4,50.27
38.858,172.17,0,5,46.68
17.673,90.8,23,5,50.24
440.439,59.76,20,4,214.46
0.523,64.9,0,0,20.98
2.788,175.61,2,0,26.65
475.55,33.11,16,6,330.05
357.339,142.62,12,5,282.43
23.738,46.1,7,0,45.87
435.432,14.26,7,2,413.38
31.492,161.52,6,0,44.73
29.298,134.71,20,0,51.49
6.037,36.78,14,1,23.38
85.038,130.46,17,6,104.53
34.654,180.5,5,3,49.38
171.215,139.35,23,6,91.38
21.917,149.62,1,0,41.0
38.451,16.11,5,0,32.53
23.984,123.91,13,5,49.66
28.79,47.81,12,1,36.56
39.939,199.22,2,4,51.07
444.464,73.97,5,3,245.86
32.776,59.95,21,0,37.5
22.352,54.54,19,1,44.42
429.208,18.55,13,6,346.55
160.499,148.27,17,5,110.42
33.467,116.54,4,3,38.34
435.923,179.8,6,5,275.8
111.095,185.98,5,6,62.81
192.805,186.17,21,6,122.75
19.092,39.99,14,2,48.78
8.129,65.72,2,6,31.37
93.057,194.08,5,4,60.31
29.278,62.8,19,4,45.89
32.357,137.4,23,5,38.29
191.892,62.85,3,5,113.88
8.078,133.02,12,5,35.93
33.432,60.84,6,3,38.36
31.853,191.97,23,1,39.07
82.958,190.4,7,5,82.37
393.505,91.14,20,4,284.29
26.414,1.21,3,6,19.08
34.009,91.35,14,5,42.37
243.584,163.02,16,3,165.83
10.266,127.57,16,3,27.58
11.233,64.01,17,0,51.31
21.933,83.21,6,6,37.86
434.097,153.14,12,3,417.42
30.027,109.27,19,1,46.43
26.921,159.65,23,1,31.85
26.688,16.88,13,1,27.07
18.461,67.57,12,2,52.05
39.996,70.06,20,0,52.6
131.706,4.17,4,1,73.26
117.183,121.49,23,5,110.98
1.514,62.46,21,3,18.59
31.013,170.07,19,6,62.48
17.421,74.18,16,5,59.11
421.205,141.49,13,1,383.1
287.56,96.75,13,6,222.95
152.177,93.0,19,5,97.88
8.879,159.59,10,2,35.41
28.943,97.77,7,5,41.22
12.122,80.94,7,2,39.32
14.397,90.8,9,2,72.47
477.404,138.06,6,1,295.59
423.009,59.32,11,1,270.82
2.654,58.5,4,5,25.06
7.782,10.37,15,0,15.03
64.66,29.92,18,2,91.35
396.819,76.14,14,2,332.93
320.43,148.04,6,5,218.79
18.295,118.8,9,0,75.72
27.652,184.79,20,4,35.02
420.25,14.37,5,6,212.3
5.412,137.77,22,3,24.12
13.232,50.15,2,1,33.72
499.803,134.49,8,4,312.43
23.621,126.99,15,0,30.97
6.853,82.39,15,2,31.71
5.079,154.53,16,6,25.9
7.91,72.42,15,5,28.51
262.967,5.87,20,4,160.31
16.616,45.02,3,3,28.53
231.126,96.55,15,1,148.3
29.979,27.39,2,2,28.98
29.179,167.51,18,5,36.52
22.301,108.73,14,2,33.36
13.068,94.65,12,3,46.55
38.611,25.34,18,2,54.78
228.59,130.99,4,0,131.45
338.925,170.37,21,6,267.01
24.89,47.03,21,2,28.13
25.533,174.53,14,1,40.98
6.25,106.28,18,5,21.11
325.067,48.24,18,1,325.19
11.861,109.36,2,3,25.6
357.544,91.42,9,1,326.98
28.122,4.49,21,3,30.3
62.56,121.32,15,6,62.05
325.61,135.59,23,6,167.22
337.317,61.86,14,0,262.87
5.72,107.93,11,4,29.55
474.326,193.48,9,5,319.66
27.215,134.91,12,6,47.7
21.695,91.01,21,5,37.93
1.488,176.86,17,2,19.81
458.318,60.51,13,0,398.37
102.405,90.78,21,5,75.46
447.29,131.02,15,4,280.91
433.507,19.96,21,2,319.7
7.997,24.52,14,0,30.7
5.474,112.96,2,6,21.92
191.137,29.6,19,0,197.51
34.725,26.45,11,6,34.36
5.507,84.25,3,5,24.96
24.797,145.48,21,4,33.06
429.757,85.31,3,3,206.61
25.161,117.11,22,2,34.11
17.493,158.64,3,6,42.6
230.354,165.5,12,3,165.51
38.167,137.4,15,0,50.46
2.869,191.33,17,2,30.53
234.551,183.18,1,2,125.8
4.775,169.09,11,0,37.34
488.291,163.7,19,5,273.06
28.257,61.87,10,2,45.14
6.104,126.67,0,0,22.88
397.344,113.56,2,0,237.01
18.003,84.86,19,3,62.21
312.842,105.43,9,0,372.87
37.84,153.49,8,2,66.75
270.121,166.69,11,0,213.18
3.576,62.68,13,4,24.13
37.931,92.07,22,2,49.29
21.197,79.21,9,5,30.34
36.284,69.94,23,6,34.91
7.353,30.66,20,0,25.98
37.004,112.94,20,4,42.36
19.022,126.31,8,4,50.34
75.296,172.86,2,4,73.71
379.904,8.3,18,5,262.5
425.194,196.48,2,4,226.95
281.072,122.0,11,2,178.07
193.939,66.01,17,5,124.99
317.242,30.16,2,4,187.18
28.499,17.04,17,3,35.07
475.67,199.43,16,0,293.86
37.933,97.31,7,1,73.26
21.821,147.75,16,0,36.34
27.867,124.99,5,5,39.47
18.046,57.06,23,6,40.75
209.207,189.43,14,3,158.96
6.901,40.02,19,1,21.77
277.318,25.02,2,6,168.08
82.188,182.11,14,2,69.09
9.369,63.81,3,6,26.96
36.737,94.54,4,6,37.34
292.45,145.47,16,3,214.24
17.083,158.8,14,0,67.79
6.171,85.9,19,2,37.26
38.999,13.63,16,4,36.13
491.278,50.8,0,2,242.49
394.891,147.06,10,1,315.34
27.968,126.38,4,0,36.08
31.749,177.17,10,2,47.25
14.6,156.19,20,2,52.17
17.87,191.3,10,1,44.1
76.306,120.53,5,4,71.59
18.114,143.56,5,5,52.14
25.759,158.32,1,0,31.17
113.594,6.33,19,5,60.38
22.906,121.06,21,3,34.1
21.414,79.67,20,2,34.75
10.84,52.13,14,1,38.82
5.344,170.58,14,1,22.31
14.223,13.08,17,2,35.44
333.342,158.76,16,1,230.44
15.072,160.75,17,1,49.73
370.68,105.19,13,6,295.95
5.569,165.83,17,5,24.62
34.794,166.3,16,1,51.83
11.72,15.86,6,5,24.85
82.977,128.23,18,4,63.5
33.097,5.77,1,5,24.58
24.915,6.15,20,4,29.06
3.382,12.08,14,3,15.7
28.875,146.87,11,3,43.05
10.293,19.45,9,3,32.53
414.2,186.76,23,2,179.38
4.057,78.71,14,1,30.64
35.352,130.89,15,2,53.46
208.331,80.18,18,4,130.1
30.694,56.02,19,5,29.79
14.941,28.94,19,4,34.57
409.824,103.91,4,4,214.21
427.597,118.79,16,6,307.68
1.157,66.31,3,3,22.22
38.699,156.6,18,4,45.76
28.987,154.94,12,1,43.47
17.042,82.65,6,3,44.66
374.605,141.18,16,1,233.96
21.559,109.3,21,6,42.74
19.625,191.47,8,4,58.27
264.941,96.01,17,6,223.09
35.883,78.97,11,6,42.36
10.63,95.87,6,6,35.83
24.819,117.41,7,0,53.08
86.251,154.18,0,4,62.49
258.822,130.14,9,2,242.27
431.153,7.56,5,3,173.58
222.618,99.13,23,6,112.38
170.898,197.82,17,4,125.33
8.116,22.62,5,5,20.77
30.413,35.18,20,3,27.56
124.999,28.21,10,1,95.38
23.129,52.38,11,5,45.64
27.6,184.63,22,6,36.84
5.776,30.72,23,4,25.57
408.918,165.14,7,5,223.94
22.785,12.45,17,4,24.58
243.247,136.09,22,4,174.92
22.774,111.8,21,6,34.86
9.107,14.7,13,2,25.12
11.84,36.08,4,6,24.21
35.708,89.76,12,3,71.02
39.717,78.67,4,5,54.44
252.982,143.85,13,4,207.78
392.125,6.54,21,3,280.62
3.158,118.83,14,4,26.53
30.298,155.24,4,4,41.5
23.31,154.53,10,1,39.02
37.967,175.95,5,5,45.05
25.911,76.29,16,2,38.19
9.401,171.52,4,6,30.68
21.435,77.74,8,1,40.29
63.707,75.5,19,4,75.74
27.022,43.48,6,6,33.57
383.564,150.89,7,5,233.37
31.133,76.19,17,5,39.94
255.966,167.96,6,2,174.05
47.461,110.71,18,4,48.8
22.25,188.7,10,2,41.05
251.981,146.58,11,1,223.24
281.014,167.83,2,6,126.75
146.459,141.46,0,1,80.58
19.77,1.42,17,3,60.42
47.886,162.65,21,3,57.0
21.295,163.06,8,6,45.2
39.614,45.25,21,6,44.59
22.332,11.32,0,5,23.48
300.294,171.61,3,4,163.91
37.004,136.92,8,4,41.88
38.478,117.45,22,6,38.16
35.913,66.41,23,1,41.51
199.095,19.63,7,6,179.13
25.548,156.73,14,3,39.45
23.642,76.08,19,2,47.61
380.241,63.4,3,0,227.24
5.734,37.56,14,4,16.17
13.315,77.11,9,3,54.59
489.96,114.43,5,5,272.64
17.134,96.9,2,2,41.48
8.224,21.48,9,0,29.32
32.711,171.92,19,1,61.06
7.517,79.71,10,2,34.05
31.542,73.07,18,1,55.7
38.144,92.38,22,1,45.17
20.222,126.7,7,2,39.99
39.633,95.9,12,4,52.09
35.872,107.43,20,0,49.37
24.701,112.69,20,5,36.89
9.269,149.4,17,4,28.26
27.342,138.12,4,2,32.21
375.869,69.73,10,3,237.82
29.019,90.54,2,2,34.74
467.764,148.12,16,1,309.31
32.011,125.99,5,5,45.51
0.676,43.04,8,6,13.59
286.969,73.22,6,3,235.13
16.005,22.93,11,6,37.13
462.594,118.07,21,1,293.26
24.059,115.0,13,1,47.08
119.688,33.46,9,1,160.05
8.208,76.85,17,4,25.12
244.172,33.53,18,0,221.71
300.199,154.53,15,4,201.86
39.64,108.45,1,6,50.81
176.946,199.86,14,2,175.88
396.791,47.47,23,4,221.63
414.224,161.11,18,2,445.52
174.612,114.59,16,5,103.92
26.408,140.32,4,1,33.93
220.642,28.52,20,2,146.1
30.117,138.97,11,3,31.14
377.053,146.21,14,5,204.53
8.868,53.78,9,2,40.46
451.311,152.47,1,0,242.0
39.678,85.62,22,1,41.61
82.936,72.15,2,2,48.04
237.446,18.33,3,0,103.52
18.08,1.71,10,6,39.28
32.335,20.73,11,2,44.51
39.721,28.66,16,4,45.58
16.763,137.34,6,0,33.45
201.706,85.93,4,1,99.08
357.619,169.59,21,2,243.08
26.024,156.78,7,3,58.69
14.763,63.36,12,6,47.23
19.105,197.47,2,0,42.75
11.816,142.55,13,3,35.17
167.635,62.05,16,1,94.33
335.851,62.1,13,5,218.54
93.354,122.5,1,2,61.25
20.108,69.41,16,6,31.92
441.792,146.61,3,6,189.12
328.665,99.28,16,2,255.75
31.046,178.86,21,5,41.98
14.877,184.05,5,6,43.27
143.277,49.73,23,2,61.53
32.271,196.28,12,0,51.12
3.912,91.4,11,1,33.0
498.982,155.2,23,4,290.55
9.703,69.35,22,0,30.61
21.428,47.71,15,0,22.0
9.643,169.12,13,5,33.21
221.402,118.42,1,3,103.89
465.979,78.65,23,2,238.89
6.639,32.96,14,2,31.34
12.678,53.08,3,0,39.19
190.785,18.33,7,2,167.15
119.979,190.42,14,4,80.58
33.3,196.52,4,1,36.02
307.869,51.84,2,0,143.58
412.088,24.59,14,0,336.5
1.665,136.67,5,2,20.28
153.061,59.09,13,4,122.57
25.885,159.46,7,5,28.73
31.367,68.87,18,4,41.27
1.657,162.16,8,0,22.26
10.29,48.31,17,6,36.66
304.818,196.53,12,2,243.67
205.04,118.35,22,5,146.87
424.881,162.1,15,4,267.64
0.527,183.59,6,6,24.47
188.851,4.48,18,5,122.96
37.706,79.18,3,2,32.24
404.248,192.14,20,2,356.43
23.764,35.15,9,5,26.5
476.401,78.38,18,0,453.62
20.099,66.3,2,1,29.3
417.964,134.04,23,2,214.94
0.551,77.25,23,3,19.54
22.068,20.38,15,6,29.99
175.658,63.81,3,0,108.8
37.702,195.61,10,4,42.12
239.732,10.81,10,1,148.68
288.458,132.15,9,1,299.67
3.961,164.8,20,4,25.37
489.447,94.77,3,2,232.73
15.155,76.35,5,3,43.25
299.553,30.31,22,5,181.5
2.909,77.48,16,3,31.17
9.808,59.84,12,6,40.75
95.33,151.46,5,1,51.31
39.537,87.14,20,1,51.66
16.196,65.29,8,4,46.57
280.379,83.98,13,1,291.64
4.489,57.29,17,2,33.99
19.185,34.52,12,1,41.83
62.674,95.1,8,2,124.72
19.919,139.27,3,6,47.09
318.29,17.95,14,1,207.62
15.269,11.34,5,0,27.5
8.114,166.6,1,1,24.45
15.05,92.9,12,5,38.1
258.308,110.31,11,1,167.1
1.584,10.03,18,6,12.94
1.292,156.08,21,0,17.86
142.934,121.71,9,5,89.16
18.935,135.47,19,3,67.91
426.114,112.34,19,4,272.28
11.437,131.26,20,2,40.04
34.364,162.02,12,5,44.81
226.115,147.37,18,5,141.99
355.706,127.7,15,5,203.17
19.096,148.21,23,6,42.57
341.04,44.53,7,5,177.19
5.152,10.83,20,4,14.72
5.233,136.17,16,2,26.78
450.709,197.33,4,2,197.28
39.472,62.75,1,0,41.77
398.686,25.97,13,5,298.89
21.584,146.16,0,2,30.22
35.141,62.49,3,3,35.59
37.964,91.24,16,4,56.26
30.13,33.06,12,0,50.88
311.259,33.88,11,5,221.96
39.79,132.43,20,6,62.69
22.118,94.93,4,1,27.92
24.423,27.52,3,4,22.32
8.347,40.03,8,6,31.48
8.704,186.63,10,1,40.98
347.75,29.91,2,6,176.53
176.17,92.91,3,6,101.71
183.845,147.73,3,6,92.56
17.79,124.4,23,0,35.88
18.533,167.16,22,6,44.86
491.522,168.89,3,3,237.5
24.647,155.85,19,0,55.1
35.56,88.19,2,2,37.8
29.873,144.78,7,5,37.71
261.688,132.78,20,3,197.41
45.357,186.88,16,6,53.74
11.487,101.44,17,5,31.8
23.135,17.7,15,3,31.65
22.189,165.2,19,4,36.43
249.856,68.24,1,6,131.11
369.32,22.89,21,1,246.79
291.938,74.84,3,0,145.59
8.239,24.24,12,1,27.38
16.872,185.33,21,4,46.31
41.995,147.27,17,3,64.53
121.513,115.75,23,6,84.02
39.19,183.19,7,2,61.18
103.563,120.54,23,4,81.22
132.409,124.87,9,5,83.9
480.83,100.83,22,5,249.28
232.04,149.6,17,2,223.77
15.544,10.71,1,1,29.81
31.482,40.88,17,0,51.58
298.467,44.94,20,4,179.53
15.573,83.37,21,2,35.47
34.82,172.1,14,6,53.88
130.376,145.01,6,2,113.51
378.137,23.96,1,3,185.42
37.531,8.08,10,4,41.52
265.653,114.58,11,0,170.68
16.929,107.45,2,2,40.04
9.129,150.56,16,3,39.64
36.228,122.78,19,1,60.57
474.694,77.24,17,5,294.51
2.232,179.67,6,2,24.69
287.468,1.57,2,1,135.19
28.258,195.25,13,5,44.44
28.816,7.67,2,0,24.64
18.319,80.95,10,0,36.95
69.089,149.22,1,5,62.68
169.498,185.35,12,3,140.54
29.997,159.37,17,2,57.78
211.64,189.9,17,6,186.83
21.718,189.4,9,1,40.32
6.858,44.24,8,1,34.57
30.166,198.02,17,3,53.65
38.086,71.49,21,5,46.65
19.692,65.74,21,2,50.59
12.872,157.15,22,5,28.01
192.519,96.04,14,2,148.4
33.145,178.27,6,2,45.44
430.81,126.36,18,4,250.07
257.168,155.06,11,3,193.87
18.856,102.13,12,2,61.73
20.808,89.3,5,4,32.58
262.412,71.82,7,6,254.07
206.176,93.99,14,0,191.91
331.441,54.77,23,2,157.66
75.805,50.39,7,4,85.68
448.099,1.42,4,3,210.88
28.833,23.75,7,3,48.38
8.823,32.33,13,0,31.95
107.558,33.35,5,4,73.65
28.922,132.38,9,0,54.87
6.137,116.57,5,4,28.31
18.412,118.16,7,3,63.63
6.408,19.35,15,4,15.05
82.867,131.91,19,4,64.31
2.216,106.01,7,6,25.05
457.615,167.45,18,0,461.8
21.977,51.64,0,5,31.66
15.314,41.16,10,3,37.21
14.943,55.18,21,3,49.38
15.123,111.03,8,2,62.23
9.576,156.64,5,0,33.49
28.034,141.39,5,3,31.92
3.031,44.43,2,4,26.48
279.663,142.35,19,0,272.46
409.799,57.27,1,6,207.35
1.924,47.93,0,1,14.41
1.107,140.75,2,4,22.93
38.55,55.37,19,1,66.46
20.375,68.06,3,6,32.87
155.065,88.61,12,4,129.94
436.531,96.45,8,0,409.71
408.074,82.54,11,4,315.22
197.317,110.95,5,3,117.23
29.973,186.06,6,3,38.21
424.714,71.27,3,0,219.62
391.552,108.34,1,6,239.73
265.77,196.88,16,2,191.06
17.215,187.94,1,4,48.23
12.968,1.78,21,1,24.13
126.09,52.64,8,3,111.87
207.936,80.18,14,1,192.13
371.575,160.84,17,3,334.26
17.15,26.98,20,4,32.42
34.411,9.64,3,5,32.64
159.494,72.13,17,6,156.56
483.034,39.87,18,5,242.51
29.593,177.94,12,4,50.79
32.405,67.54,20,4,41.74
12.009,53.57,20,3,44.98
23.683,193.11,13,1,39.35
76.83,33.47,3,0,57.96
16.182,153.02,2,0,42.0
11.725,125.33,4,4,31.93
189.593,95.28,17,2,170.54
30.082,175.47,13,4,48.51
9.472,18.0,9,2,23.3
11.827,107.07,22,3,25.94
12.07,46.32,0,4,29.18
219.273,75.73,8,0,224.83
411.484,136.96,9,5,263.38
25.657,123.58,8,5,30.51
21.631,37.27,3,2,27.38
14.006,62.38,15,2,43.75
477.756,11.3,12,0,344.72
38.997,142.97,12,6,59.5
29.545,18.88,21,1,29.56
37.528,104.23,8,3,70.08
140.183,22.67,20,3,105.22
2.159,156.72,15,5,22.05
4.11,123.77,20,0,34.42
39.276,157.73,11,6,43.55
29.114,50.21,1,3,31.96
13.285,93.73,19,6,46.2
10.902,73.49,0,6,32.38
149.842,144.23,21,4,96.26
110.9,56.7,13,5,117.69
1.735,21.5,6,0,17.34
25.147,118.1,1,2,34.91
422.756,93.67,20,0,290.67
405.355,11.75,19,2,440.79
4.498,46.28,12,1,30.06
296.875,111.67,23,0,148.62
31.802,110.04,16,2,41.0
455.143,110.06,10,6,321.14
8.95,153.17,23,2,29.72
1.869,56.97,0,4,21.25
30.975,188.68,8,4,42.16
18.685,31.31,8,2,46.46
9.089,15.53,10,6,25.21
416.977,19.16,20,2,322.61
35.252,86.92,3,6,34.68
331.588,126.48,1,2,157.02
27.109,199.47,14,6,46.86
16.076,26.52,2,3,30.37
99.973,27.06,17,1,115.39
378.407,49.32,2,2,192.21
14.258,64.22,19,5,50.6
495.473,88.5,4,3,257.76
91.691,11.0,19,1,101.98
91.188,90.07,0,2,57.25
29.332,28.36,22,5,37.66
7.228,56.87,22,4,37.17
459.92,72.11,3,0,269.04
273.929,141.97,10,3,161.55
49.885,49.55,16,2,51.88
14.401,125.08,7,4,27.63
474.303,189.83,7,1,575.37
279.53,135.63,20,5,204.63
21.918,41.43,4,4,29.7
28.353,104.81,4,3,37.35
22.515,189.73,3,1,32.97
444.861,82.87,13,2,404.4
89.115,37.03,19,4,61.76
27.651,71.92,22,6,35.44
266.065,27.59,6,1,187.11
16.815,148.5,6,6,46.38
438.716,177.53,13,3,351.73
221.309,187.83,18,4,154.16
35.172,175.57,7,4,43.87
30.724,192.52,6,2,47.82
36.802,138.02,4,3,42.47
31.26,187.57,22,4,45.45
132.889,90.99,8,2,166.93
96.83,22.92,14,5,68.98
214.192,76.18,5,2,105.75
122.279,142.44,13,2,113.73
8.513,124.55,8,0,40.69
35.367,47.65,18,5,33.32
24.981,111.55,6,0,36.43
1.781,115.66,19,2,23.73
26.607,140.0,18,6,57.33
1.916,153.73,10,2,25.75
5.32,171.9,10,4,22.96
23.069,195.87,16,0,44.36
185.585,105.13,19,2,187.71
268.961,161.62,19,1,324.07
33.999,159.93,13,3,59.19
25.804,138.03,8,6,53.74
16.144,113.83,0,6,37.43
461.435,159.47,20,1,297.48
230.418,148.54,16,2,163.84
23.307,66.41,11,0,34.37
302.652,77.97,19,0,306.0
1.749,82.83,15,1,21.02
1.977,40.5,2,3,17.8
13.935,96.75,16,2,43.98
101.05,144.94,14,3,72.22
356.044,118.9,2,2,163.81
12.83,178.44,10,1,37.75
5.147,29.95,8,0,28.17
6.091,140.9,9,4,30.31
18.024,26.1,15,5,37.11
329.557,138.06,14,4,218.06
412.278,15.8,14,4,254.02
366.699,93.13,7,1,429.36
7.742,183.46,10,6,29.92
33.908,56.52,11,4,50.64
89.211,111.27,2,6,61.85
19.554,13.31,6,6,40.27
14.017,138.86,5,5,41.48
13.352,19.62,14,1,33.71
314.346,163.99,10,3,205.15
412.526,151.44,21,1,292.76
8.624,175.5,9,4,37.45
495.533,116.59,19,4,267.85
22.181,10.72,22,4,23.39
221.363,63.69,12,3,182.23
7.935,76.98,11,6,34.51
106.238,176.99,21,3,72.61
435.67,178.73,22,4,219.02
9.417,85.01,0,4,37.08
37.099,115.31,1,0,33.72
29.386,196.72,8,3,56.73
25.411,132.78,21,0,34.0
0.926,90.86,15,4,21.23
173.036,7.16,19,5,105.62
26.425,58.42,23,4,35.03
31.459,50.48,19,2,52.62
343.212,74.02,5,2,141.86
1.807,196.82,4,4,24.86
17.887,127.55,6,4,42.95
93.357,33.6,12,3,81.54
258.311,29.12,13,0,218.67
21.445,191.18,3,4,39.46
11.05,19.75,20,4,23.58
310.813,39.07,10,5,158.45
4.359,20.87,14,2,21.93
4.132,187.71,21,6,29.5
212.941,152.8,20,4,120.64
12.135,132.13,2,5,39.19
158.375,156.17,8,6,161.73
32.606,35.67,2,3,26.6
17.535,122.83,3,3,32.06
10.399,89.23,15,1,28.17
15.958,0.84,22,6,23.98
401.276,108.07,0,3,165.41
27.433,80.18,20,5,41.79
18.656,153.32,20,1,52.14
330.084,71.92,2,5,214.47
39.857,47.77,12,0,55.78
47.552,67.92,10,6,51.05
280.635,188.02,17,1,258.39
36.334,123.71,7,5,38.95
417.54,19.55,19,1,381.56
69.031,40.61,10,6,70.71
27.521,109.22,10,6,34.26
30.423,33.69,11,4,44.31
31.747,126.48,12,6,61.14
313.116,56.82,22,6,153.19
11.203,90.14,7,1,31.92
399.988,69.64,0,4,239.61
14.795,152.25,17,4,45.65
355.212,193.72,15,3,274.91
171.13,86.99,10,4,110.06
31.527,97.06,3,0,30.43
8.351,135.4,10,1,26.65
9.216,94.25,15,0,28.45
15.8,27.37,23,1,32.06
5.892,170.35,14,3,37.34
403.192,127.64,19,1,373.66
139.564,94.75,14,2,142.52
17.653,44.56,18,1,65.88
271.94,85.2,12,3,227.27
3.782,150.64,22,5,27.14
26.927,32.44,14,6,52.66
5.976,140.66,5,6,29.19
27.785,106.23,9,3,53.19
8.682,136.96,19,2,37.14
14.941,123.86,11,2,37.2
134.168,196.25,7,4,85.59
29.928,45.16,11,2,29.85
18.37,100.34,3,3,38.83
474.868,161.78,2,1,241.15
172.651,191.33,3,1,112.44
174.858,193.92,17,1,175.41
7.968,4.51,7,6,19.11
23.938,139.4,17,3,58.23
31.676,45.43,11,2,31.28
367.434,57.12,5,6,199.84
5.118,198.76,18,1,27.98
108.054,89.74,5,4,77.11
6.243,91.66,10,1,33.31
11.948,188.81,18,5,47.35
27.721,146.35,1,1,28.16
13.391,121.67,6,4,39.9
3.802,169.91,21,5,23.9
2.714,133.39,12,1,26.0
14.124,61.69,14,6,47.21
6.97,145.63,13,5,27.49
8.707,94.98,16,2,42.04
230.676,111.21,22,4,136.7
22.378,8.54,9,6,35.27
12.357,128.15,20,3,47.31
36.318,128.99,0,0,40.13
17.725,51.66,21,3,41.61
48.071,51.98,18,0,86.52
25.632,191.04,1,2,32.55
25.307,152.96,19,6,55.39
28.07,72.57,17,4,31.41
31.263,82.46,5,0,42.82
478.148,169.23,22,4,266.9
93.62,26.33,0,3,43.13
38.819,34.52,9,0,55.09
356.502,61.55,6,1,224.69
17.534,39.35,1,6,31.94
59.909,60.4,0,6,54.79
53.459,29.2,23,2,36.64
29.278,48.44,18,0,51.97
36.116,107.47,23,0,44.74
28.076,37.11,21,0,35.8
39.392,24.81,3,4,49.86
2.104,65.69,3,3,23.33
11.978,171.09,6,6,43.13
122.477,199.74,15,5,97.68
23.827,20.43,5,0,24.17
225.973,46.65,13,5,163.52
473.884,71.28,21,4,269.59
18.458,24.53,15,3,45.33
1.557,35.9,19,5,13.54
344.097,104.04,15,6,204.9
288.643,3.63,1,3,118.08
243.576,7.29,5,4,156.54
15.869,152.83,18,5,45.92
22.709,31.35,1,3,24.01
2.926,118.13,4,6,22.55
327.57,76.18,13,2,235.47
3.855,137.63,9,0,34.5
34.603,113.65,13,2,51.4
4.36,97.72,22,5,36.43
116.649,59.97,13,1,118.71
2.377,199.25,12,6,22.17
83.577,67.43,2,4,62.36
32.263,86.64,17,2,56.54
30.656,36.2,0,5,36.91
254.956,187.44,17,6,329.26
25.257,104.5,11,3,40.24
33.293,12.98,6,6,39.99
24.249,81.23,3,1,32.58
26.053,7.5,5,2,24.82
120.953,170.52,23,3,67.99
38.226,179.36,21,5,49.37
148.579,114.24,16,0,127.31
149.515,24.54,10,2,102.48
470.33,43.68,3,1,236.4
28.135,22.68,17,3,43.56
106.659,95.1,11,6,104.97
65.149,183.5,21,1,78.58
455.452,137.08,17,6,561.81
178.409,187.27,7,2,206.15
444.555,153.37,13,6,444.29
33.726,143.51,3,6,35.26
29.305,109.59,10,3,45.23
41.415,40.1,9,2,60.68
393.099,129.87,4,6,167.12
7.352,118.64,10,6,30.84
15.404,166.95,18,1,60.16
18.766,52.43,5,0,38.49
15.033,189.45,3,0,33.9
28.686,38.19,8,2,45.11
9.015,164.84,23,5,42.45
18.314,49.74,18,5,36.18
488.224,79.57,6,5,326.48
37.277,94.24,11,4,55.77
60.935,50.81,19,3,108.6
10.782,100.8,10,3,37.95
5.115,8.93,4,3,13.62
321.949,152.34,8,4,216.42
391.291,30.34,21,5,200.12
28.386,87.34,15,0,45.93
4.943,143.98,4,0,28.69
299.094,132.66,6,4,140.76
36.856,49.31,15,5,41.6
37.201,21.3,10,1,47.49
25.32,53.94,21,0,32.02
457.164,159.43,4,1,238.76
382.148,109.48,19,3,404.4
8.725,77.76,12,2,30.28
32.143,147.2,9,5,36.48
15.83,53.77,19,3,67.93
25.412,18.68,16,2,25.09
26.065,16.89,14,3,29.5
354.784,60.15,7,4,245.45
16.814,92.98,23,4,38.77
47.484,148.13,14,1,54.32
29.102,151.5,14,4,43.68
137.091,15.74,19,2,124.78
19.346,138.39,21,5,47.19
205.935,134.79,22,5,134.96
38.836,171.82,6,3,49.93
403.405,38.26,9,6,398.96
483.379,94.35,14,4,310.44
13.687,20.62,22,3,25.31
19.756,97.27,18,5,47.46
28.714,105.71,13,4,45.29
37.589,69.42,22,3,43.02
9.668,44.02,21,2,22.72
219.571,83.43,21,5,152.2
326.047,56.56,23,0,147.37
39.754,60.8,6,4,50.74
6.765,165.61,16,0,25.09
39.75,157.0,1,6,40.31
277.078,133.93,22,0,137.79
24.618,156.45,3,6,29.38
8.613,72.39,23,2,29.25
32.857,24.68,6,3,32.69
257.885,57.42,5,0,142.24
283.639,157.46,4,6,158.57
277.431,136.47,0,3,150.74
39.287,32.95,1,3,34.93
66.593,126.36,22,6,50.57
12.521,148.57,11,0,41.62
16.456,128.81,17,4,47.26
8.293,60.38,1,4,30.98
39.681,56.86,2,4,50.45
312.552,48.34,9,5,196.65
159.488,101.55,3,0,93.47
9.826,149.18,18,4,34.22
147.565,59.91,21,6,94.03
20.9,38.59,11,3,36.47
2.957,177.71,15,1,24.6
10.916,99.82,13,3,39.49
6.932,101.21,15,5,26.26
1.788,31.45,17,2,19.22
15.099,57.99,16,1,45.59
31.46,84.41,9,2,65.02
14.272,174.1,13,3,50.1
318.626,152.41,16,5,181.01
189.599,159.98,21,4,97.45
378.52,129.22,5,5,251.51
25.984,128.82,2,1,37.78
271.214,3.83,21,4,148.1
28.372,177.54,14,0,50.6
17.762,83.05,16,2,52.97
11.771,36.62,2,1,23.24
2.811,78.05,10,1,24.02
95.644,40.59,19,4,72.82
22.348,13.19,0,3,18.16
23.654,20.39,17,5,29.06
38.733,74.72,5,6,52.56
2.151,162.55,19,2,24.41
27.36,199.85,20,1,35.77
299.018,60.2,12,5,241.82
480.412,63.73,21,2,369.82
26.66,64.4,6,3,45.51
41.968,2.01,5,3,33.58
3.705,175.36,20,0,30.81
213.133,120.3,12,1,181.52
15.134,38.68,0,1,29.64
327.609,161.7,7,1,309.64
28.31,121.24,0,1,30.35
8.154,147.79,21,5,32.56
98.618,186.72,7,4,87.05
322.65,136.17,14,0,256.69
37.581,86.57,13,2,58.46
61.604,183.69,17,3,98.67
411.53,198.05,7,5,241.09
84.494,96.05,0,4,74.52
19.206,191.76,1,6,49.38
327.66,115.83,2,0,141.03
400.017,12.49,14,0,308.45
15.567,19.26,13,1,31.71
18.836,85.68,19,4,59.75
4.766,2.56,22,0,14.7
20.601,71.14,15,5,30.44
20.768,130.38,11,2,32.73
24.332,58.28,0,4,28.17
234.148,39.16,6,5,139.89
359.6,196.39,19,5,222.6
18.445,157.86,1,3,36.9
25.145,47.88,23,6,26.26
206.896,14.84,0,4,133.13
30.739,8.88,0,1,26.58
7.552,4.4,8,0,25.28
91.046,187.23,9,3,140.12
445.565,175.69,2,0,240.93
15.439,74.91,19,3,44.44
31.689,65.6,1,5,43.34
447.484,41.93,2,6,194.43
274.213,99.77,14,1,226.86
267.604,53.74,12,5,199.59
222.114,61.27,12,4,209.17
30.189,59.08,16,2,41.09
15.017,99.56,8,3,66.92
36.108,58.97,16,4,41.14
22.068,66.82,21,2,42.57
127.696,120.85,4,6,85.87
400.239,80.82,12,6,321.73
30.566,29.94,12,1,38.82
372.355,92.33,2,2,178.72
17.828,170.6,0,2,43.83
203.145,45.18,13,5,143.93
23.685,113.56,1,1,31.69
438.795,196.04,6,3,289.24
38.497,127.84,9,0,74.2
8.36,182.28,12,2,32.99
15.062,2.31,10,6,26.72
218.937,180.73,6,1,153.02
113.039,115.06,9,4,95.86
33.071,121.01,7,4,55.12
2.044,18.31,20,3,12.28
230.924,36.0,19,5,155.54
83.946,139.76,1,1,48.57
29.198,180.46,15,3,42.64
4.656,153.33,10,3,30.31
384.879,76.29,23,3,179.13
36.727,65.49,23,3,39.71
32.907,168.33,5,6,45.38
15.939,15.61,0,5,29.86
17.961,9.65,20,6,31.29
27.769,88.85,19,0,55.59
1.134,5.69,0,2,7.7
84.437,167.09,21,1,66.42
327.35,186.87,12,3,252.85
16.385,63.32,12,1,49.2
9.133,60.38,19,3,34.22
431.214,34.37,3,4,305.36
7.426,152.37,22,2,21.11
36.528,89.84,16,5,46.49
97.066,47.36,13,6,80.51
8.479,75.21,20,0,32.58
13.043,157.42,1,4,40.09
145.345,146.6,10,1,126.2
142.324,174.55,16,2,111.42
38.17,10.52,4,1,31.29
17.336,93.47,5,5,45.84
23.269,193.55,6,2,37.42
17.197,121.92,13,6,64.28
236.603,16.74,9,4,133.06
22.705,96.22,10,1,40.11
34.535,146.1,11,3,46.27
39.507,14.34,1,0,27.98
10.583,182.63,23,2,31.3
378.406,48.55,1,6,174.86
108.027,121.13,21,1,95.23
336.423,183.38,12,5,270.28
17.206,165.97,8,5,47.9
35.118,145.56,2,0,40.68
30.075,186.01,12,5,55.07
281.483,130.94,23,3,156.4
7.688,189.7,14,4,25.5
36.14,81.82,20,4,51.87
5.425,12.95,0,4,17.26
346.048,157.86,1,0,198.17
38.501,53.24,15,3,46.11
9.964,72.31,12,3,38.75
41.419,174.12,12,5,57.17
385.662,49.78,14,4,255.97
41.439,127.65,10,0,57.14
19.639,147.87,2,2,42.79
434.266,181.05,23,3,191.28
272.133,25.66,2,2,142.09
35.908,191.01,15,5,45.67
39.738,5.94,10,3,33.06
35.952,24.71,4,4,38.01
36.992,13.03,10,3,38.0
401.138,193.25,13,6,339.84
7.932,188.41,18,2,42.2
182.968,118.05,6,6,143.84
26.718,118.2,3,3,30.31
176.539,43.86,21,3,138.34
13.146,100.53,22,0,33.13
139.224,58.37,12,0,116.94
362.187,10.61,5,6,195.07
430.318,198.21,17,3,474.02
11.68,139.31,6,5,27.83
306.976,161.03,22,2,146.39
9.116,149.7,23,5,34.37
494.703,29.61,13,5,384.9
39.221,130.05,18,3,63.26
10.014,97.78,22,4,28.75
397.756,172.99,20,3,248.79
3.764,97.89,21,4,29.03
23.919,76.85,20,5,34.11
36.401,159.07,5,3,32.02
20.997,116.99,22,6,30.19
452.897,36.21,19,5,300.56
6.868,112.54,1,0,24.77
17.211,189.05,0,1,44.39
23.294,139.05,16,2,34.14
60.578,7.44,4,2,33.2
29.3,84.46,17,2,55.33
37.817,135.34,22,1,46.24
15.2,131.5,16,4,44.87
214.313,192.81,7,0,219.34
36.415,155.64,4,6,36.16
142.224,190.36,3,1,90.4
23.1,56.47,8,4,33.18
123.109,161.24,21,6,95.15
20.786,31.18,4,1,22.38
488.27,141.53,7,5,342.47
11.395,85.61,22,6,30.58
30.938,169.06,20,0,41.32
37.219,161.69,0,3,38.37
27.562,135.39,17,5,36.59
21.606,69.08,23,5,36.39
24.563,121.51,5,5,40.26
14.455,10.28,15,3,38.27
422.594,170.17,3,2,210.6
12.54,186.63,20,4,29.51
264.603,71.21,19,3,283.59
4.503,98.46,2,4,25.16
6.647,131.36,7,3,36.19
17.824,167.89,5,1,45.38
131.294,37.99,1,1,80.96
26.777,53.23,13,3,49.54
30.694,176.37,16,5,40.75
6.644,100.05,21,1,32.67
0.817,96.09,9,3,22.88
5.043,52.78,22,1,22.37
87.41,146.12,19,1,119.68
11.318,38.52,4,3,30.53
21.236,140.06,7,1,43.99
11.582,70.27,13,1,35.48
29.918,42.47,15,2,32.21
4.327,2.83,17,6,19.9
31.263,105.82,11,1,42.24
95.363,117.35,20,6,85.52
22.09,68.65,23,3,32.75
10.475,175.43,17,2,43.61
71.146,83.86,16,6,90.87
31.878,138.79,23,6,42.75
116.138,150.17,12,4,97.86
28.021,175.84,16,3,42.33
176.327,53.78,3,1,91.03
5.752,174.69,1,5,20.28
26.121,126.57,11,2,43.42
189.332,11.55,0,6,91.77
1.118,131.5,18,0,26.35
134.833,88.49,10,2,126.1
18.119,145.99,13,2,51.46
23.001,188.68,5,5,40.34
356.189,37.65,4,0,159.75
30.143,2.46,3,3,21.32
469.952,26.52,2,2,298.25
29.577,67.74,22,0,36.73
6.944,66.42,4,1,33.07
12.221,102.36,13,1,49.7
14.456,57.44,21,3,33.79
38.28,56.43,2,4,51.59
2.212,30.31,13,4,19.97
172.023,175.09,8,3,178.45
75.13,0.54,4,6,44.79
3.159,115.61,23,2,19.38
202.2,98.89,15,5,142.36
216.265,109.91,17,4,160.8
28.739,105.44,22,6,41.74
22.556,191.53,3,0,33.21
104.101,92.13,17,3,146.12
213.632,5.37,13,2,197.82
23.96,31.72,4,2,24.65
256.092,28.11,16,5,134.9
25.971,2.74,3,1,22.43
17.233,189.65,14,4,43.24
9.479,186.3,8,0,42.29
7.756,149.22,17,4,31.92
25.855,165.47,5,0,31.58
429.44,5.71,9,1,377.49
182.195,110.38,20,0,159.39
2.398,18.73,9,0,18.6
12.922,78.19,11,1,35.73
109.086,117.48,12,3,97.54
18.793,177.05,2,5,53.53
270.745,198.46,19,5,197.61
11.988,124.73,13,0,39.84
6.52,125.6,15,0,33.25
38.773,156.31,2,3,49.08
4.025,35.92,14,2,27.04
37.004,187.97,18,3,84.77
14.986,168.98,10,2,40.7
495.974,8.63,20,0,336.41
6.749,79.92,2,1,23.63
25.878,180.04,14,0,57.74
13.484,63.53,19,3,52.96
22.031,189.71,4,5,40.47
403.197,195.71,6,0,257.62
10.457,35.3,4,0,24.25
35.776,36.9,1,0,34.41
8.345,188.39,15,3,30.38
33.009,112.23,19,1,73.75
39.462,187.8,23,6,35.77
92.259,194.0,13,2,81.98
97.83,89.92,18,0,120.44
139.423,42.03,6,5,72.31
35.918,100.47,3,5,43.23
38.976,67.23,5,3,46.9
15.572,169.03,22,5,48.06
410.732,20.85,20,0,241.02
466.525,20.03,14,4,233.4
15.553,39.19,15,0,41.22
336.635,156.95,12,0,257.24
36.156,181.88,21,1,58.05
31.725,168.17,16,6,36.52
15.959,123.29,12,6,56.82
219.589,145.65,12,2,182.59
400.769,168.62,20,2,216.37
1.513,2.41,18,1,13.16
100.052,90.8,20,6,85.93
21.649,49.13,12,6,30.29
438.792,22.28,19,0,462.12
20.023,72.34,6,3,33.04
17.086,177.95,20,3,38.44
22.908,121.37,1,0,29.28
29.797,185.32,6,4,38.65
34.742,23.05,6,0,43.75
38.153,69.78,17,5,49.06
16.298,38.69,5,1,27.42
183.329,158.84,23,3,111.15
13.091,21.6,12,3,44.01
480.725,50.69,13,2,364.74
16.233,23.02,10,3,30.83
96.26,63.79,0,5,71.82
298.355,77.18,19,1,244.53
74.419,178.54,13,5,74.64
32.208,99.78,8,3,60.37
1.205,156.68,18,0,24.52
35.885,183.62,1,2,35.83
30.271,80.13,17,6,52.34
249.108,169.75,3,6,137.28
13.253,137.55,13,1,50.42
36.164,197.91,22,6,44.41
27.673,158.35,12,2,47.68
13.114,29.69,18,6,41.62
26.62,195.27,10,6,38.53
3.77,111.75,7,5,32.29
26.985,93.68,12,1,48.89
276.407,62.74,9,5,173.45
39.015,173.58,16,1,43.61
12.632,173.98,20,0,46.91
1.629,132.41,14,2,24.84
6.449,100.49,16,2,25.29
12.113,80.6,19,2,43.48
337.319,191.8,7,0,341.22
24.999,143.19,12,3,50.8
8.625,157.17,11,5,41.59
259.309,61.13,22,1,156.83
18.481,192.45,21,3,52.67
44.478,70.49,15,4,57.85
1.187,136.04,9,6,25.92
194.412,98.18,11,4,160.8
14.429,142.06,16,6,42.23
25.772,29.67,13,6,40.44
23.315,139.19,13,2,43.76
25.262,109.03,14,4,40.68
23.771,189.06,8,2,53.93
300.665,158.53,11,2,200.27
27.396,104.68,9,4,39.21
9.084,165.11,3,0,27.77
62.955,27.63,9,6,89.34
39.839,39.43,18,0,64.69
27.301,77.31,12,0,46.94
410.015,27.92,6,2,313.39
22.883,125.7,17,1,53.58
37.428,142.55,14,2,58.59
22.577,191.5,13,0,38.11
21.959,113.16,9,0,46.58
32.396,174.99,14,6,52.46
11.978,96.35,10,6,42.31
64.389,41.09,4,4,51.39
12.78,197.83,0,6,27.05
24.35,24.29,3,1,28.56
16.48,196.54,7,6,53.92
26.497,24.73,4,5,34.0
132.161,96.15,9,5,109.94
15.74,159.99,14,3,45.13
1.846,130.12,21,4,23.46
35.356,91.72,0,1,39.29
2.979,131.22,11,5,32.0
168.036,152.55,9,3,226.52
28.486,101.45,21,4,41.72
23.587,165.99,2,0,31.74
188.883,46.38,23,6,100.1
387.674,84.07,2,0,206.35
426.713,184.72,10,0,290.92
8.39,50.57,14,5,29.98
23.493,125.86,21,0,37.97
16.617,109.36,2,2,43.22
302.37,94.8,11,2,188.43
17.387,75.29,2,4,52.21
192.223,44.88,9,6,216.34
485.333,15.05,18,1,478.31
91.002,94.25,8,5,72.54
30.707,27.94,17,6,55.23
37.946,180.87,22,6,40.14
315.148,122.53,2,4,199.96
14.335,95.57,7,0,50.55
24.521,75.94,21,5,37.26
292.791,23.21,3,4,161.66
2.788,46.48,18,0,28.72
46.853,143.99,1,0,43.94
24.295,178.1,9,1,47.01
20.05,147.07,11,6,41.61
174.634,130.76,16,2,123.79
263.656,15.78,4,6,120.72
15.209,163.29,4,0,34.29
1.833,55.67,12,2,21.87
267.864,172.57,12,3,220.73
21.891,69.63,0,4,36.06
30.256,43.39,0,2,32.47
411.402,110.7,23,5,236.59
28.909,153.83,8,1,54.85
27.463,54.95,7,6,58.87
206.38,131.88,20,6,117.94
244.152,3.55,0,3,108.87
16.64,115.96,2,2,37.33
159.389,99.04,7,5,126.82
26.357,36.93,16,6,33.93
488.63,3.32,11,4,419.53
18.031,102.26,7,1,61.29
105.817,65.38,11,2,87.25
175.269,6.33,11,0,118.86
28.773,148.43,18,5,43.53
29.187,76.28,20,0,33.98
377.618,107.84,3,6,170.09
279.355,63.46,6,6,217.19
12.935,194.48,22,1,27.76
22.638,15.38,11,5,29.23
465.83,49.06,13,5,380.64
12.897,16.39,13,4,28.59
47.136,24.25,8,6,63.58
1.846,86.34,22,1,27.78
16.392,111.43,22,2,43.02
24.857,198.83,1,0,29.35
173.074,95.47,4,5,138.83
78.543,179.13,18,4,73.68
37.818,19.47,9,3,60.14
33.841,85.4,10,3,45.39
136.913,103.88,18,4,82.52
19.722,44.8,5,2,32.91
4.291,110.48,16,6,29.71
287.441,39.11,15,6,189.61
5.484,90.82,3,5,25.11
10.891,172.91,8,5,37.39
6.691,67.13,14,5,22.85
450.445,7.77,3,5,219.64
25.563,1.69,4,4,21.79
6.482,162.79,23,3,33.7
41.471,13.55,17,4,35.73
15.521,116.82,20,2,41.7
19.66,159.37,12,4,58.62
35.295,151.02,9,3,61.12
4.985,139.42,22,1,32.11
16.774,47.05,9,2,65.96
13.046,78.34,14,3,47.45
196.327,163.72,9,3,213.63
322.12,66.0,19,4,258.17
28.337,182.45,17,0,53.2
34.459,45.94,5,2,35.02
56.594,4.1,16,0,52.05
356.512,6.85,23,0,160.67
443.246,172.41,2,0,264.48
36.799,19.2,18,6,61.23
235.57,148.72,9,2,210.63
9.279,81.33,8,3,43.19
39.73,145.54,11,6,49.98
15.108,112.67,20,2,49.98
7.186,172.98,15,4,26.34
9.681,153.5,8,3,41.5
22.83,81.37,0,2,32.2
188.045,141.8,16,4,122.59
28.121,75.2,0,1,32.5
267.785,125.27,16,3,206.02
5.145,199.15,23,5,28.1
27.558,160.58,22,2,33.25
466.457,144.05,4,1,234.07
39.091,62.44,6,1,49.2
19.013,31.37,11,5,49.66
439.323,116.94,9,2,400.83
26.545,15.59,4,0,22.17
30.759,66.1,18,4,51.49
257.767,33.7,7,1,316.31
35.89,10.53,16,6,42.09
5.133,112.07,12,6,24.56
427.408,191.08,20,6,276.33
27.956,50.18,3,4,38.93
199.156,84.87,19,4,115.15
37.361,199.09,6,3,45.27
271.285,2.7,8,0,299.93
363.962,54.91,1,4,257.33
19.201,175.0,17,6,76.41
364.594,35.46,4,0,188.59
21.991,196.68,6,5,34.5
185.581,141.89,18,5,104.11
69.879,165.03,16,1,74.46
8.348,101.14,5,5,26.1
22.943,139.29,18,3,55.8
13.041,125.36,0,6,30.26
181.58,136.21,6,5,109.53
121.882,28.17,10,3,92.37
161.691,98.03,18,2,196.23
422.596,7.44,18,3,408.82
172.797,68.5,16,4,118.1
158.778,93.59,1,0,86.8
26.503,180.26,10,5,43.68
19.282,67.4,3,1,37.73
249.965,115.24,13,5,214.45
13.846,135.74,9,0,55.94
31.076,190.8,12,4,53.14
484.008,188.57,6,4,312.05
30.75,160.32,14,3,43.8
178.59,16.17,7,6,157.69
19.355,69.01,15,4,42.76
422.42,141.27,3,3,243.99
375.971,84.98,12,4,267.31
9.257,121.74,7,2,36.17
9.588,100.04,1,1,27.6
6.455,62.29,21,6,33.18
4.704,161.27,11,5,34.84
114.007,25.84,16,3,71.71
17.287,148.44,3,4,40.24
367.531,168.85,11,0,234.4
13.816,186.84,18,2,68.52
2.417,56.41,3,6,25.6
12.198,163.85,17,2,46.63
25.621,119.2,11,5,46.88
331.143,86.28,8,2,319.55
424.062,146.56,16,4,270.7
445.737,76.44,23,0,277.64
7.765,149.38,23,5,35.42
39.799,123.15,17,6,62.39
9.001,187.1,8,5,32.2
11.754,1.11,6,0,21.3
31.715,127.01,3,1,34.11
251.896,84.21,19,2,239.07
13.126,164.54,4,3,33.76
26.598,114.31,2,5,39.6
283.612,60.88,10,3,182.73
39.835,4.78,9,4,36.31
15.448,189.77,3,0,32.43
492.816,195.78,17,3,561.72
30.935,126.09,21,5,35.63
267.623,92.84,14,1,188.39
13.695,92.86,5,5,39.66
324.683,27.8,19,4,181.76
189.509,50.06,18,5,115.39
293.946,172.7,5,3,138.44
463.837,64.61,9,0,398.86
406.507,194.56,16,5,303.13
113.263,92.5,2,0,63.0
31.43,191.52,22,4,46.77
1.437,96.21,23,0,24.06
275.317,129.96,13,6,209.61
386.646,22.45,5,2,193.74
25.86,14.91,22,3,20.02
192.104,90.13,8,4,116.41
299.228,142.79,9,5,205.52
12.148,148.77,22,1,33.49
12.467,116.89,8,2,51.65
24.929,34.16,11,5,33.66
7.18,105.09,5,3,31.78
12.718,44.94,8,4,28.69
456.899,168.01,16,1,301.32
477.933,101.53,8,4,321.81
21.156,49.01,23,1,23.85
249.79,8.14,19,2,227.75
280.377,12.27,7,1,264.18
31.366,63.84,20,0,42.58
19.746,113.91,18,3,68.08
129.607,161.17,19,6,123.78
20.538,102.89,20,2,33.3
271.409,125.22,3,6,143.92
3.09,86.46,9,0,30.43
7.715,155.78,7,1,35.47
136.734,134.41,10,1,107.61
26.672,65.2,16,3,41.98
34.321,60.79,4,2,49.28
17.299,78.77,13,0,47.97
392.842,3.99,22,1,228.27
13.213,158.2,10,4,28.72
10.104,65.16,15,5,37.68
219.429,191.95,22,3,139.67
21.747,87.68,9,0,44.98
376.927,164.88,4,4,225.12
159.931,106.25,9,5,133.75
367.245,62.86,11,6,243.28
27.268,140.84,8,4,33.01
16.154,97.32,1,6,42.86
20.416,159.68,17,3,42.07
4.14,111.7,3,4,30.53
127.808,14.71,21,3,79.44
110.014,66.15,5,5,80.38
224.674,58.83,19,6,174.69
34.295,116.92,10,4,44.27
438.932,30.61,4,1,200.05
58.148,25.55,11,0,59.8
11.208,187.27,6,6,42.41
33.449,75.09,14,6,45.87
15.53,162.92,2,1,38.63
8.781,188.15,23,4,33.23
19.38,101.8,14,0,70.12
203.153,189.15,2,3,101.44
442.933,3.27,8,5,212.04
22.801,25.68,4,1,23.65
210.984,83.03,5,3,114.98
412.747,36.4,3,6,188.92
13.182,156.68,10,0,33.67
61.39,75.47,19,5,58.73
91.709,95.19,13,6,82.18
40.332,95.3,8,1,74.13
33.328,114.29,4,1,35.78
381.865,143.48,9,4,229.01
347.444,104.03,18,2,294.98
306.51,186.93,1,5,174.87
1.848,158.97,5,3,23.24
25.334,163.42,18,3,48.35
30.856,184.78,10,1,46.71
26.698,133.64,10,6,32.54
9.471,91.54,3,0,26.87
17.728,196.86,2,6,40.65
27.383,155.2,6,5,37.37
21.457,9.49,17,2,37.61
332.057,171.8,7,6,334.2
235.047,40.52,1,3,146.25
37.557,0.17,8,5,29.14
481.267,11.94,13,1,444.36
31.559,129.25,12,4,40.5
167.06,178.54,3,5,101.75
44.954,23.55,9,4,52.16
177.458,25.06,23,4,113.33
39.524,76.36,8,0,60.28
438.133,97.51,9,1,455.46
34.074,98.96,22,3,41.35
29.1,55.25,8,5,43.79
32.337,48.62,15,1,35.85
365.923,112.18,18,3,411.16
335.632,19.81,3,0,143.26
317.751,163.08,22,5,188.63
16.248,161.06,23,6,39.56
25.406,65.86,9,3,51.76
38.956,49.82,14,6,66.51
31.849,41.96,17,5,37.13
193.531,123.32,23,6,86.28
29.017,127.93,10,4,37.24
32.333,179.17,5,1,42.87
362.105,112.14,17,4,266.01
345.067,170.46,4,5,226.8
33.878,147.28,9,4,44.07
26.867,54.83,15,1,38.91
26.092,43.27,0,2,28.62
22.939,82.52,16,4,36.64
10.829,159.38,11,6,34.66
3.543,138.67,10,6,29.31
4.317,183.5,16,5,28.34
336.684,110.86,7,3,346.98
23.847,13.03,5,0,17.19
27.439,13.18,23,2,28.36
265.773,140.87,4,3,143.3
35.101,189.26,4,6,36.33
24.579,142.45,11,4,41.27
154.448,120.34,5,6,94.55
4.02,189.23,18,5,25.96
4.287,71.1,22,3,22.75
9.452,197.13,20,0,39.87
67.207,74.69,5,0,52.05
1.592,181.04,18,2,21.78
14.137,174.43,4,4,37.27
395.112,101.52,14,0,334.15
470.115,21.64,21,1,270.14
6.632,122.68,10,3,25.7
13.865,73.2,7,6,52.35
39.303,96.14,21,5,54.13
298.978,140.47,16,3,212.94
30.659,58.66,20,3,40.66
15.858,99.57,9,6,54.4
4.023,178.43,23,4,30.0
7.935,192.84,1,6,29.09
7.542,74.23,22,0,31.87
8.543,41.43,20,4,24.66
465.184,1.05,7,5,311.31
33.593,9.05,4,4,35.45
23.036,172.76,20,2,41.68
16.839,55.69,6,6,42.98
59.228,153.45,4,5,58.02
21.709,33.56,23,2,27.61
11.814,171.12,8,0,47.89
132.363,103.69,1,3,73.79
3.803,138.75,2,1,24.5
271.665,194.9,6,5,193.63
38.041,184.38,11,3,54.82
7.767,38.95,21,5,22.63
21.378,111.41,4,4,29.87
118.161,186.57,11,0,94.75
22.727,162.76,18,0,42.13
259.157,114.34,12,2,204.37
19.877,50.08,20,3,56.09
29.374,192.61,12,2,38.69
106.233,92.04,22,4,74.42
35.403,92.17,14,3,46.23
101.233,106.03,7,1,112.66
18.803,172.5,13,2,42.24
26.263,60.13,19,3,57.23
7.622,88.65,22,1,28.14
299.147,31.26,12,4,177.61
37.284,63.31,19,4,49.7
79.445,1.83,1,2,47.83
33.707,72.65,10,4,41.3
12.478,160.49,5,1,34.56
361.937,56.32,7,0,340.55
102.375,76.25,12,3,102.7
7.682,178.81,15,5,28.44
71.689,27.08,9,5,67.89
187.521,142.31,2,2,92.5
232.16,33.9,8,1,273.39
26.152,140.13,8,3,44.69
342.079,131.92,10,4,279.83
8.386,94.08,12,0,32.21
20.747,198.73,13,3,35.14
3.791,90.03,21,0,33.45
50.583,25.79,3,1,45.35
44.437,2.79,10,6,29.58
485.79,126.24,10,6,353.59
125.364,143.68,2,0,87.42
217.974,125.13,6,3,148.49
312.234,172.19,14,1,219.1
35.188,115.13,6,5,50.52
16.089,167.22,9,4,37.26
14.118,48.23,0,5,29.4
36.156,12.17,13,0,43.57
350.271,63.75,11,5,265.19
29.817,96.14,15,2,51.36
23.696,8.64,11,3,31.01
36.014,90.49,4,5,32.48
13.011,197.95,20,1,39.93
7.764,19.06,12,3,20.77
12.489,191.04,17,2,46.19
38.779,12.05,3,0,31.02
20.991,98.9,6,3,36.87
321.348,119.86,16,2,236.66
22.83,94.76,0,3,33.14
331.581,180.38,15,6,194.46
454.854,193.1,20,4,245.08
19.055,3.98,16,0,38.98
18.776,180.1,23,2,43.78
31.221,94.8,7,5,39.79
31.456,191.34,15,2,40.78
5.254,146.71,23,1,18.86
28.176,170.55,9,2,48.39
31.144,198.6,14,5,37.58
37.508,91.24,6,5,44.86
13.398,95.47,4,2,28.89
13.293,35.68,19,6,42.25
29.05,142.76,15,0,34.42
28.697,18.46,11,2,28.59
25.852,79.26,4,4,37.05
36.501,52.22,7,0,61.14
9.151,46.61,4,6,22.03
222.072,102.1,9,3,273.02
9.565,98.34,11,5,42.58
222.703,30.54,0,5,120.82
24.501,66.96,10,2,39.28
38.726,134.4,12,1,59.18
23.023,149.48,22,5,29.92
26.089,46.04,8,1,41.92
28.938,144.02,14,3,47.52
11.771,197.36,7,0,45.63
467.873,60.76,12,5,303.04
8.036,84.69,11,0,32.86
18.549,186.46,6,0,47.8
37.276,95.35,0,0,41.52
28.264,96.0,23,5,38.92
20.148,166.11,13,1,36.57
11.622,95.89,8,0,48.15
412.763,199.17,1,6,211.97
381.562,57.37,2,4,222.03
36.122,145.27,17,1,63.45
392.964,29.61,21,6,238.58
79.765,50.71,4,2,55.87
197.989,183.67,20,1,139.67
32.05,27.99,6,6,36.53
4.601,0.91,17,5,15.46
265.023,65.16,11,4,203.08
30.187,21.37,20,5,41.03
0.524,158.74,16,6,17.14
33.097,108.44,3,6,35.96
33.192,136.13,2,2,40.61
14.055,75.05,9,3,55.48
27.325,195.4,15,2,42.18
234.443,117.47,11,5,154.35
36.282,95.03,17,0,81.22
151.034,196.8,1,2,93.72
16.719,2.16,4,4,24.95
28.037,77.7,17,5,35.1
7.37,90.4,5,0,26.63
19.707,1.24,23,6,27.4
9.325,173.13,18,6,47.62
5.714,195.76,19,4,30.68
28.482,179.55,11,5,36.82
3.946,175.57,21,2,28.96
103.263,4.92,2,4,56.02
38.849,131.29,18,3,64.38
29.992,78.2,11,0,40.59
32.553,63.97,7,6,63.59
8.958,34.57,17,5,20.6
30.54,95.59,2,4,37.52
471.3,165.61,13,0,314.89
211.894,90.02,7,5,137.06
16.558,174.39,20,1,53.87
22.687,140.92,4,6,31.85
32.369,183.43,9,6,60.34
34.911,137.72,22,4,42.33
19.038,18.29,15,2,31.83
313.44,45.65,10,1,172.16
278.129,82.37,8,4,192.84
175.707,137.45,11,5,141.58
7.35,144.95,9,5,28.98
212.499,78.39,22,2,122.21
3.346,24.97,12,6,20.14
37.423,110.17,8,4,38.27
39.277,119.09,15,3,42.65
33.963,55.54,17,4,56.13
134.251,178.27,18,0,156.75
24.923,114.17,8,4,35.54
30.613,34.45,12,1,33.23
412.393,25.0,7,6,367.59
462.108,55.97,0,1,237.56
33.968,81.77,14,3,56.32
50.592,153.03,6,5,56.65
425.581,121.35,11,1,306.04
31.629,41.51,10,2,36.16
1.459,187.06,7,5,26.58
14.135,76.26,15,3,38.14
39.885,95.76,5,1,44.45
429.115,195.83,11,0,284.84
3.631,186.41,14,1,32.66
145.381,62.39,16,0,95.49
473.094,35.27,17,3,414.97
129.877,142.53,2,6,90.48
372.676,30.63,5,1,177.88
32.626,100.23,1,3,39.53
303.978,55.93,7,3,331.43
387.076,13.51,12,1,316.13
16.454,105.06,20,4,43.52
385.75,104.74,13,1,318.52
12.288,120.92,13,3,46.22
1.134,87.16,20,6,24.32
10.157,3.37,7,3,27.58
8.585,26.17,1,1,23.09
15.769,130.72,13,0,48.95
37.392,173.74,15,0,58.71
28.589,53.99,0,4,45.91
32.041,92.11,19,2,61.61
30.664,7.33,17,5,31.67
33.076,66.1,22,3,35.11
166.85,44.13,1,2,85.61
32.079,176.65,13,4,50.73
29.226,157.42,7,3,49.94
26.942,162.36,10,4,40.23
36.102,148.45,20,5,44.83
279.222,55.87,19,6,233.69
20.206,144.88,12,0,38.65
6.345,44.8,7,1,21.83
232.874,66.31,2,1,134.4
12.901,177.87,13,3,46.73
9.809,175.83,15,3,37.74
24.618,33.06,5,4,31.03
21.845,98.58,2,6,37.26
7.514,26.78,11,5,23.9
191.865,7.88,18,0,180.08
7.212,78.23,15,0,36.85
18.762,170.49,5,5,45.83
11.706,78.74,10,5,40.56
414.733,83.65,7,6,351.43
6.374,31.13,2,0,15.04
30.929,137.58,18,1,53.2
473.586,110.47,18,2,434.82
3.109,6.37,8,3,22.06
28.511,64.78,4,6,34.94
28.144,1.59,5,2,25.34
35.427,48.08,19,3,50.17
367.228,160.06,11,2,295.4
8.837,66.57,21,6,38.05
321.623,87.04,23,6,166.0
39.873,91.34,9,2,91.7
18.81,176.89,18,1,64.13
35.715,170.45,7,5,38.47
246.655,79.46,13,0,192.98
291.411,83.41,16,6,189.54
39.56,42.76,21,4,42.64
297.947,65.78,17,5,178.68
5.63,149.91,8,1,26.37
133.883,32.87,3,6,64.54
441.682,170.62,0,1,254.41
7.569,153.0,10,0,28.89
401.329,71.32,2,2,228.31
1.22,182.78,2,0,20.64
388.365,70.34,10,6,263.74
32.566,42.55,6,4,46.42
26.453,182.59,15,4,41.3
2.158,90.64,0,4,26.71
486.009,172.42,2,1,218.26
5.863,98.92,17,5,28.63
21.715,85.19,1,6,31.68
360.117,163.16,4,2,178.91
12.343,4.64,9,2,34.44
24.182,20.11,3,0,25.7
3.614,9.91,9,6,24.82
28.656,187.05,22,4,43.85
36.794,84.09,21,2,41.03
310.62,21.46,15,0,201.0
31.867,16.49,5,1,29.57
47.749,43.76,22,1,36.81
21.158,54.74,23,6,27.5
24.724,77.75,16,2,42.23
34.318,25.02,13,2,45.22
8.051,50.66,4,4,28.78
39.927,149.0,23,0,36.25
304.304,130.41,22,0,136.74
401.375,173.77,10,3,288.17
434.568,29.27,12,2,372.08
2.433,0.71,14,1,13.81
11.918,82.74,9,1,43.9
18.45,60.71,7,3,79.56
164.034,96.12,14,1,153.89
37.392,22.05,23,2,39.93
407.752,149.31,0,0,210.48
347.486,111.24,19,4,232.56
21.369,29.9,0,2,22.36
29.438,144.2,13,2,45.83
33.755,120.35,18,2,64.5
19.12,48.31,10,3,48.45
22.824,27.49,13,6,36.96
292.341,143.71,7,5,179.3
23.706,24.14,8,5,25.82
32.314,158.24,17,5,41.35
288.895,131.49,22,5,220.14
4.004,116.62,18,2,47.63
295.892,32.94,23,0,146.58
2.286,35.96,6,1,22.24
5.813,23.66,23,1,21.45
423.465,31.9,12,0,299.98
233.364,17.06,5,1,120.59
368.312,176.78,16,4,222.67
112.403,199.44,17,5,77.2
10.779,42.91,23,6,19.42
21.65,185.46,18,0,38.11
297.63,78.98,20,4,169.49
35.094,159.81,7,0,66.6
21.734,52.01,10,4,37.97
134.438,160.59,7,5,104.69
29.641,64.44,5,5,42.16
398.822,155.08,22,0,208.13
77.289,137.62,15,6,105.72
31.605,149.72,19,0,55.43
11.95,58.5,5,0,28.77
11.844,104.49,2,1,36.34
20.532,93.52,1,4,36.77
25.648,17.83,23,4,26.18
275.374,198.13,11,5,246.06
29.319,110.55,1,5,34.59
14.526,199.75,19,6,56.59
3.048,53.64,1,0,27.11
160.34,146.68,20,1,106.96
8.157,143.66,6,4,26.83
27.277,145.23,16,4,35.67
1.318,175.9,22,1,21.67
77.797,174.7,12,2,92.04
211.886,58.19,1,1,107.16
38.389,182.3,0,5,54.3
11.979,115.18,16,4,31.22
278.624,166.1,8,2,259.76
349.892,68.05,9,5,234.13
419.011,38.95,16,2,302.53
411.084,161.21,2,0,205.46
39.036,48.3,2,5,36.03
499.744,7.94,13,6,389.63
38.487,198.29,3,3,37.14
281.258,1.78,5,1,151.69
5.552,119.48,0,1,27.48
29.306,164.63,19,0,63.44
24.585,69.22,1,0,27.28
30.989,57.44,17,2,63.69
227.348,34.2,23,1,100.21
18.326,67.1,13,0,69.16
16.586,149.45,11,5,54.55
237.188,193.26,23,0,104.43
474.17,174.98,1,4,278.81
416.359,152.57,12,1,315.88
156.852,68.17,1,6,109.91
25.242,97.11,17,5,40.92
93.281,60.87,17,0,108.47
9.878,172.58,17,5,26.56
64.564,133.44,14,5,66.86
22.796,141.54,9,2,47.63
225.313,119.61,18,4,137.42
440.007,131.39,17,5,244.09
35.621,59.18,17,6,54.54
13.549,20.68,0,6,29.34
8.02,37.07,7,2,29.62
38.445,11.05,19,5,36.34
35.718,128.42,5,5,48.18
24.466,65.22,21,4,34.02
1.191,163.77,9,6,22.95
491.535,180.46,18,4,281.05
290.47,29.41,21,2,195.58
25.399,184.7,6,0,39.98
411.327,62.81,10,6,272.83
6.384,117.56,9,6,36.93
9.338,1.4,16,3,19.74
93.721,195.93,12,4,75.37
51.723,189.07,12,4,66.13
73.655,147.57,1,3,65.15
16.74,28.82,23,2,33.51
17.986,56.37,5,0,30.82
314.304,68.98,17,6,414.89
464.501,184.63,5,4,278.31
21.575,13.52,6,1,28.55
184.532,143.01,5,1,107.85
34.057,179.83,5,5,43.2
30.138,47.67,16,5,37.89
18.176,178.29,17,2,71.21
23.363,9.65,12,2,28.22
8.593,50.1,3,3,31.54
31.742,133.49,5,1,47.97
33.179,20.56,6,2,34.65
29.515,98.31,23,5,40.86
35.127,169.63,5,4,33.12
30.136,191.96,0,3,33.34
248.644,140.05,12,6,190.96
107.41,158.5,11,6,92.87
190.83,31.93,12,5,135.04
18.168,21.07,8,3,58.35
103.822,113.62,14,6,85.12
163.518,86.05,19,4,122.74
13.57,6.88,19,5,29.35
315.183,138.31,16,2,217.01
3.108,16.89,11,3,15.11
56.468,131.0,2,2,44.04
38.898,37.43,19,3,72.91
25.299,194.67,15,4,29.51
28.882,30.87,4,2,26.92
25.911,63.72,16,0,40.12
1.681,178.95,11,6,23.7
301.829,6.22,3,1,148.51
37.402,78.7,18,3,76.4
25.713,126.83,4,5,31.37
129.501,192.1,18,0,149.37
190.825,106.65,10,5,116.82
16.444,117.87,22,1,43.38
34.488,187.92,3,4,36.08
476.805,111.78,0,4,277.54
143.135,38.91,20,4,86.03
19.508,96.9,1,1,39.89
1.989,167.73,6,3,22.86
29.293,73.29,6,6,50.86
32.053,89.52,10,0,58.26
170.4,153.97,2,0,98.76
39.905,139.25,16,3,54.34
9.783,102.9,17,6,43.21
296.407,182.59,13,3,220.73
17.967,59.8,5,1,38.12
347.885,108.32,10,5,222.13
121.777,25.87,19,0,141.02
5.877,170.22,1,0,23.42
9.839,128.57,3,6,25.92
19.481,104.41,20,5,50.79
24.868,77.23,19,5,42.29
142.159,89.86,20,6,118.16
20.855,147.78,5,2,29.67
32.636,141.54,3,5,38.72
328.38,124.85,1,3,156.96
19.837,40.87,17,3,60.96
121.393,36.21,11,3,93.55
10.992,27.22,4,6,23.51
381.275,76.54,21,4,242.19
370.413,192.07,20,3,231.9
22.797,116.55,5,6,28.88
22.892,123.0,23,3,35.09
25.794,47.33,17,1,40.34
152.48,115.56,17,1,202.06
29.875,98.67,5,6,35.17
34.685,115.56,15,4,38.62
0.606,114.25,14,0,19.61
30.51,182.14,23,0,47.15
278.715,26.22,0,6,167.3
29.304,145.25,1,4,36.51
355.567,93.17,16,4,186.91
372.14,175.72,21,4,253.12
403.555,162.74,1,1,226.88
3.739,114.58,18,2,39.39
453.328,173.53,0,6,262.07
309.965,69.71,0,0,167.81
130.313,1.08,13,3,106.94
92.978,79.62,20,1,75.3
228.651,150.56,4,0,121.65
15.612,20.99,5,0,33.79
389.578,186.49,6,4,190.24
15.521,41.76,0,5,38.69
31.508,35.31,2,2,36.04
36.916,171.98,18,5,45.44
129.081,169.39,11,5,122.41
40.569,186.15,22,5,43.14
145.277,90.8,4,2,89.27
15.801,152.54,4,1,30.94
19.533,10.86,3,2,27.94
7.071,123.92,14,5,24.59
34.47,106.26,3,2,37.92
330.598,1.61,22,5,172.53
480.031,112.93,20,3,353.12
17.991,135.45,11,2,56.73
32.498,92.4,0,0,41.45
96.413,41.52,23,6,52.25
17.24,8.62,0,4,45.41
23.914,173.7,3,2,32.03
18.747,45.91,2,0,34.41
266.335,39.98,12,1,199.48
351.128,89.42,22,3,180.88
13.684,199.95,6,4,41.94
16.048,164.66,2,2,40.89
258.502,6.51,8,3,231.35
5.101,89.44,15,5,22.55
160.839,47.27,17,0,156.3
12.944,133.58,22,0,28.42
57.433,117.97,20,6,69.68
9.335,13.12,14,4,17.21
384.957,20.5,12,0,290.0
33.321,152.46,13,1,55.86
11.92,113.74,3,4,37.8
39.528,132.1,0,1,44.2
7.275,17.9,1,6,15.44
37.27,187.31,2,1,39.15
20.426,198.61,18,3,40.06
271.679,117.57,9,5,186.76
466.915,178.84,9,4,337.61
37.121,114.26,14,4,47.59
1.515,108.06,13,3,26.98
12.332,80.71,20,5,43.96
311.598,158.31,19,5,208.4
348.327,169.6,21,5,197.14
158.98,158.12,18,3,172.85
27.131,161.72,17,4,39.36
251.71,159.59,21,5,169.74
170.198,122.0,12,4,129.05
18.396,62.55,2,3,49.64
30.522,165.12,13,2,54.55
31.679,44.48,17,3,54.2
19.441,198.12,16,3,41.7
81.024,14.86,3,4,45.71
115.093,164.17,6,5,64.68
0.517,37.4,7,0,11.52
458.604,72.13,8,6,465.64
13.056,6.41,6,5,25.18
262.75,182.32,23,0,125.63
30.244,126.13,17,4,38.24
3.645,54.25,16,6,31.15
462.794,125.36,8,4,327.71
28.011,109.96,9,4,39.59
13.941,52.32,10,6,38.47
27.654,95.6,11,1,36.24
3.28,15.81,21,5,17.33
12.918,82.22,22,5,33.6
2.705,97.15,1,0,23.69
7.568,58.73,12,3,37.4
322.16,86.32,13,0,283.8
34.675,98.06,14,2,41.09
393.282,192.96,6,6,271.74
16.475,76.31,4,6,42.28
4.782,126.56,19,4,30.8
94.471,30.52,5,6,52.28
258.016,80.31,10,4,152.56
36.473,170.37,8,4,59.27
36.225,107.42,3,3,37.56
3.626,115.61,11,3,31.58
5.829,143.68,8,6,32.03
21.386,45.84,15,2,24.93
30.226,9.71,17,2,41.01
5.375,111.54,7,4,31.45
163.443,6.38,13,2,128.33
35.262,22.37,6,1,40.18
30.731,146.22,15,5,36.62
8.648,132.93,20,5,28.17
33.388,107.83,21,1,49.08
70.945,156.83,7,6,117.98
24.551,158.59,7,2,42.58
445.304,2.46,22,6,180.67
242.649,101.08,16,0,153.52
160.36,85.56,17,1,210.29
24.972,90.12,17,0,61.0
24.032,29.5,14,4,25.28
25.073,115.9,18,4,38.3
184.671,115.8,4,6,97.41
15.385,7.38,2,6,23.69
36.23,166.35,20,1,45.49
4.577,195.16,20,5,35.04
7.31,173.4,1,5,30.81
32.74,3.08,7,1,34.38
36.447,101.63,20,4,49.88
15.756,2.34,2,6,23.3
22.345,185.72,20,1,40.76
19.562,84.29,17,5,54.19
84.923,0.83,23,6,38.84
41.614,163.49,8,2,66.13
240.519,194.49,21,3,157.19
461.424,59.89,2,5,332.36
289.161,20.2,19,6,295.59
21.15,3.11,17,6,29.48
299.717,81.11,12,4,218.97
22.439,179.55,18,0,46.11
15.154,118.31,5,2,35.58
27.882,47.43,0,0,29.91
305.564,166.22,5,3,213.34
37.773,179.47,11,1,36.85
19.723,58.23,2,5,43.66
3.448,108.41,20,4,28.11
6.927,120.67,15,2,25.7
498.024,176.79,23,5,294.16
33.421,9.17,13,6,35.55
34.851,99.44,0,5,41.14
197.399,55.09,1,3,115.67
496.265,100.67,17,4,338.16
37.84,163.38,5,1,39.24
17.078,77.96,17,6,52.49
386.407,11.89,3,4,168.4
32.387,196.21,21,0,51.73
436.61,88.17,18,1,430.57
12.899,3.04,15,2,24.85
28.599,139.86,7,6,51.14
22.436,42.75,13,2,37.96
481.295,158.63,16,1,254.75
8.922,154.13,2,0,25.14
7.735,93.71,9,1,35.72
21.199,176.27,7,2,38.51
2.037,85.91,6,4,28.83
468.237,100.73,17,2,469.4
430.912,81.24,4,4,259.27
11.43,10.12,11,3,22.26
33.074,118.85,17,2,53.4
182.358,5.61,19,0,172.49
83.587,197.26,0,1,65.11
64.832,140.57,5,5,77.13
361.371,16.72,5,0,189.86
401.069,180.03,11,6,232.33
13.121,67.52,23,1,29.76
310.572,88.09,19,2,293.83
428.481,92.79,17,0,423.37
1.608,46.2,2,0,15.08
45.614,138.04,18,0,74.75
237.068,101.35,22,6,118.79
26.331,176.11,19,1,48.49
15.265,113.46,4,0,36.17
25.943,79.62,13,6,40.01
10.879,155.68,7,3,45.47
34.007,61.42,22,2,33.35
30.471,169.32,10,2,48.47
184.028,26.09,12,1,153.78
25.296,132.33,18,5,32.04
31.604,114.31,20,3,39.39
481.175,111.2,13,4,392.68
31.886,123.29,0,2,41.17
193.678,175.3,18,4,116.14
29.609,154.24,9,1,55.66
32.262,35.92,0,5,40.44
1.474,119.21,0,3,25.62
30.201,1.32,6,3,23.49
36.323,104.93,3,4,38.02
4.231,21.37,3,4,18.88
301.729,92.8,15,1,179.4
2.489,198.48,10,1,27.82
319.982,31.0,18,3,310.1
183.056,10.78,3,4,129.84
12.135,25.58,7,1,36.04
19.747,55.82,6,5,58.82
205.555,120.53,6,5,146.08
1.927,41.65,1,2,14.23
34.094,25.53,3,1,37.14
271.536,83.64,1,3,149.3
146.172,165.65,14,3,126.09
5.715,14.3,0,5,17.36
256.051,75.69,19,0,216.57
5.214,157.05,8,1,35.11
22.916,160.31,6,0,33.34
35.45,193.77,13,6,53.47
16.063,30.68,18,4,29.02
31.263,156.67,9,5,47.96
369.949,113.55,11,0,279.8
33.937,77.13,13,6,52.62
33.236,68.77,20,4,41.1
431.069,127.28,1,4,271.78
227.479,127.93,23,2,117.01
15.521,44.2,17,2,54.53
38.341,177.8,21,0,46.97
476.707,7.04,22,1,245.39
39.215,53.49,14,6,53.19
13.568,90.76,18,5,35.91
475.615,72.16,7,3,397.62
37.282,118.97,16,3,40.98
15.113,107.14,0,4,46.77
273.701,162.97,5,6,133.56
18.144,22.66,7,0,63.82
28.837,197.46,8,1,68.76
308.42,49.64,5,3,139.18
28.877,11.26,18,3,53.44
21.599,137.28,3,3,33.09
5.25,73.74,17,3,35.51
168.506,179.26,13,4,142.69
352.208,9.82,15,1,210.02
31.967,175.07,4,1,32.27
27.438,81.41,6,3,43.34
204.271,30.58,14,4,125.25
342.811,9.22,0,1,180.6
33.944,39.05,13,0,43.91
393.85,43.6,12,4,293.41
15.434,69.24,22,1,40.58
25.973,115.17,20,6,33.09
435.511,136.61,7,1,512.06
28.123,38.1,16,4,25.28
422.534,156.39,7,1,442.36
255.99,18.42,1,4,111.44
20.474,31.76,6,3,24.21
14.492,169.08,17,1,57.71
266.778,158.77,20,3,175.6
16.4,40.14,14,6,58.7
105.152,32.36,22,4,68.82
6.582,112.09,21,6,33.33
29.503,70.81,1,3,43.14
15.178,9.96,12,1,35.61
92.781,11.18,12,5,66.81
26.926,45.9,17,2,48.77
15.722,80.32,1,4,38.41
257.822,73.14,2,2,129.56
470.92,131.97,11,0,359.17
36.773,68.51,13,2,58.7
13.181,109.47,11,6,35.1
10.518,86.98,5,5,43.78
12.645,188.17,18,1,54.73
21.513,129.49,12,0,38.69
3.656,120.43,5,1,30.26
13.895,115.4,16,4,38.48
25.423,114.38,22,5,37.24
191.255,37.76,16,5,116.59
23.651,70.46,0,6,33.81
25.783,159.93,9,3,53.06
22.018,152.53,15,3,36.3
37.669,84.02,6,3,50.03
10.148,63.02,7,3,50.08
17.352,37.38,14,3,52.05
13.183,10.0,11,4,32.52
21.396,92.59,21,1,31.2
34.073,168.12,10,4,49.16
12.292,66.15,8,6,48.1
35.919,122.44,12,4,54.96
28.375,171.56,8,4,43.51
27.203,131.51,17,1,49.6
24.415,95.46,6,4,32.09
10.343,20.81,0,6,23.2
19.41,8.77,10,2,29.83
19.168,117.16,4,0,36.23
12.523,185.79,4,5,42.29
5.886,23.05,23,6,23.26
23.999,38.14,18,2,42.48
464.441,121.94,2,2,218.54
222.412,44.34,2,1,109.3
16.592,186.56,23,1,47.09
10.972,41.66,3,0,24.41
342.695,156.31,17,6,420.53
184.345,141.6,4,4,132.34
337.451,194.46,14,2,303.61
33.738,11.78,7,4,35.77
168.952,78.23,5,3,110.5
131.526,26.78,4,4,67.99
8.574,2.09,0,1,16.11
96.514,180.19,14,2,86.96
385.416,63.11,23,0,227.79
36.189,182.06,23,4,43.85
477.35,26.45,4,4,286.83
29.785,199.88,0,0,33.42
66.905,162.88,23,3,53.05
31.159,20.41,15,5,32.35
470.429,36.66,8,0,505.89
242.725,157.75,15,5,175.53
38.254,156.41,10,3,56.32
373.365,29.57,7,3,404.43
3.839,195.87,3,4,24.87
27.69,83.24,23,4,54.54
262.976,138.75,20,1,189.06
155.837,71.06,19,2,179.28
474.859,149.71,7,1,439.11
108.841,22.69,5,3,63.6
458.035,148.03,0,5,249.94
17.991,180.98,0,2,37.9
1.322,33.33,11,4,15.94
30.761,62.71,21,3,43.38
37.931,119.59,10,3,57.28
31.894,32.09,11,4,46.48
101.558,130.86,18,5,67.48
37.0,191.01,13,1,56.1
10.152,133.71,4,5,33.55
478.819,8.64,12,0,340.8
8.588,21.48,20,4,18.68
34.114,140.9,5,0,43.55
211.172,59.28,21,0,162.09
21.664,198.29,9,0,48.95
39.558,150.04,21,0,61.11
37.331,88.5,16,3,48.75
37.856,79.92,9,6,60.34
26.511,22.45,4,5,28.47
60.917,32.7,8,4,65.65
20.688,176.01,22,6,35.7
23.965,122.63,18,5,40.86
29.547,4.08,7,3,37.44
37.482,149.62,17,2,73.19
25.456,65.39,5,2,31.37
6.893,83.64,19,1,29.45
16.225,139.53,5,6,36.97
135.132,174.43,19,3,176.89
227.454,149.42,16,2,190.94
121.435,91.03,7,3,130.48
127.341,132.8,5,1,67.11
142.951,179.55,14,5,89.76
37.547,147.28,22,0,44.51
372.742,165.12,5,0,203.84
414.081,49.55,2,4,310.99
202.078,118.72,18,6,229.13
20.15,146.91,0,5,26.14
15.687,34.25,11,4,41.99
20.536,113.14,5,2,32.74
12.266,27.39,19,0,42.03
234.604,197.69,9,0,232.81
250.351,137.23,15,2,182.37
11.394,190.73,6,6,33.02
278.734,126.02,6,3,193.14
174.765,116.9,0,2,90.83
0.892,192.97,3,6,17.2
57.979,80.1,17,4,53.06
4.623,44.37,17,4,26.67
19.557,133.38,17,4,55.09
14.232,196.85,7,0,58.71
61.732,42.65,21,2,53.47
25.979,3.56,11,3,24.51
17.812,108.32,9,3,70.63
284.177,32.48,20,6,177.6
35.598,24.66,7,2,56.21
19.616,133.09,13,4,58.32
37.63,75.63,4,0,43.81
393.334,36.93,5,0,176.77
343.557,87.97,0,2,155.58
24.093,120.2,10,1,38.69
0.741,166.1,4,2,15.67
0.631,49.9,4,5,12.65
398.401,47.44,20,1,255.21
10.232,69.37,10,5,27.12
12.558,136.29,11,1,38.54
3.819,13.41,10,0,16.66
10.704,90.88,8,3,45.48
376.628,170.65,9,0,349.23
28.242,196.0,14,1,53.54
1.696,39.13,16,1,14.06
33.107,104.28,19,1,54.54
71.426,158.9,15,4,68.87
12.981,12.61,5,0,19.09
262.01,161.17,16,0,165.99
19.395,58.58,12,3,72.73
37.32,197.39,7,1,56.17
15.355,158.79,8,2,68.17
24.025,68.12,7,4,43.58
196.575,19.13,2,4,115.7
29.577,102.97,16,2,52.09
250.598,74.21,5,4,131.76
30.292,25.37,16,5,35.5
29.935,92.61,17,4,43.23
7.907,121.73,14,0,37.88
36.678,52.61,10,6,47.81
39.799,196.41,3,0,42.15
13.998,86.94,17,0,60.1
37.838,67.38,0,6,47.03
428.107,114.61,5,6,219.75
17.207,41.62,11,0,44.62
1.316,144.41,23,0,18.13
96.056,48.3,18,0,123.48
492.989,61.54,20,6,327.62
33.141,159.54,16,5,41.52
8.881,92.26,12,0,34.75
104.336,88.03,6,5,80.53
14.453,159.72,1,5,47.01
81.56,126.61,9,3,76.39
15.335,117.0,18,1,57.23
322.184,132.04,16,1,214.48
23.983,199.35,20,3,36.55
157.955,163.42,21,3,139.89
481.094,64.73,6,2,322.5
483.134,7.59,21,4,268.59
6.137,84.0,13,1,23.27
21.39,115.84,18,2,42.57
2.274,99.11,8,5,24.62
7.361,101.18,8,4,29.87
201.278,171.15,7,6,163.19
11.002,39.39,20,3,33.23
388.477,167.84,8,6,432.62
454.527,101.5,6,4,275.89
29.426,42.97,9,6,42.85
36.569,188.42,11,1,49.27
22.026,79.24,11,2,45.78
147.016,17.09,1,5,90.45
11.54,4.03,22,5,22.29
39.914,48.12,17,5,48.92
38.213,184.73,4,6,41.09
15.896,51.23,18,3,52.33
12.293,28.92,9,0,49.95
33.223,10.42,6,2,38.04
19.258,29.95,12,3,48.04
31.288,47.37,13,5,44.2
308.36,2.09,14,3,212.31
484.221,5.3,14,1,363.06
18.333,32.13,3,1,25.11
267.983,37.21,0,6,125.18
382.001,158.49,15,0,297.48
12.603,81.47,4,6,40.12
100.603,72.17,2,5,73.36
38.197,182.78,21,5,49.92
33.782,176.67,12,4,53.35
5.657,81.85,20,3,25.89
351.479,54.14,11,6,226.15
26.863,64.0,17,4,38.28
16.482,151.51,9,5,38.04
491.106,134.93,4,1,276.57
11.135,91.29,0,4,41.92
1.785,58.39,18,1,22.6
29.181,105.86,6,3,40.81
21.843,102.02,8,3,39.86
38.636,82.1,8,3,72.8
266.167,187.77,4,6,164.91
9.103,12.29,0,4,17.84
4.894,1.07,16,4,16.04
5.205,159.68,0,4,24.31
103.877,98.94,14,5,70.22
18.663,143.3,1,3,40.15
34.256,181.96,13,3,42.19
24.071,168.25,18,4,39.31
18.104,185.92,16,0,47.99
10.736,100.3,18,6,48.35
14.839,64.86,7,2,59.22
319.316,50.15,18,5,202.8
11.046,128.83,0,6,36.79
110.015,27.64,7,4,94.8
1.83,69.4,2,3,19.26
36.553,127.47,6,3,51.65
6.799,19.03,17,1,22.88
471.603,125.71,20,2,306.88
18.854,34.66,1,2,29.63
21.134,91.71,0,0,29.54
465.606,85.5,11,0,341.11
15.283,99.6,13,3,53.53
183.546,145.11,9,5,107.45
431.98,60.04,0,0,176.9
134.281,146.4,15,6,104.93
19.901,82.03,5,1,44.64
221.351,197.37,16,3,162.19
28.102,80.1,4,6,40.12
432.059,88.46,8,6,391.85
305.963,127.86,11,0,223.35
12.403,29.2,7,2,38.78
17.061,147.81,12,4,52.8
29.661,71.32,11,2,40.98
167.15,56.68,2,6,107.33
6.297,49.89,21,3,20.97
270.204,172.81,5,5,185.14
10.757,154.85,11,6,34.53
32.7,74.28,6,5,41.07
63.441,122.3,16,3,86.25
29.334,174.47,12,0,38.76
33.209,124.62,1,0,42.07
36.8,95.02,3,1,42.89
230.873,156.16,3,5,143.3
203.198,143.09,1,5,133.09
191.182,73.0,0,5,116.09
21.439,141.26,0,3,33.08
5.935,93.65,1,5,24.41
22.325,102.45,19,3,41.71
39.52,50.34,15,6,43.93
18.173,83.9,3,0,38.2
254.14,194.06,1,0,127.44
30.837,42.74,12,1,57.3
391.172,110.34,14,2,334.14
27.464,13.35,19,5,35.09
473.928,17.98,1,5,277.02
3.372,96.12,0,1,30.0
31.38,56.49,6,5,35.37
5.91,108.41,9,4,27.91
74.313,3.19,7,0,107.85
14.907,161.53,17,3,56.58
191.798,62.04,2,0,121.45
459.559,84.18,4,3,252.69
22.296,64.26,3,1,29.16
32.384,26.88,18,2,46.45
334.166,152.51,19,3,394.79
12.062,151.7,11,6,42.29
18.697,12.32,16,3,41.51
284.517,128.28,7,3,226.72
31.165,177.74,9,6,75.89
348.991,76.73,5,4,214.96
18.309,111.04,9,0,56.86
35.749,136.67,4,3,42.93
36.873,95.23,22,1,42.36
20.406,95.09,1,3,26.23
312.008,46.83,1,5,184.56
31.634,137.49,19,6,68.81
18.25,190.31,0,2,46.93
29.601,100.09,14,3,45.27
150.97,156.27,8,1,140.47
99.909,145.76,5,0,58.66
18.859,74.26,15,3,48.16
31.288,31.61,17,2,51.59
37.63,167.13,18,0,70.6
7.617,82.7,18,6,39.08
33.239,12.2,17,0,52.03
463.932,161.26,2,3,237.15
173.954,39.74,5,3,78.01
9.343,22.72,14,1,29.81
38.337,6.6,12,6,41.54
29.277,163.54,17,2,64.23
30.445,36.12,2,1,28.44
2.386,194.99,18,6,25.69
7.28,172.62,17,5,33.16
30.082,117.32,0,3,35.93
497.11,150.73,0,1,251.35
38.413,168.9,19,0,81.8
149.57,6.61,8,4,65.4
200.308,38.57,6,1,161.21
410.466,68.88,1,0,224.64
31.95,136.62,1,1,39.8
326.94,151.04,7,1,272.5
312.364,26.54,17,0,333.53
402.784,150.56,2,1,173.61
220.698,181.54,19,4,150.24
19.504,61.87,11,2,63.35
34.745,128.22,18,1,63.43
3.503,45.89,15,2,25.3
166.072,63.77,21,6,146.64
449.564,85.2,14,6,347.36
29.802,106.66,8,2,47.54
435.628,70.99,10,0,306.07
4.65,47.63,1,4,21.67
98.351,138.52,8,6,122.75
32.836,125.69,21,2,44.46
30.981,96.67,1,3,43.61
445.089,151.53,18,4,274.9
18.957,108.63,9,3,63.53
31.483,147.07,16,1,44.58
102.089,157.73,0,5,77.42
7.147,61.1,6,6,34.39
6.781,36.8,11,0,21.57
469.56,81.21,9,3,483.92
34.118,33.99,5,1,30.37
0.952,2.79,22,5,6.26
36.783,178.38,1,4,42.54
337.627,3.85,7,4,226.27
24.958,26.98,9,6,43.44
0.729,9.45,0,4,5.91
384.247,166.21,1,3,201.11
21.266,187.88,0,0,27.51
343.156,171.49,21,0,270.38
0.991,187.38,19,2,22.66
14.284,180.0,9,0,46.01
35.843,104.72,15,3,43.63
122.828,194.94,8,3,112.41
22.244,4.05,2,6,16.98
7.164,112.12,14,2,39.23
11.112,85.74,10,6,35.86
14.678,58.76,17,2,56.25
22.929,56.25,14,1,44.83
313.985,45.5,10,5,180.04
15.937,55.78,10,6,41.69
10.843,85.53,9,3,43.38
18.497,191.24,16,2,47.41
26.247,171.24,13,2,42.95
387.308,80.89,2,2,188.54
55.437,12.06,14,3,58.29
20.922,66.97,22,3,29.93
35.351,6.75,1,1,29.82
10.203,5.51,15,5,19.1
292.077,27.21,23,1,163.31
11.608,16.35,0,6,19.46
24.113,165.31,12,3,41.69
117.814,103.06,19,6,155.82
333.333,169.65,21,5,208.08
66.994,129.62,17,3,93.45
15.935,37.45,1,6,39.27
452.304,3.06,6,6,271.53
415.545,186.1,15,0,263.67
133.874,160.88,14,0,105.75
118.943,117.5,5,0,84.83
147.832,176.87,21,6,105.56
14.672,113.16,13,3,46.13
416.982,87.89,0,2,236.25
381.55,55.66,7,6,385.65
380.575,93.24,17,0,375.64
345.129,135.59,10,5,242.44
87.36,130.13,8,6,106.04
8.389,89.81,1,0,30.64
12.285,89.31,1,1,30.06
248.96,80.48,16,1,145.97
176.152,59.9,16,2,106.11
484.333,190.29,5,5,297.68
0.586,187.42,21,0,20.88
5.731,111.54,16,1,25.12
30.418,35.13,13,1,41.7
26.213,128.42,10,4,47.6
0.933,149.3,21,5,24.17
37.582,31.33,7,3,60.87
18.328,164.6,22,0,52.75
15.33,26.68,22,2,34.84
20.299,15.92,17,6,30.74
420.452,54.47,16,4,217.73
20.187,103.6,8,5,31.97
32.368,120.9,19,4,43.17
22.894,96.97,21,1,33.31
16.724,124.01,0,3,35.5
308.367,35.47,11,3,181.95
29.621,158.25,23,4,37.99
38.915,111.24,14,5,47.4
10.565,34.62,16,6,29.5
8.406,105.62,6,6,27.9
12.251,130.51,21,5,39.21
474.192,191.32,9,5,251.03
12.371,3.43,16,6,27.56
256.236,6.73,19,4,143.55
360.756,59.44,0,2,209.03
9.725,166.35,0,4,32.42
297.002,124.13,4,4,182.25
415.569,129.84,11,3,283.95
246.342,81.76,3,4,147.39
339.753,146.53,9,6,301.21
186.274,192.88,21,1,149.4
2.547,98.09,6,5,31.59
390.426,35.95,1,1,204.77
29.028,118.2,16,3,41.17
182.834,169.34,9,4,107.69
30.117,106.96,4,6,47.42
13.193,155.5,19,0,49.11
432.533,195.0,2,3,209.95
15.649,194.32,1,4,37.55
14.18,148.42,23,5,38.82
347.775,49.85,21,0,220.41
2.498,2.36,7,6,12.62
497.452,49.8,22,4,315.97
310.741,78.79,5,6,138.78
27.537,55.81,22,5,46.54
13.207,121.66,10,0,37.27
9.851,144.19,4,1,33.96
34.075,100.68,16,0,36.79
39.7,8.61,5,0,28.92
288.792,144.6,22,5,177.96
412.948,75.78,3,2,224.99
32.114,48.27,21,0,44.79
113.109,3.72,7,4,64.49
207.145,55.78,15,5,134.04
25.803,39.42,14,6,33.09
195.921,48.85,8,3,157.19
13.405,151.81,12,0,49.67
29.725,60.31,4,2,36.89
13.56,162.54,12,1,54.02
2.239,146.21,20,0,24.84
9.046,8.86,3,1,19.26
5.843,121.7,10,1,25.58
9.635,22.51,20,6,28.14
237.976,26.7,14,2,183.94
25.391,190.37,1,2,33.85
465.835,45.1,2,0,210.97
283.521,56.75,9,6,314.6
31.871,74.26,3,3,35.52
87.173,84.06,4,2,52.66
25.794,151.58,12,0,47.36
38.218,136.21,2,3,51.0
32.454,63.28,1,2,38.33
23.834,61.59,18,2,53.39
138.345,136.03,10,5,93.88
29.546,151.72,16,5,46.74
429.902,80.98,6,3,327.02
161.368,134.14,14,3,138.56
7.837,48.65,23,5,22.93
25.874,112.78,5,0,30.85
32.786,138.07,19,5,35.57
2.077,173.73,4,2,20.36
483.509,75.27,18,5,295.59
28.977,173.51,20,1,49.51
10.429,198.32,2,3,29.96
12.228,132.0,19,4,33.75
192.444,64.28,2,2,87.98
17.738,137.98,19,0,80.82
33.377,157.74,7,1,64.82
5.567,89.94,14,1,32.68
38.424,190.99,12,2,59.4
15.449,7.01,19,2,51.65
79.015,164.84,20,3,77.39
439.529,94.7,11,4,345.57
0.596,185.2,5,0,19.07
33.955,161.93,12,6,44.72
11.057,119.04,20,4,30.77
384.338,167.74,22,2,171.86
28.39,85.51,18,5,39.24
135.467,164.73,13,2,107.76
35.781,20.38,3,1,30.96
458.706,65.98,9,4,235.11
123.928,90.14,23,5,87.72
36.659,187.82,9,1,68.04
18.713,100.85,15,0,48.93
25.897,129.82,1,2,32.39
2.454,139.54,23,1,22.15
315.751,194.5,8,3,379.94
326.825,113.52,12,1,275.51
8.453,160.82,1,6,22.4
16.331,1.58,13,2,29.37
26.788,104.6,12,2,49.94
39.652,34.51,15,3,38.54
411.844,171.18,9,5,259.42
4.707,35.11,8,6,26.65
32.166,166.65,6,4,37.54
9.719,63.72,15,6,32.54
177.218,187.33,4,1,101.22
193.081,9.8,19,5,114.62
26.885,2.52,13,5,30.2
462.876,179.08,15,1,277.93
11.177,2.74,10,0,23.26
266.386,197.57,0,4,163.92
308.86,125.62,17,0,352.39
155.448,29.51,1,6,74.59
11.574,168.32,0,3,27.7
29.892,133.03,15,2,45.23
20.783,85.13,8,5,28.29
29.094,167.84,10,6,45.79
6.787,129.38,7,1,32.0
22.171,143.31,8,1,45.01
128.536,0.6,12,1,89.67
79.768,18.55,16,6,67.37
14.792,68.04,9,3,52.64
6.534,26.79,23,1,17.7
446.596,45.68,21,6,265.2
237.07,164.8,22,4,129.03
307.225,140.68,2,5,170.82
21.231,197.77,17,4,32.48
3.06,98.87,1,4,32.34
328.506,33.61,17,1,335.67
1.167,95.85,2,1,17.87
25.448,133.61,0,5,37.43
337.639,108.05,20,3,216.74
415.12,5.41,15,0,248.55
18.46,26.48,15,6,46.6
146.245,55.05,22,4,98.68
28.697,8.94,15,2,30.56
437.914,199.31,6,2,264.63
426.338,131.67,6,0,297.57
186.414,135.26,1,2,90.55
11.317,164.45,8,0,47.25
3.516,12.87,15,0,20.7
431.383,39.77,17,3,437.48
285.555,15.02,1,4,172.36
146.776,194.71,20,2,112.5
304.272,58.76,7,6,302.27
37.536,122.67,15,1,45.92
23.501,99.69,14,5,37.91
16.043,111.96,23,1,40.29
15.047,141.07,9,5,42.97
211.51,110.04,20,5,147.67
37.896,182.09,9,2,60.7
25.471,71.41,9,5,41.7
467.38,23.07,2,3,238.61
22.799,14.45,9,0,43.46
217.838,177.88,22,4,155.56
99.092,162.09,4,4,76.56
394.499,5.83,4,3,180.07
216.857,163.85,3,4,116.6
29.977,197.99,13,3,46.42
32.547,184.35,4,6,30.07
163.586,117.72,1,0,79.76
14.644,148.1,3,3,33.68
166.996,80.78,8,2,180.47
16.12,72.16,9,1,47.76
10.23,150.35,12,1,44.61
331.505,71.27,5,5,200.73
413.471,59.8,1,0,244.94
381.758,66.97,2,5,202.94
398.564,185.08,8,4,208.93
30.324,191.34,2,2,35.16
211.944,96.49,18,6,220.11
18.929,164.8,6,0,49.38
11.774,88.22,20,3,32.2
4.446,139.37,15,1,28.49
3.064,45.85,15,4,25.44
18.516,9.16,21,3,34.2
18.439,10.67,20,4,32.7
32.441,14.51,8,1,37.35
8.212,37.09,16,3,23.65
461.136,27.71,9,5,312.16
19.476,20.71,2,2,39.95
10.369,169.78,16,1,41.46
13.121,173.83,18,1,53.95
380.014,151.53,2,0,179.12
4.491,45.64,5,2,24.75
156.915,166.5,13,5,125.56
12.287,160.85,19,3,41.65
29.944,145.96,18,2,62.68
36.244,164.21,8,5,39.83
33.476,18.51,22,1,22.97
298.851,13.36,15,6,195.72
36.687,83.36,3,2,45.52
23.473,74.24,9,3,46.5
195.509,112.28,22,5,135.06
305.23,177.66,23,1,165.4
109.338,20.74,15,0,78.48
477.415,149.01,17,1,443.32
153.321,115.59,13,6,150.24
23.814,47.35,19,6,37.67
37.88,16.75,12,6,43.33
1.413,161.3,15,1,19.68
21.684,84.78,15,4,34.32
11.366,41.68,4,0,21.11
7.766,128.52,4,5,23.73
176.407,150.16,6,6,142.7
36.021,2.37,12,6,36.11
90.525,128.44,22,3,44.22
27.436,110.19,6,2,42.8
7.207,157.07,18,0,35.35
30.297,39.02,7,2,41.77
19.54,160.04,21,2,38.46
29.271,191.01,13,3,45.67
81.925,80.15,9,4,65.64
36.009,32.39,1,1,33.23
5.203,183.2,1,5,26.04
394.066,51.64,23,2,206.02
13.11,15.03,1,5,29.08
36.871,76.49,2,2,33.06
20.073,40.74,4,6,22.03
36.295,133.83,0,1,40.02
4.135,26.59,17,3,21.85
319.483,193.95,15,6,219.47
24.405,47.84,2,0,29.82
23.315,57.32,7,5,45.92
9.88,184.02,6,2,36.48
10.504,68.94,5,2,32.95
40.928,126.64,9,3,57.72
279.474,182.99,11,3,180.76
141.617,11.77,11,0,90.17
224.87,73.19,16,2,160.52
79.754,31.3,12,1,82.36
26.702,16.69,20,2,36.79
26.107,192.21,5,2,38.87
25.708,162.56,13,4,39.78
86.134,27.2,4,0,51.48
114.215,45.95,17,1,136.32
19.106,173.28,16,1,56.83
30.177,53.67,19,6,63.57
470.566,69.47,0,6,274.14
115.777,128.66,18,1,109.97
25.762,187.21,11,3,38.77
47.909,14.65,9,0,70.43
12.401,122.69,4,6,28.3
32.095,57.64,20,1,41.68
466.116,44.73,12,1,300.49
144.578,111.71,3,5,85.94
370.613,50.19,7,6,370.95
460.885,156.87,18,4,278.45
23.249,147.34,13,4,33.07
32.14,85.89,12,0,54.74
18.368,54.75,14,0,63.22
71.792,117.59,17,0,114.67
19.417,79.75,19,1,64.8
36.421,64.69,0,4,53.59
120.09,60.37,0,6,72.82
37.721,79.72,3,2,43.21
466.957,76.9,15,4,236.62
137.932,131.47,19,6,162.17
430.229,64.5,17,6,523.27
220.463,180.97,22,4,139.1
6.7,27.85,4,0,20.53
10.009,35.3,12,3,27.38
9.241,25.33,11,6,28.58
31.319,164.28,0,1,38.47
23.27,128.63,6,2,36.65
124.551,116.4,10,3,99.97
28.859,56.23,15,0,43.18
25.055,179.71,7,0,62.03
102.89,46.94,12,5,86.77
17.923,57.66,7,3,72.93
202.262,135.57,22,0,103.04
2.807,35.44,15,5,15.79
113.656,17.4,22,5,81.88
5.716,13.94,3,3,15.78
25.353,95.62,13,1,36.53
3.329,27.7,20,4,18.85
20.17,16.72,4,4,18.59
36.379,114.0,17,4,35.6
135.302,52.0,11,4,109.86
38.595,142.75,3,3,39.98
23.02,176.49,10,1,31.62
15.819,70.68,22,3,32.51
141.351,177.51,2,6,87.03
154.497,190.04,11,5,136.51
16.724,105.83,16,2,42.49
5.252,61.43,20,1,27.18
232.651,76.68,10,6,176.34
17.007,98.49,19,1,62.22
9.013,136.99,8,6,34.19
0.673,29.55,6,2,16.48
433.117,133.66,22,0,189.99
5.091,104.0,22,5,22.75
101.619,58.59,17,5,81.51
445.182,138.71,18,5,241.01
16.308,146.0,0,3,46.45
236.116,0.97,2,1,97.87
62.545,177.63,21,4,73.7
133.629,198.57,6,3,86.0
274.374,187.71,22,4,181.14
13.755,135.47,19,2,53.69
39.422,183.45,8,4,49.77
83.048,112.83,6,2,87.39
4.777,66.43,12,0,34.18
35.172,43.43,16,5,35.15
10.584,13.72,9,0,33.96
423.473,38.27,20,5,260.02
13.129,101.19,6,0,37.62
4.845,168.17,14,4,33.9
35.599,158.08,21,0,49.18
240.528,21.43,16,3,168.92
22.966,94.06,12,3,41.91
34.857,143.91,0,2,34.87
25.923,13.49,11,3,30.02
306.111,118.69,16,1,259.27
36.264,140.11,10,4,50.42
24.388,41.68,6,0,34.54
252.532,95.85,12,3,201.21
366.655,33.0,4,6,215.34
42.032,108.92,6,0,59.35
392.142,44.83,22,6,184.84
30.002,151.16,3,6,31.91
131.273,156.07,1,0,63.1
369.511,55.8,6,2,263.28
430.432,138.38,14,3,373.22
236.509,24.15,18,4,123.25
30.902,81.4,1,4,39.9
11.859,53.28,0,4,40.68
214.736,142.56,6,6,124.03
3.986,15.28,8,1,20.74
233.813,152.48,10,3,164.03
57.085,140.45,1,0,59.02
14.272,114.41,6,5,40.73
22.474,170.79,7,2,44.09
11.706,80.64,18,0,48.17
465.098,196.99,12,6,426.3
476.866,138.57,21,3,305.07
21.78,52.85,18,1,45.92
377.933,131.6,0,4,216.29
403.359,63.99,18,0,430.56
26.242,145.95,20,5,42.1
26.39,43.49,19,5,33.96
311.093,105.31,19,4,210.58
412.389,62.01,17,0,417.97
21.978,188.67,5,4,37.61
364.887,126.71,13,3,291.43
32.526,28.15,4,5,33.23
390.075,60.69,14,5,263.76
39.744,172.65,2,0,38.58
381.174,1.77,19,3,273.06
23.589,25.05,9,1,39.76
34.609,129.56,23,0,42.33
34.854,25.14,16,4,33.97
21.276,132.99,11,0,42.1
119.073,31.87,13,3,98.06
28.12,39.02,20,3,40.85
350.95,142.85,19,0,398.98
21.651,27.2,10,4,31.1
1.485,167.74,17,2,21.89
462.49,188.24,9,0,372.06
23.08,190.68,4,4,40.02
4.166,106.62,2,5,37.16
2.222,143.71,5,2,21.68
298.142,177.81,11,5,234.32
5.378,146.24,4,2,23.96
56.619,55.12,18,6,70.93
34.114,81.67,6,6,60.08
46.274,190.45,20,1,59.7
103.891,140.38,18,3,132.43
497.305,139.49,10,3,323.7
482.074,73.56,13,5,326.15
36.177,157.82,11,5,54.39
17.451,109.84,17,5,44.89
30.028,53.61,6,6,46.76
17.444,32.09,13,6,43.71
12.871,30.94,21,6,37.16
6.783,176.78,13,6,28.99
178.352,174.27,23,3,100.86
180.577,159.96,11,5,157.3
29.446,1.74,14,1,37.09
245.545,182.94,15,1,146.48
198.865,125.81,21,0,167.77
14.497,135.35,22,5,39.63
481.334,18.93,6,2,267.71
354.891,164.89,15,4,197.7
373.446,20.2,4,1,190.44
18.698,52.91,17,3,53.75
91.064,10.32,11,3,61.52
159.39,151.34,1,6,98.01
4.204,95.38,9,2,33.82
232.224,94.83,17,6,229.56
4.271,168.7,2,5,32.8
390.083,51.54,3,1,149.94
39.04,131.04,12,1,58.38
150.63,158.04,7,4,108.09
2.843,67.18,22,2,25.29
372.844,88.2,21,6,254.21
9.551,155.1,17,4,31.61
66.305,73.92,7,3,94.29
31.525,47.59,7,2,50.95
90.692,66.31,18,0,105.73
34.108,40.7,9,1,56.75
433.647,132.93,18,3,382.42
6.31,116.95,21,3,29.75
34.361,101.9,13,1,46.1
9.529,123.75,5,0,31.21
18.69,155.63,3,6,46.13
0.539,128.73,11,6,20.61
13.053,2.17,5,0,23.88
22.638,111.03,1,1,32.44
18.377,79.38,7,5,44.32
134.629,81.68,22,3,71.82
289.184,19.34,2,1,130.02
34.918,62.78,7,1,60.72
26.473,33.89,7,1,47.97
445.483,134.46,16,0,300.74
26.869,17.28,22,3,20.73
20.656,141.32,20,3,30.35
85.873,10.17,15,0,60.5
31.874,158.91,21,4,33.33
4.85,156.24,2,4,32.02
233.345,94.57,19,3,252.23
17.848,146.9,3,5,45.21
17.313,116.97,12,0,65.18
1.498,72.75,6,3,24.88
11.817,198.55,5,5,43.44
3.219,59.49,12,3,30.1
38.081,22.18,14,3,43.85
9.457,120.23,17,5,31.1
33.748,77.72,12,4,46.23
22.57,192.26,0,0,33.59
144.805,145.81,22,6,93.04
494.402,118.81,21,5,331.07
11.566,8.83,8,0,41.38
20.786,56.23,3,4,32.34
395.431,189.21,20,0,219.38
279.494,50.48,18,3,268.88
185.233,185.98,4,0,92.18
20.913,19.07,19,4,25.34
3.54,42.33,21,6,20.03
4.218,119.32,11,6,42.24
87.544,119.38,19,3,131.71
34.191,142.13,20,4,42.79
360.942,22.85,6,5,193.25
119.001,77.86,22,1,72.94
24.75,105.42,8,4,38.66
6.952,71.52,9,2,32.03
455.75,164.08,7,5,297.76
29.434,120.79,4,1,40.94
32.445,14.04,19,5,33.41
476.393,50.89,15,6,324.25
496.071,141.36,12,6,415.35
33.08,144.69,17,2,56.78
317.43,1.83,15,4,198.18
27.983,61.24,18,4,43.09
39.418,122.29,5,5,55.91
82.756,80.15,2,0,58.46
17.437,5.85,22,1,37.18
5.738,34.41,5,5,19.02
31.781,144.4,1,3,35.4
35.717,20.07,9,2,61.28
164.546,133.91,21,0,127.12
242.04,70.27,2,0,127.21
231.603,54.87,19,6,229.18
452.737,93.54,10,2,294.7
354.814,124.76,16,6,278.25
186.421,63.97,8,1,181.55
120.27,96.11,22,3,71.47
9.732,107.5,2,4,33.62
30.303,121.81,0,6,40.66
175.266,75.77,21,1,130.95
12.346,103.53,19,1,50.53
17.729,122.5,23,0,44.8
11.729,145.52,5,3,30.31
32.937,4.44,11,1,31.62
411.202,197.74,19,2,444.39
36.22,174.74,13,2,49.33
226.234,9.06,14,0,166.38
5.887,101.78,14,1,26.34
224.904,75.52,13,3,175.06
28.161,171.04,0,6,36.47
10.804,88.12,2,0,37.24
474.852,20.62,12,3,409.33
13.879,108.61,16,3,36.35
354.222,40.96,22,1,151.57
304.722,65.6,8,2,226.41
37.961,96.95,9,0,83.23
405.886,86.98,15,6,274.59
428.463,66.15,21,6,283.26
29.91,151.14,9,4,35.7
10.158,149.76,17,6,43.34
1.248,168.0,0,6,18.81
32.357,129.74,0,6,41.59
34.795,141.65,14,2,51.15
37.842,149.5,6,2,54.74
20.592,119.59,23,5,31.58
17.87,84.39,15,5,41.74
5.399,89.36,8,6,29.31
37.756,88.95,10,5,46.55
318.509,162.76,8,6,333.4
11.768,100.54,10,1,40.41
10.523,165.18,0,6,27.6
6.437,191.66,15,3,28.19
12.273,15.3,15,6,25.36
61.395,170.24,23,0,47.45
10.066,58.17,8,2,49.25
38.176,182.77,21,1,39.61
461.107,152.56,1,2,255.45
12.653,197.92,21,2,36.58
270.858,118.35,12,6,209.02
38.486,157.53,8,3,59.77
36.971,102.19,20,3,43.25
26.21,156.42,12,4,38.98
5.76,80.88,19,4,28.0
9.647,146.03,18,5,34.33
11.49,96.29,7,4,31.24
3.985,77.77,1,2,26.37
33.601,50.74,23,5,45.49
13.429,52.56,3,0,30.4
143.928,100.96,20,1,110.99
230.265,185.14,15,3,143.89
75.123,134.9,0,1,68.37
32.681,69.92,19,4,36.75
22.24,65.64,19,6,46.48
461.67,194.23,17,3,457.63
90.877,92.2,19,1,102.42
303.092,109.59,22,6,151.71
32.855,173.24,6,2,50.88
443.099,114.89,23,6,253.23
36.988,34.76,16,2,49.75
8.267,16.86,20,2,23.39
2.04,11.87,9,2,14.29
448.48,81.51,19,4,248.68
33.657,86.49,23,6,41.62
23.845,28.36,19,6,30.92
27.535,186.99,23,6,32.73
357.41,18.75,1,6,158.9
113.617,50.09,23,0,73.61
32.517,71.23,20,3,51.15
15.568,29.29,16,1,36.34
22.964,27.92,20,5,23.78
5.74,125.5,1,5,22.26
297.074,123.18,23,1,143.41
24.597,17.77,10,1,29.27
50.611,185.96,20,4,56.18
7.353,187.07,5,2,34.27
223.604,195.95,10,0,137.81
487.144,116.93,10,3,363.0
203.033,161.07,7,4,142.56
35.263,69.58,22,4,39.59
447.123,27.7,18,0,450.34
295.766,1.92,8,3,259.42
1.109,101.84,6,2,19.54
309.957,198.07,10,5,191.4
96.136,91.97,18,5,77.22
9.955,71.75,2,5,25.74
29.341,98.74,17,2,51.19
384.179,82.83,10,3,219.79
345.233,174.54,5,4,229.98
90.96,43.74,7,2,95.52
37.714,84.54,13,5,61.08
32.168,43.84,8,5,35.86
8.426,187.53,10,2,33.42
20.366,124.57,8,4,29.28
21.299,136.81,5,3,30.79
403.358,123.8,13,2,320.79
25.832,62.21,3,4,36.56
43.651,161.81,18,1,77.67
1.987,151.74,10,4,19.4
5.487,56.22,17,6,32.99
22.925,104.03,8,3,42.32
272.829,6.81,0,6,173.2
241.771,48.48,16,3,183.11
10.818,83.42,0,2,29.08
468.442,164.96,12,5,325.64
8.645,185.04,9,4,30.1
18.056,125.34,21,1,34.84
444.56,189.86,10,5,273.33
20.137,68.1,10,4,37.59
9.093,121.51,12,3,40.31
50.293,96.15,10,0,63.16
319.289,13.03,15,2,198.35
31.34,67.88,21,0,45.57
27.082,48.98,20,2,30.03
35.967,96.33,11,2,53.38
333.778,61.25,13,4,240.29
373.925,166.03,8,6,415.65
359.209,59.76,3,2,221.65
38.015,128.73,14,3,54.85
26.697,163.75,21,2,39.72
16.351,20.86,10,2,36.8
21.592,175.12,11,3,37.72
200.778,3.63,21,5,116.75
178.649,97.61,16,0,132.06
328.912,23.6,6,3,209.18
333.518,88.86,9,0,348.12
157.063,195.82,21,4,115.94
11.988,111.24,22,2,35.31
30.78,7.51,14,0,47.03
14.243,135.59,21,6,51.02
164.067,6.79,17,3,144.37
4.366,180.78,4,0,29.24
309.273,89.09,21,1,227.43
209.287,134.79,11,5,162.24
11.169,17.17,6,1,25.08
74.229,37.99,19,3,90.54
34.117,184.58,10,3,50.3
446.842,190.14,8,4,266.23
460.52,134.74,7,6,471.4
6.558,164.89,16,1,29.7
412.498,189.2,22,6,176.85
219.557,187.8,3,0,122.68
26.478,64.52,5,6,35.33
291.415,161.23,4,6,181.19
10.932,125.86,12,2,37.94
11.813,15.37,16,0,25.32
15.591,90.08,16,0,33.65
335.995,20.14,18,1,369.72
168.551,99.38,2,2,91.91
26.644,48.84,7,2,41.67
15.872,39.2,16,3,33.89
61.257,114.64,13,5,79.38
24.346,0.62,13,5,30.75
4.205,29.54,9,4,22.0
23.185,9.04,21,1,23.85
24.783,93.51,3,4,38.32
49.399,156.95,8,6,64.98
263.81,3.19,9,1,292.13
22.316,147.5,11,4,41.68
15.955,190.9,14,2,64.11
375.168,156.21,10,1,239.47
29.531,151.37,17,5,44.03
146.676,154.56,11,4,131.75
325.916,16.63,13,2,283.46
213.596,43.61,22,5,126.35
2.36,161.58,2,1,18.09
365.006,113.3,0,1,220.02
37.193,16.38,15,5,33.9
3.412,50.8,22,3,25.45
9.658,126.96,17,4,31.79
33.393,91.56,21,3,44.75
37.699,131.25,22,4,49.18
257.313,47.34,7,1,239.65
373.635,66.73,15,2,223.15
2.206,60.76,14,5,25.52
218.028,171.3,9,1,188.05
370.335,59.85,15,3,196.14
305.02,78.5,14,2,240.76
109.782,77.54,18,1,132.22
388.777,116.04,19,4,247.61
214.32,118.07,19,1,246.9
9.13,26.53,13,6,26.83
24.048,93.73,20,1,39.74
20.132,117.89,23,6,36.05
494.644,24.73,17,4,308.21
38.69,130.67,5,2,44.37
24.863,185.82,8,2,53.54
423.878,190.39,12,4,311.83
5.655,68.27,17,3,29.8
14.074,96.53,1,0,28.04
21.502,156.0,10,1,39.81
279.33,2.06,5,2,134.28
228.691,198.67,4,2,110.52
235.167,106.05,14,4,151.0
10.34,15.12,15,0,17.49
297.684,192.9,6,4,166.88
36.828,103.93,6,6,47.56
300.997,159.46,5,4,170.29
9.761,152.07,17,4,30.08
2.132,105.46,9,2,21.11
41.668,144.66,15,2,48.25
20.182,27.58,22,0,27.26
48.237,19.63,5,3,36.17
2.507,173.56,12,0,25.65
132.765,114.62,11,4,82.73
16.217,141.47,0,3,34.74
16.353,15.19,23,5,29.99
43.205,73.06,23,0,53.82
5.6,14.82,4,0,14.23
98.111,45.45,4,4,58.28
13.948,32.39,3,2,30.59
412.855,15.56,6,6,259.25
193.754,187.27,9,5,137.32
177.552,162.16,7,4,136.07
3.269,60.15,18,6,32.18
239.752,157.9,15,1,143.61
12.52,179.36,16,3,48.1
13.834,81.28,22,6,37.21
302.823,152.6,7,2,255.96
19.101,172.84,1,5,45.39
9.508,83.1,9,1,45.36
97.91,52.41,4,0,64.85
464.558,125.94,1,0,206.31
92.278,92.08,5,3,62.06
45.864,2.4,2,4,41.3
13.533,105.54,23,2,29.92
390.363,152.42,19,3,411.47
37.402,196.59,7,6,64.62
29.279,47.33,10,0,36.25
1.998,194.28,1,3,19.83
20.378,49.96,23,5,27.36
170.704,128.3,3,3,98.8
14.866,172.63,18,1,44.49
23.706,55.51,6,5,34.96
22.538,44.56,14,1,36.23
153.286,186.86,7,2,176.92
12.754,169.04,4,2,31.16
15.285,142.94,14,1,53.43
32.949,65.4,0,3,34.24
20.197,160.81,8,5,30.7
475.3,78.71,2,0,202.9
100.534,46.59,1,3,49.29
198.819,4.36,22,5,156.11
30.603,13.77,22,6,24.57
451.303,78.53,7,1,385.74
10.218,168.0,13,0,35.39
450.218,143.25,7,2,438.36
3.39,8.4,4,0,14.01
18.093,175.47,9,1,54.81
272.386,149.06,18,0,279.2
377.033,120.02,15,6,219.02
2.011,159.87,12,5,30.94
21.658,70.53,16,6,45.72
14.345,7.13,18,3,45.51
1.854,95.89,4,5,23.1
91.64,133.79,9,3,101.02
29.222,142.41,0,4,44.5
279.397,119.72,20,4,181.14
35.722,52.12,15,2,53.86
17.005,74.58,17,2,56.42
24.501,73.15,12,1,44.03
36.686,131.2,6,4,33.45
13.585,158.22,7,6,61.58
8.402,75.77,22,4,26.52
27.095,2.62,3,1,21.1
173.433,64.32,21,0,101.96
22.762,183.69,6,4,32.97
19.393,62.04,3,3,45.03
67.342,6.08,2,2,51.85
493.521,98.39,22,2,278.81
30.306,30.61,19,3,44.87
112.111,67.43,14,6,101.32
38.18,7.89,12,5,48.02
14.697,131.89,16,4,32.52
273.147,181.65,10,0,190.27
430.908,43.58,4,3,198.21
32.086,83.32,10,1,47.59
433.534,56.44,9,1,434.35
33.537,38.36,2,1,25.29
9.441,14.83,3,4,20.79
402.474,120.9,7,5,193.92
37.262,157.61,16,4,33.9
12.955,189.61,21,5,37.51
22.312,155.43,9,0,42.32
4.879,171.59,17,5,37.8
360.807,46.37,10,5,244.23
16.856,114.55,8,6,80.79
26.593,100.72,16,1,41.79
12.931,25.12,4,3,26.54
249.297,53.62,7,1,237.35
281.621,0.84,7,1,255.67
322.84,17.88,20,3,186.85
247.423,46.83,2,5,135.55
151.061,137.12,1,0,91.49
13.224,79.29,12,2,51.29
18.823,60.13,17,3,60.63
18.958,179.65,7,3,49.77
407.049,0.89,2,3,201.98
313.938,161.81,1,3,146.45
23.163,151.8,1,0,34.97
412.671,66.9,18,3,425.02
179.398,112.97,13,5,130.21
52.196,42.3,7,2,75.18
24.879,159.41,18,1,48.26
322.175,129.55,14,1,246.97
391.14,138.92,4,2,229.79
418.434,169.17,12,6,329.28
19.427,162.43,17,3,62.75
31.746,178.92,15,4,43.39
22.589,20.34,7,6,38.69
16.031,162.31,17,4,46.17
16.325,163.94,17,5,40.45
19.697,169.41,7,4,37.2
491.807,144.89,12,3,340.8
65.19,4.87,5,3,39.21
406.285,22.31,23,0,227.56
10.688,50.55,23,4,37.3
40.555,134.55,17,4,50.46
327.267,152.86,21,5,247.75
37.321,14.81,8,5,37.51
328.94,82.6,11,2,191.1
395.166,106.11,4,1,204.23
19.487,12.72,20,5,25.36
10.841,23.36,20,3,28.81
33.981,86.97,0,6,37.75
23.077,45.7,5,2,28.79
459.294,35.04,19,1,399.44
33.904,33.17,5,2,35.8
38.477,160.31,23,5,55.41
34.948,176.77,2,2,33.26
13.159,99.99,2,6,40.93
359.356,154.21,12,5,278.14
305.479,137.65,0,5,201.73
5.091,35.8,23,3,14.41
0.765,124.54,11,5,21.68
371.883,194.04,18,1,319.15
38.486,163.24,8,5,42.43
9.055,78.36,14,0,31.28
17.528,20.77,11,4,56.0
1.069,8.69,12,1,11.02
25.681,27.95,14,1,32.38
35.575,136.62,16,4,42.73
173.68,69.85,5,0,71.97
293.19,27.63,15,2,181.26
35.577,125.88,10,0,55.71
27.535,3.99,11,0,25.47
17.456,34.67,22,0,39.85
10.005,7.75,23,5,19.84
334.283,39.58,14,2,226.07
105.111,191.34,0,6,72.05
236.085,77.16,17,3,245.66
156.95,55.76,8,0,149.22
22.091,58.1,23,2,35.17
16.585,28.63,13,6,41.9
32.816,130.87,13,4,48.95
129.765,66.05,5,5,92.36
470.306,64.94,17,1,495.68
36.889,148.06,22,6,43.63
314.075,9.44,3,0,149.74
20.508,87.14,5,3,29.87
167.126,117.55,7,0,210.28
32.002,1.5,18,3,54.66
100.373,121.87,7,2,92.91
29.368,119.29,5,0,35.54
39.311,17.74,21,1,41.98
28.491,151.74,14,3,41.61
15.868,109.94,11,4,40.53
443.969,131.89,5,1,196.59
36.659,39.23,14,3,43.76
448.536,117.38,23,1,263.3
10.233,167.44,19,6,47.63
18.928,126.72,10,5,48.98
384.157,176.4,21,2,216.42
473.957,172.17,16,3,294.72
16.139,48.62,22,4,38.92
24.811,196.05,23,5,33.28
32.099,55.49,1,3,33.47
15.731,154.26,10,2,38.92
54.257,160.09,8,1,99.47
277.233,190.97,20,5,153.55
207.382,171.03,14,4,128.28
39.456,110.48,12,3,57.58
358.975,11.45,14,5,222.62
15.823,176.04,21,5,32.17
15.822,31.43,6,1,31.9
7.969,116.37,19,2,46.25
39.987,27.74,21,6,43.92
27.003,66.27,3,2,35.29
11.08,97.51,9,3,38.88
14.599,73.69,22,3,38.52
3.409,83.68,9,2,33.09
407.63,22.32,5,0,208.53
29.431,157.16,13,2,52.87
34.837,181.28,17,5,41.78
14.432,134.27,8,2,60.21
5.48,81.64,22,2,21.41
31.847,46.49,4,3,32.42
160.912,164.71,1,0,91.76
417.024,28.51,13,4,383.67
18.043,189.78,21,0,41.54
36.749,13.52,10,5,35.59
156.312,122.36,14,3,129.81
8.149,47.61,21,6,31.69
24.053,115.64,12,6,35.51
7.347,83.64,1,4,28.45
30.07,36.45,1,2,25.93
449.705,186.71,1,3,217.51
383.754,5.26,2,1,184.22
20.379,64.88,23,2,32.42
418.081,129.38,8,3,480.52
18.395,93.21,8,3,66.72
32.513,139.85,8,3,68.03
24.785,100.07,14,1,42.46
102.712,159.35,4,3,59.59
13.993,173.15,2,5,38.53
222.995,103.11,6,0,159.42
425.532,127.23,4,3,214.81
30.589,52.58,17,5,45.09
78.981,120.83,19,4,87.65
28.247,94.31,22,4,41.02
18.96,20.78,1,3,27.08
22.145,74.66,14,4,36.97
38.991,18.41,18,0,66.52
29.608,5.71,5,0,23.3
328.29,140.7,19,1,328.96
447.42,72.96,19,6,406.25
334.402,173.64,13,2,243.28
33.341,33.48,4,3,32.89
3.794,56.91,11,6,27.41
352.77,73.34,6,1,257.8
30.188,148.34,21,4,47.11
392.876,1.06,16,2,243.72
14.845,59.73,23,3,33.92
277.134,42.37,10,4,155.95
22.815,115.55,13,1,42.32
17.934,118.27,3,0,43.09
482.594,50.13,21,3,301.9
314.369,163.72,2,1,165.45
372.678,39.79,8,5,205.17
6.67,131.36,13,2,36.51
13.609,109.38,5,6,37.55
292.108,20.48,19,1,258.15
288.323,89.43,12,0,255.6
261.618,109.57,8,5,174.19
13.77,9.58,8,2,40.67
34.639,167.8,19,4,41.65
12.081,65.94,8,3,45.27
36.764,185.25,4,5,42.3
13.468,120.45,5,5,39.15
136.046,75.44,7,4,95.3
260.118,48.56,23,6,117.86
14.726,110.92,12,1,51.29
52.983,83.84,19,2,83.61
1.887,141.34,14,5,20.54
35.456,130.15,15,0,37.65
34.952,70.49,6,6,54.68
22.009,37.28,15,4,25.67
28.03,59.83,19,6,51.15
76.756,186.03,5,5,74.73
37.557,182.98,16,5,47.88
219.452,184.48,19,4,119.94
27.861,106.57,9,3,47.22
414.666,108.12,14,0,329.77
462.264,41.68,13,3,322.59
15.873,85.55,17,5,41.92
29.682,196.31,23,1,39.36
38.813,191.32,0,3,47.93
25.515,162.67,20,5,43.82
32.267,167.86,15,5,43.48
21.464,141.17,15,1,36.54
22.255,163.18,14,0,33.66
486.641,66.28,10,2,299.09
18.27,183.11,14,5,45.92
287.221,190.87,11,6,184.61
15.943,157.38,10,3,49.55
37.134,52.98,21,3,48.13
114.996,108.92,10,2,108.49
34.036,178.24,7,5,40.17
234.003,6.45,13,0,163.18
37.79,9.53,7,4,37.84
212.924,108.91,7,2,219.35
396.528,15.23,17,5,241.43
189.996,91.73,4,5,130.6
39.92,185.21,11,4,64.12
38.448,68.19,10,4,43.04
35.914,48.07,20,3,46.39
480.252,57.32,2,4,314.3
29.693,132.59,11,1,36.88
115.452,151.89,12,5,101.54
82.564,166.46,11,3,67.83
102.333,126.17,19,2,107.71
12.357,11.43,23,2,21.29
443.905,57.22,23,5,281.08
25.937,158.88,0,4,42.4
33.303,33.04,15,4,33.18
32.783,121.6,8,0,68.35
22.371,118.91,3,1,35.14
32.141,142.04,15,0,47.14
22.101,17.53,15,1,25.86
31.044,123.89,22,5,42.67
1.858,123.65,19,0,29.88
27.258,60.47,11,1,37.45
3.269,43.47,10,3,19.84
38.384,46.78,13,6,57.37
71.834,96.9,0,6,64.21
5.048,101.28,15,2,25.37
30.656,197.22,8,6,57.18
10.616,103.9,12,2,44.33
340.389,30.49,2,6,170.45
8.236,99.54,20,4,28.93
30.936,138.04,14,6,39.98
15.475,154.32,1,3,32.12
436.825,193.57,12,5,331.09
140.372,92.3,0,3,93.18
36.566,54.94,1,4,42.67
1.71,150.55,10,4,22.66
35.073,34.3,14,2,41.84
21.222,177.88,17,6,44.16
34.876,42.39,3,4,40.94
278.915,33.1,7,3,273.02
426.946,38.58,7,4,251.52
14.882,62.31,13,6,49.77
30.786,26.14,12,1,45.17
19.491,7.56,8,2,47.88
210.141,35.73,3,5,119.19
16.856,76.3,3,2,34.62
223.848,149.69,10,2,170.42
10.699,148.33,16,1,49.4
269.923,17.99,8,6,255.22
27.596,56.23,10,6,46.34
3.906,120.23,13,5,31.59
485.59,75.34,18,3,439.49
382.123,160.6,12,6,273.61
473.458,65.04,21,5,316.35
79.116,136.63,11,0,88.41
159.426,178.33,0,1,91.95
413.958,6.88,22,3,245.73
305.145,175.27,3,2,148.4
13.507,27.72,2,5,34.72
428.581,26.17,10,1,341.7
468.187,172.88,20,3,311.79
360.674,63.85,5,1,180.98
11.501,146.48,19,3,50.77
4.075,2.65,17,0,23.38
379.327,47.96,8,6,342.86
4.05,184.21,9,1,40.22
6.415,199.29,17,1,32.82
367.953,171.9,21,3,260.53
214.044,127.48,22,3,119.22
29.286,196.92,16,6,39.86
37.328,187.21,15,5,39.02
37.354,51.63,12,5,61.39
250.439,160.07,5,5,156.41
414.133,134.14,17,6,406.21
486.425,111.96,23,3,313.58
330.961,68.19,5,2,150.05
38.772,151.01,12,3,51.69
229.49,4.0,17,3,279.99
206.063,12.73,9,3,195.3
28.833,165.84,6,5,39.88
2.342,49.27,16,6,17.53
28.687,152.77,18,1,61.69
449.455,46.99,16,2,292.81
12.527,88.11,13,5,39.62
413.554,79.05,14,1,332.3
24.124,32.12,3,3,21.29
129.162,66.84,4,6,93.03
39.672,45.23,6,1,43.51
478.126,44.61,0,4,293.3
31.123,51.66,1,5,38.43
16.289,95.78,3,1,43.48
313.035,5.04,23,6,160.71
136.078,27.29,13,1,97.69
360.69,31.95,16,1,268.51
13.812,115.99,3,0,32.84
361.522,177.08,0,4,209.59
18.108,53.49,6,1,46.59
448.129,102.98,17,2,522.3
327.931,2.63,14,1,277.48
210.975,187.06,21,0,126.05
217.635,73.97,22,2,123.93
19.834,139.38,7,3,56.97
247.139,129.57,19,3,276.57
101.082,198.41,6,5,62.26
351.392,103.62,6,5,218.55
23.958,74.89,18,6,54.3
98.773,2.44,13,3,65.68
393.01,80.71,14,1,315.53
21.51,49.4,17,4,27.39
21.346,37.12,4,6,19.4
27.242,59.06,18,5,40.01
461.799,57.88,6,4,250.21
209.281,14.99,1,4,117.22
47.222,29.38,14,1,64.3
31.892,41.06,22,6,32.26
247.928,112.9,19,0,255.25
22.174,86.22,23,5,40.47
230.141,60.91,14,6,198.56
14.841,187.9,2,3,39.67
50.676,39.65,3,3,45.42
1.072,70.08,15,6,18.74
12.356,182.84,6,5,31.65
450.256,142.34,4,4,227.16
36.776,17.67,6,3,35.8
288.283,47.35,14,2,236.09
273.731,123.83,16,0,200.12
23.872,134.65,8,3,50.35
177.158,174.99,11,2,142.9
218.883,164.53,16,3,181.99
12.758,124.42,12,3,52.27
18.652,146.96,18,0,72.05
5.074,67.67,7,5,30.11
20.357,185.25,2,5,29.6
96.407,104.27,7,1,104.23
32.689,103.17,10,5,40.88
34.256,38.69,16,0,43.79
18.895,192.63,2,2,46.37
314.959,121.56,18,0,301.58
23.236,134.4,23,6,37.5
3.719,86.68,21,3,23.68
8.558,32.67,17,5,30.39
36.777,140.43,19,3,75.81
23.271,32.72,4,0,27.22
26.796,188.74,6,3,36.33
6.603,89.85,17,0,36.05
491.555,181.03,23,1,272.98
473.869,85.92,15,5,287.29
25.907,108.45,3,5,40.86
320.002,44.41,1,1,142.08
307.172,183.06,1,3,152.45
26.495,101.03,19,6,51.5
331.302,114.19,12,6,275.99
2.434,43.51,13,0,18.47
27.717,111.4,0,2,40.23
24.642,181.42,8,0,46.12
13.364,56.17,11,0,39.07
270.691,82.85,4,5,142.94
9.207,123.69,17,6,50.57
6.151,123.77,0,2,33.07
457.542,35.91,6,5,260.83
410.954,39.13,3,3,180.48
25.386,24.78,9,5,30.74
355.736,25.98,14,3,305.86
288.466,87.13,6,2,170.91
499.044,135.06,15,5,342.18
383.165,164.32,9,0,424.63
37.544,64.53,8,1,57.4
422.325,0.24,10,5,238.76
14.798,169.86,10,6,51.79
192.011,153.53,6,5,148.84
145.77,132.81,7,1,173.03
446.268,184.28,18,2,502.43
334.711,15.11,0,6,176.88
27.939,160.09,6,5,36.63
179.719,151.29,3,0,95.61
25.097,113.21,21,5,43.57
6.449,62.22,13,2,28.67
412.953,135.89,11,4,380.96
30.806,60.17,16,4,43.44
108.583,62.23,23,1,74.94
22.505,37.39,0,2,26.05
29.581,37.42,15,1,31.54
284.847,108.11,15,2,225.94
26.772,11.22,15,2,32.0
7.988,74.35,22,1,26.53
12.174,179.71,2,2,27.09
11.456,57.3,4,4,36.91
18.724,54.32,6,1,63.0
144.32,163.76,8,6,155.27
255.005,18.54,1,5,158.03
28.602,140.23,17,5,42.43
33.596,95.28,12,0,55.61
20.216,51.1,14,3,33.95
308.351,9.1,6,1,191.81
35.253,2.85,14,1,38.15
443.829,105.12,12,4,343.66
16.406,82.28,11,3,52.97
104.055,170.98,17,6,127.94
33.245,42.58,16,3,33.16
390.776,26.82,8,5,239.16
336.17,199.66,13,4,295.8
38.682,6.59,8,4,33.51
13.932,162.29,8,4,39.48
12.717,172.06,13,2,51.77
22.515,17.76,22,0,23.4
156.113,189.94,3,0,102.37
410.986,141.98,18,2,431.62
463.842,41.79,13,1,339.22
19.949,97.67,18,1,75.29
181.955,97.16,19,0,149.26
407.746,35.91,15,6,254.3
265.404,81.27,11,6,174.73
0.509,56.68,23,1,19.11
160.312,117.05,0,0,124.5
457.418,50.09,14,5,292.51
317.282,191.15,10,3,190.19
26.819,77.48,5,0,31.92
8.15,36.32,9,1,26.14
452.07,182.24,19,3,569.33
27.44,123.65,5,6,29.44
423.427,93.36,15,1,248.67
32.778,117.29,16,2,43.81
56.069,151.26,10,5,51.26
38.745,172.41,18,2,78.03
20.099,33.73,6,1,29.86
391.999,70.19,12,6,245.37
10.742,116.72,8,3,46.57
149.762,170.75,8,6,150.37
20.059,120.14,0,4,39.73
184.817,45.48,19,2,182.65
54.968,193.57,16,0,59.86
37.034,116.11,5,5,42.8
36.793,162.3,0,3,50.58
80.186,0.36,12,1,74.49
444.57,81.58,16,1,278.97
35.689,184.91,14,2,57.19
382.961,49.6,4,3,176.37
13.759,29.41,1,5,35.46
25.317,87.3,15,6,43.4
12.312,103.6,18,3,49.82
236.473,52.79,6,2,180.66
282.928,42.15,10,0,191.15
7.836,93.52,23,3,22.77
19.495,127.34,22,4,43.49
4.247,43.76,3,1,23.4
279.622,59.59,21,0,205.86
0.855,183.34,16,6,18.07
32.204,80.95,20,2,45.77
8.597,107.61,20,2,33.72
0.92,50.94,11,3,19.33
443.715,124.08,15,1,335.67
294.877,163.85,7,6,286.64
29.896,65.19,19,4,53.53
293.38,131.83,10,5,173.34
211.002,1.12,22,6,102.68
29.857,31.87,20,0,32.76
38.396,164.52,5,1,41.4
490.097,5.97,19,5,299.18
18.785,184.89,0,0,47.19
22.558,184.28,0,0,29.22
358.719,76.96,16,1,207.86
27.878,113.37,1,2,37.39
263.29,89.47,6,4,163.11
191.574,136.01,7,4,117.25
391.757,174.08,13,2,310.44
14.06,174.18,11,5,40.06
13.869,8.3,1,4,30.67
191.039,60.74,23,4,136.28
22.399,117.08,3,5,34.85
10.585,81.5,9,0,49.19
31.462,120.31,6,2,35.4
30.387,26.91,4,3,30.9
164.894,114.93,5,2,88.9
6.361,57.76,18,6,35.35
442.116,178.55,19,2,438.69
35.907,184.41,3,3,41.0
6.585,72.87,7,2,31.78
10.909,146.87,0,3,40.19
222.758,39.55,2,2,117.04
4.577,181.29,20,6,35.79
14.548,192.69,11,3,43.2
38.81,43.02,11,6,44.27
22.639,156.49,11,6,41.09
20.358,151.85,1,2,29.28
6.768,125.19,18,3,37.19
398.081,123.25,7,6,361.5
20.494,70.12,21,0,27.97
130.576,15.75,3,2,57.63
355.547,146.74,22,1,171.38
36.431,133.17,7,4,37.61
24.79,105.69,9,3,41.95
16.465,149.57,8,6,55.15
7.861,153.21,13,2,39.68
34.005,51.61,20,4,37.96
17.973,157.0,10,4,52.0
179.082,121.92,5,2,104.56
139.924,158.65,19,5,89.66
225.553,130.75,6,4,170.63
22.443,113.11,12,2,34.46
411.598,12.87,3,5,205.86
338.966,194.96,20,1,231.04
144.216,41.64,15,5,90.01
19.932,60.23,16,2,51.95
190.815,77.07,10,5,116.87
32.145,100.53,17,5,41.39
100.612,79.18,23,3,56.7
9.356,93.43,11,3,35.9
407.833,35.6,1,2,214.57
15.062,10.24,10,0,30.99
37.79,4.44,10,3,35.2
3.96,52.7,6,1,26.89
453.56,82.21,6,1,313.35
22.145,0.41,1,5,18.46
59.88,72.79,4,4,71.26
306.974,153.35,11,4,204.48
7.618,123.32,13,0,31.5
12.828,173.48,20,3,40.81
2.086,15.45,19,6,14.72
32.241,40.31,14,0,50.68
11.695,16.63,4,3,20.1
120.746,40.33,2,3,59.84
155.251,65.24,10,1,124.06
383.799,28.88,23,2,175.09
428.911,183.51,13,4,317.09
7.524,139.6,2,6,29.5
487.046,73.06,6,4,344.78
11.634,116.59,10,0,35.12
17.973,59.43,4,6,40.39
30.12,156.85,20,5,39.08
180.11,171.25,20,0,132.16
127.566,78.33,11,5,115.87
12.971,141.76,11,5,55.62
94.978,154.24,8,1,109.03
31.558,2.24,23,2,19.78
35.992,166.95,7,6,62.6
82.566,128.42,17,2,90.64
267.047,147.93,22,6,132.09
355.39,144.25,18,0,355.09
8.869,177.88,9,5,37.1
12.349,77.2,22,5,36.92
302.63,186.29,11,3,240.61
15.063,115.35,12,1,46.25
123.852,22.22,21,6,88.4
330.527,76.67,23,6,149.45
39.599,177.24,7,3,60.45
23.085,162.93,2,5,34.13
282.596,69.01,21,5,190.63
401.052,17.02,21,4,252.5
17.359,131.24,23,4,35.07
8.49,63.66,19,2,50.54
14.487,163.21,3,1,39.08
469.525,132.61,9,5,317.1
18.946,53.21,23,4,47.75
5.663,22.69,23,3,19.21
39.404,185.71,21,5,44.12
15.227,120.92,18,3,50.18
28.033,178.42,13,5,46.57
4.017,84.1,18,4,31.18
260.059,43.43,10,5,157.27
259.623,46.51,10,6,189.71
479.808,50.79,16,0,379.97
311.048,58.15,11,0,231.64
25.969,102.19,10,0,39.48
428.237,74.77,20,5,256.97
298.77,91.79,6,0,173.93
134.942,49.6,22,0,78.63
112.644,123.82,16,0,79.67
247.325,70.53,13,1,195.71
403.856,195.3,16,4,246.92
31.073,115.88,8,2,54.78
30.073,94.84,19,1,59.19
40.643,170.18,2,4,53.02
38.396,152.56,20,4,48.95
12.614,100.61,20,0,44.13
2.602,18.59,13,2,12.6
33.371,66.93,10,2,55.17
10.401,77.94,22,5,36.05
33.543,16.76,14,1,41.81
465.922,166.66,8,3,417.04
31.761,185.27,16,6,40.46
5.772,52.03,23,0,20.46
4.714,67.66,2,3,27.56
38.194,67.22,3,1,47.45
45.673,103.63,19,6,69.14
26.048,19.87,11,5,26.88
29.64,60.87,5,1,34.29
23.524,121.56,16,0,35.81
20.773,72.43,22,3,30.14
0.726,24.23,5,6,11.7
2.54,180.44,20,2,25.96
25.158,108.8,22,4,39.78
26.652,91.47,21,2,41.97
96.927,181.78,10,1,83.18
4.257,38.22,16,2,21.62
38.603,58.03,17,2,63.35
29.198,146.98,8,3,47.7
39.802,62.7,8,1,57.39
258.08,6.02,4,4,149.6
267.007,141.25,13,5,203.93
35.122,173.05,15,6,50.45
49.414,166.53,22,0,44.18
414.613,150.89,22,6,177.53
7.722,69.34,2,3,28.66
313.023,97.13,13,6,237.99
22.444,20.77,17,1,35.02
8.072,134.16,5,6,30.66
58.277,36.21,7,2,79.28
24.761,73.51,7,0,44.68
186.624,62.56,14,5,114.25
341.503,99.17,11,0,223.79
24.672,182.6,6,6,40.83
97.613,14.23,17,0,91.21
29.724,55.65,5,1,30.4
33.921,37.87,1,5,32.69
90.478,149.56,3,0,56.44
489.57,161.36,13,1,410.74
3.063,47.55,4,1,19.42
20.342,161.99,1,5,39.03
20.88,88.33,16,6,43.23
34.498,134.98,23,5,38.68
30.094,189.6,13,1,47.34
12.58,168.27,6,1,28.05
64.766,86.45,10,6,70.03
9.778,185.56,3,4,27.68
1.979,9.0,2,4,10.16
18.186,27.03,8,3,58.93
30.5,56.38,19,4,41.31
482.817,56.09,20,2,296.17
14.768,174.17,0,2,29.78
8.371,46.96,11,2,23.47
107.501,136.22,21,1,86.92
253.556,131.42,15,3,159.23
23.491,99.41,17,6,38.17
15.157,12.81,16,3,30.09
142.675,91.35,20,6,107.87
14.769,117.43,10,2,42.55
421.018,44.75,3,4,231.53
342.367,155.79,23,5,228.2
13.592,38.62,18,0,45.32
371.335,6.69,8,6,349.65
10.441,188.64,7,4,35.54
2.654,93.71,20,0,25.09
205.159,129.81,23,2,112.86
430.733,90.09,16,5,294.96
32.198,185.43,5,5,44.55
390.652,6.35,1,3,177.79
267.465,193.98,3,6,170.3
19.925,138.6,8,0,55.88
21.112,51.5,8,1,41.05
482.147,11.95,8,4,285.86
31.254,46.26,5,2,27.67
31.54,5.93,7,1,35.11
342.344,51.35,21,0,214.6
144.687,196.52,14,3,125.41
23.158,56.8,0,2,32.79
67.226,102.38,9,1,96.32
20.649,25.03,14,2,34.24
11.213,180.72,14,2,39.85
38.914,158.81,22,2,42.26
111.224,24.78,10,2,82.62
15.478,97.81,7,5,38.98
34.91,35.39,21,2,47.17
384.201,73.17,6,4,220.44
33.385,21.82,21,2,37.81
28.22,106.83,10,2,54.87
38.863,80.36,4,5,45.32
342.178,193.5,5,6,197.45
33.106,102.28,22,1,39.53
13.774,185.22,15,2,45.95
27.602,178.36,14,6,48.49
28.298,94.72,15,3,44.74
31.876,49.13,9,3,45.36
5.861,59.6,13,1,28.83
8.712,92.58,7,6,36.48
49.521,20.23,3,0,35.31
156.509,195.55,23,1,97.03
493.665,44.59,20,5,293.81
5.875,133.72,3,5,28.17
26.139,46.3,21,5,28.1
37.41,51.81,8,1,68.45
269.713,182.07,18,3,252.97
384.29,70.93,19,2,412.45
266.785,174.83,21,5,187.44
9.529,170.02,21,2,33.0
258.867,20.56,13,6,231.03
167.956,184.61,10,5,108.51
1.128,1.41,4,5,6.09
19.335,130.0,21,5,61.0
243.483,186.26,13,3,174.76
28.119,43.48,7,6,47.58
9.03,83.7,23,4,29.39
5.949,0.38,14,6,14.63
217.268,175.45,21,6,144.68
20.12,72.3,11,3,40.37
22.466,44.47,21,6,28.98
9.701,89.91,7,0,45.03
12.798,68.04,5,5,39.03
421.55,139.37,16,1,308.07
26.381,95.57,5,6,39.15
7.61,119.28,20,5,26.6
25.017,155.98,19,4,35.65
31.688,6.01,5,1,33.03
24.398,187.8,14,2,51.45
9.231,4.9,14,4,14.16
27.469,67.68,0,4,38.87
24.935,181.76,5,1,36.96
13.895,108.08,3,2,32.05
143.944,110.73,21,2,110.15
15.75,132.51,9,4,42.57
31.472,184.3,22,6,33.05
35.142,83.95,16,5,50.88
285.133,89.36,19,0,257.14
490.035,58.01,2,4,262.56
35.764,43.4,15,0,44.37
203.932,134.03,16,1,125.49
291.428,54.15,0,2,155.0
211.704,157.29,5,3,126.9
38.845,155.51,7,5,46.1
6.069,77.94,15,1,25.65
31.327,91.62,16,6,42.65
31.136,76.19,0,4,43.32
461.762,162.26,6,3,326.76
32.936,195.11,20,3,47.43
29.425,107.27,19,5,46.47
20.184,8.8,1,0,15.47
9.965,174.39,1,0,27.87
38.027,39.48,17,3,66.44
149.646,182.09,14,3,116.73
0.745,65.07,11,6,20.6
21.799,99.94,2,2,34.38
318.007,100.16,5,3,160.94
6.861,41.07,7,4,22.89
22.746,4.86,14,5,16.05
43.092,143.7,16,2,49.65
346.707,22.18,14,5,189.81
23.769,46.21,2,0,23.98
416.849,189.23,12,2,330.99
261.103,78.87,17,2,276.62
12.779,176.1,5,0,36.32
20.057,26.96,17,4,24.24
3.542,140.0,11,5,28.94
255.01,135.92,20,4,156.26
34.503,86.42,18,0,70.05
8.162,108.84,6,4,31.9
34.82,52.64,0,3,38.16
13.131,26.77,9,2,46.91
10.492,91.02,16,1,45.7
131.871,100.38,22,0,92.71
35.132,131.44,6,6,44.45
382.493,87.53,8,0,410.36
5.345,122.98,18,0,30.26
17.27,120.59,20,3,44.57
170.62,86.38,11,6,159.34
22.801,167.71,1,0,35.41
319.09,11.72,19,2,292.39
126.421,191.03,14,1,121.38
25.54,179.82,23,6,33.81
231.853,36.66,1,0,121.26
202.291,104.43,9,1,174.16
82.018,55.38,7,0,86.2
27.066,178.8,1,1,29.12
62.664,56.08,0,6,55.28
23.578,188.06,18,4,32.67
37.151,40.52,0,4,46.82
151.102,185.73,15,3,116.6
17.913,13.07,4,3,28.87
37.536,36.03,12,3,57.79
32.046,115.46,4,4,40.96
25.846,41.62,8,6,43.05
19.166,170.95,17,4,41.14
28.342,166.46,2,6,45.31
36.799,137.76,3,1,34.65
36.843,189.79,5,0,38.1
7.502,166.66,22,3,25.24
10.431,78.84,6,3,39.14
299.176,158.9,18,0,306.87
25.355,33.11,14,3,31.76
33.964,101.5,14,4,43.32
140.302,2.95,18,0,130.14
197.369,146.2,13,5,158.41
19.438,110.59,9,3,64.16
9.056,36.84,9,6,35.69
37.562,154.27,10,2,41.01
20.056,62.79,2,6,32.63
15.771,140.76,18,2,50.51
31.533,128.15,7,5,39.38
10.623,28.02,0,4,28.32
10.99,70.69,18,5,38.34
11.284,57.02,13,2,48.0
3.56,158.04,4,1,21.38
183.243,195.79,6,4,121.91
39.575,133.44,9,4,40.96
312.158,65.75,19,0,306.46
341.885,150.33,12,3,239.18
17.522,78.49,19,2,62.35
352.803,113.06,9,1,351.1
13.416,115.9,10,6,31.28
15.523,150.18,4,1,34.52
37.846,143.6,13,4,47.6
374.722,54.17,5,1,186.48
16.211,9.29,3,2,28.63
15.448,102.69,5,4,36.39
39.204,193.4,8,2,73.46
352.883,159.28,20,5,176.27
3.924,133.48,8,0,34.76
439.66,108.94,17,0,436.49
336.885,158.02,6,3,222.73
320.564,161.43,2,6,168.09
30.693,36.16,0,5,36.82
37.163,48.55,12,5,41.78
7.134,9.2,7,0,22.51
4.94,124.52,19,0,37.02
36.21,139.53,0,0,37.58
385.836,15.93,14,3,298.03
12.702,47.77,6,6,29.58
3.373,57.01,15,2,23.83
248.01,26.76,4,4,134.7
25.118,131.39,23,5,38.43
335.096,35.83,6,1,228.36
24.212,142.07,5,2,29.31
216.815,72.25,20,6,144.9
18.959,69.33,9,1,72.05
30.097,16.78,14,4,33.02
33.259,107.45,23,1,31.63
386.846,86.52,7,6,426.62
19.591,161.4,10,1,56.95
21.115,155.88,1,5,37.32
10.749,64.05,17,2,44.2
24.594,10.0,0,4,19.06
11.268,58.89,1,2,28.65
243.258,90.97,19,3,274.84
5.153,137.95,7,1,36.43
35.868,169.98,17,0,69.66
12.463,80.31,2,0,37.47
4.004,9.9,12,2,20.6
36.538,111.27,6,5,48.28
26.58,5.15,20,2,21.63
279.759,115.55,3,0,159.88
27.961,93.0,13,0,39.91
1.645,96.84,18,1,26.74
254.683,159.73,4,1,142.15
480.336,61.14,16,6,365.38
36.738,127.26,20,5,42.84
9.811,141.78,15,1,35.25
196.147,94.57,21,5,139.76
321.707,115.11,12,5,259.28
11.029,135.5,7,4,38.47
199.53,142.05,19,0,188.98
10.333,194.66,7,6,45.25
6.742,170.43,13,3,28.92
16.235,39.33,22,2,39.63
34.815,111.37,5,1,39.27
380.49,176.82,9,1,402.77
18.954,53.1,18,2,69.96
22.391,143.75,5,6,32.62
15.0,32.37,3,0,26.98
15.802,35.69,19,4,28.22
8.969,181.49,19,4,31.55
68.131,63.29,3,2,57.79
34.337,96.07,18,1,66.19
10.773,148.06,2,0,26.25
455.881,47.8,15,4,287.92
32.81,14.3,8,5,33.57
5.012,5.39,19,5,13.9
34.403,12.87,15,4,26.45
3.562,154.57,14,0,26.97
127.865,83.12,0,2,75.29
37.17,124.23,13,6,55.0
22.39,177.72,8,5,30.5
18.753,79.07,12,4,54.01
2.935,13.58,2,2,10.86
142.505,97.72,7,5,107.37
28.333,168.63,23,4,37.97
19.086,87.42,15,5,48.07
19.035,164.18,20,4,41.9
12.819,125.18,1,2,33.1
415.962,46.05,1,1,220.7
284.14,153.52,20,3,230.63
12.637,93.65,12,0,36.16
2.749,100.13,4,3,20.43
35.12,26.22,8,2,41.93
331.273,64.4,11,1,225.9
311.726,7.71,14,5,190.01
188.462,179.22,15,6,136.23
3.504,34.19,10,6,23.59
429.023,10.37,21,3,292.92
120.572,54.82,21,6,83.28
25.155,99.32,21,6,45.14
196.133,7.71,0,0,111.56
473.019,56.65,13,4,365.19
39.731,135.18,19,6,64.8
231.926,62.53,23,3,106.6
134.067,177.04,2,0,81.03
21.091,130.18,11,4,31.53
321.967,96.24,12,0,229.26
146.447,100.97,11,2,99.08
26.766,135.43,20,4,36.89
2.407,31.75,2,0,19.42
18.579,92.81,7,6,67.06
14.269,66.23,1,1,33.5
14.65,147.84,3,0,38.21
15.173,47.08,1,4,32.35
134.656,135.78,2,2,82.73
253.675,28.74,8,0,256.57
25.474,24.75,9,2,40.05
456.056,84.07,9,4,286.29
306.293,49.92,5,4,207.8
7.171,33.63,1,1,22.97
4.91,74.91,5,4,33.93
312.201,178.08,22,4,188.27
327.473,13.54,22,5,179.31
174.875,59.78,8,6,185.57
12.475,31.33,23,4,30.27
0.869,13.92,18,3,10.57
18.331,8.79,19,5,30.86
198.108,8.99,4,4,100.55
54.928,127.09,7,2,77.5
4.361,132.76,0,5,32.25
19.517,168.62,15,2,47.58
442.028,173.85,17,6,560.11
234.536,176.91,16,4,144.14
207.811,83.23,13,0,194.08
17.113,149.28,12,2,44.07
5.217,82.72,2,1,29.66
3.448,29.8,12,4,21.99
28.506,180.72,14,6,45.56
12.515,96.4,16,5,30.96
37.224,11.79,5,3,22.55
30.596,162.76,23,0,29.96
19.566,81.13,22,6,49.62
20.345,85.11,14,5,35.07
32.586,0.99,4,1,21.59
18.464,78.38,23,2,44.37
32.071,175.99,22,0,45.62
21.189,141.92,9,6,45.38
27.499,45.93,10,6,33.01
39.036,0.76,13,6,39.75
39.406,193.32,21,0,49.15
26.407,32.8,2,3,28.88
15.957,77.05,7,3,58.87
16.859,169.83,18,4,41.95
321.111,143.45,21,5,214.6
27.696,133.29,3,5,47.08
27.726,190.58,10,3,46.5
154.781,73.89,16,3,114.86
395.52,66.02,9,6,374.91
315.721,101.12,16,4,208.91
5.272,117.46,14,3,26.69
16.85,69.34,16,1,41.62
33.667,131.14,21,2,54.97
22.695,52.78,9,1,39.12
250.688,166.75,13,6,182.8
13.927,155.41,1,5,37.62
28.95,148.99,16,1,51.18
37.465,118.27,6,3,48.88
6.592,91.99,13,3,31.94
2.143,187.22,4,0,26.53
25.539,43.01,17,0,37.07
237.161,44.05,5,0,120.84
9.34,179.17,11,3,30.36
34.356,98.13,9,6,53.83
13.047,78.28,14,1,35.94
197.191,197.55,17,5,125.23
387.325,103.55,16,3,239.25
408.37,84.54,13,1,375.4
355.754,112.75,16,0,238.27
254.749,146.69,1,0,160.52
56.064,42.01,16,2,62.82
10.138,80.44,18,1,40.93
88.132,21.55,16,2,58.63
201.07,25.26,21,4,132.25
3.177,17.41,18,5,16.98
26.642,56.61,5,2,36.14
29.284,45.73,4,1,33.11
39.753,77.51,5,6,39.89
72.675,40.48,9,0,96.63
11.963,139.97,6,0,37.56
30.371,132.94,20,4,44.43
7.09,0.98,3,2,11.97
9.319,173.44,2,6,29.33
3.323,27.41,22,6,16.64
1.818,45.61,4,4,14.25
30.22,37.22,21,6,39.29
19.546,118.97,20,1,58.0
254.054,37.95,12,2,211.32
83.583,149.05,10,1,69.69
32.53,164.74,17,1,44.05
476.145,114.73,1,5,317.95
29.565,95.32,7,6,55.81
11.831,84.15,1,5,41.86
290.514,100.85,6,0,164.7
121.64,97.03,16,3,107.12
10.021,41.39,17,4,28.53
11.516,64.27,1,2,38.32
333.465,80.55,17,4,200.82
497.87,147.82,4,3,235.07
356.489,181.86,12,4,237.72
32.315,190.54,6,5,40.13
18.034,174.07,5,3,41.09
406.402,31.09,23,4,244.37
104.169,150.76,0,6,63.13
27.566,50.22,23,0,30.86
186.417,179.52,7,0,213.87
9.374,40.68,5,4,25.49
18.148,162.68,17,3,73.21
28.695,130.88,2,1,35.65
36.335,62.81,9,5,43.61
419.043,188.64,5,1,198.97
334.34,79.07,21,1,221.27
22.387,77.55,3,3,35.61
362.459,81.1,19,0,395.61
169.392,16.24,2,3,74.62
145.219,19.09,22,5,80.86
39.397,194.22,16,2,47.74
24.805,185.29,12,1,38.02
331.573,102.34,16,3,239.78
67.662,173.27,0,2,54.36
26.575,39.93,20,4,36.92
38.594,83.34,20,3,44.44
141.59,165.56,2,3,91.71
303.228,69.37,23,2,156.66
37.038,137.43,5,4,35.72
384.553,168.12,13,3,263.77
8.368,24.5,2,2,21.18
32.086,110.53,5,2,33.16
122.755,191.65,17,0,104.28
4.871,88.15,12,4,30.49
116.472,192.98,10,6,115.31
146.575,120.2,7,0,199.11
29.804,33.76,8,4,32.3
2.367,182.53,21,6,23.77
23.569,53.28,23,4,31.85
10.559,19.3,17,3,34.67
13.113,4.17,1,6,17.9
33.533,23.67,4,1,28.02
10.499,51.51,18,5,35.13
44.547,40.16,8,2,80.61
37.949,79.29,21,3,46.67
243.542,43.9,12,5,194.94
4.59,1.44,3,4,16.71
101.069,106.74,18,5,76.4
93.805,3.74,12,4,62.11
22.645,189.43,1,1,30.41
3.245,63.09,8,6,24.18
33.284,189.37,7,6,58.7
204.632,119.92,4,5,117.39
24.203,111.81,14,1,34.09
32.482,97.82,23,2,41.43
18.797,55.16,18,4,64.91
12.746,164.59,12,6,43.56
345.129,154.69,8,0,328.27
34.032,116.15,1,4,40.6
237.485,127.86,6,0,156.32
27.546,132.08,16,3,35.97
15.795,101.31,5,1,36.95
21.752,66.43,17,5,34.77
6.813,166.4,17,1,32.56
388.744,124.8,17,4,276.3
225.994,127.67,9,0,213.23
442.807,38.74,22,1,258.63
15.052,80.77,15,0,42.16
157.424,142.03,3,2,77.31
16.707,29.88,3,0,30.29
39.678,97.3,18,3,55.85
180.532,90.75,6,5,138.37
29.764,29.93,11,0,33.46
33.048,64.41,8,3,51.2
22.632,195.68,21,5,45.61
38.97,149.0,4,2,40.42
267.96,24.16,10,1,129.58
158.305,192.61,5,2,96.78
36.065,81.86,12,6,57.67
445.419,115.17,22,5,241.59
189.866,82.15,9,1,177.72
20.713,125.85,15,5,36.85
35.411,7.03,23,2,32.49
20.656,199.12,8,3,48.71
18.962,178.28,5,5,44.97
31.924,70.25,21,6,52.72
25.141,198.14,7,0,53.28
17.843,81.25,10,2,49.52
6.693,194.33,3,5,24.35
270.266,86.92,2,3,145.14
39.052,103.91,10,3,52.57
459.805,112.06,9,2,386.89
1.692,2.33,23,2,6.08
56.614,79.76,15,6,66.25
27.108,116.55,22,4,40.84
16.267,62.8,0,0,42.08
3.952,160.09,18,6,35.36
155.213,66.98,2,6,77.63
155.542,173.64,16,5,106.43
11.119,152.68,12,2,35.26
461.333,154.03,7,1,390.98
29.788,102.06,0,0,41.6
73.259,111.72,8,0,104.57
476.265,110.81,20,5,281.25
277.05,97.56,19,1,276.16
34.969,66.01,20,4,45.74
28.64,5.13,1,4,27.09
141.824,191.44,16,5,97.47
25.573,192.29,7,0,48.04
74.54,182.53,9,3,119.03
5.033,141.16,23,5,23.82
163.039,101.9,17,6,166.72
3.457,34.52,0,6,15.77
16.981,137.4,15,5,35.5
34.1,183.81,20,0,47.61
20.302,135.11,12,2,36.84
6.195,144.85,18,2,40.47
496.88,178.68,17,3,461.33
9.094,173.29,11,6,30.98
1.026,64.65,16,1,26.33
15.075,126.73,8,6,59.99
23.786,3.13,19,3,37.96
315.035,162.07,14,3,234.82
9.612,50.94,17,1,50.91
13.899,198.03,17,6,60.51
101.733,102.83,2,6,62.79
22.779,72.63,0,1,32.03
8.935,19.19,20,2,19.4
38.016,147.22,3,6,51.83
448.68,84.46,15,5,277.38
367.718,19.61,21,6,234.68
119.772,3.67,2,5,79.38
199.065,44.42,23,2,112.1
14.723,152.86,15,3,37.57
13.894,33.05,3,5,33.52
12.706,199.06,7,5,43.14
30.752,97.89,16,6,42.99
36.059,125.21,18,6,55.39
18.159,95.01,12,4,45.67
25.986,11.01,10,2,29.13
258.132,190.06,13,5,199.19
277.719,86.96,22,3,116.8
24.927,58.19,20,2,42.98
17.81,46.01,20,2,36.55
20.026,114.23,4,3,28.62
38.418,188.74,15,5,49.38
110.702,173.04,4,0,74.67
20.432,81.62,13,4,35.22
23.654,21.63,18,6,34.09
495.81,2.9,16,0,348.1
19.608,36.76,5,5,47.32
480.958,84.77,22,5,365.15
476.931,69.13,14,0,357.2
134.609,188.61,10,1,101.64
268.945,42.61,23,6,117.76
8.669,14.01,9,5,18.9
36.542,15.09,21,5,32.03
314.312,96.33,8,3,367.93
422.962,54.66,4,6,242.78
9.595,78.07,16,5,37.94
14.256,39.53,18,2,41.14
8.672,145.89,15,4,33.25
27.699,130.53,9,6,50.14
124.37,75.84,8,4,93.36
37.315,21.55,18,3,65.37
34.766,7.75,10,0,37.09
140.148,3.4,20,3,92.06
218.867,11.39,16,3,143.22
65.518,60.16,16,0,88.68
356.4,95.34,20,5,197.03
36.916,177.38,19,2,63.14
20.915,117.0,1,3,32.55
320.133,120.3,3,2,180.41
303.985,43.46,22,6,177.39
19.103,52.44,0,1,45.24
3.802,27.17,19,0,27.45
29.036,70.7,13,6,50.56
9.195,73.78,4,5,35.78
453.195,39.07,21,1,309.86
204.135,28.83,14,4,135.9
32.212,119.77,13,2,46.44
11.441,72.05,1,3,33.86
464.719,24.67,17,2,436.49
12.765,187.12,11,6,44.04
187.228,2.21,0,4,93.52
159.598,99.96,2,4,123.39
17.357,38.85,12,6,44.62
243.635,148.78,13,1,210.05
31.832,186.28,13,1,49.64
22.202,127.8,7,2,44.0
11.947,63.97,20,0,33.72
236.451,119.07,8,2,195.51
213.719,114.47,23,2,114.65
218.879,73.03,19,3,205.89
272.744,119.16,21,2,188.79
156.456,52.56,23,4,105.23
187.261,67.86,8,3,191.03
20.851,88.93,12,6,45.47
387.739,166.54,15,2,283.38
414.429,8.19,0,0,177.47
241.549,76.02,17,2,240.44
173.607,25.22,21,5,90.64
153.603,176.68,1,6,72.05
209.477,188.98,10,6,164.6
111.958,37.26,22,0,57.98
19.092,130.36,17,1,65.83
37.608,49.59,18,3,61.61
229.481,113.89,21,4,114.14
0.94,175.9,1,5,21.47
112.256,122.0,23,6,68.1
9.637,36.48,4,3,21.19
12.519,15.77,11,3,26.5
22.27,154.15,23,6,28.62
33.93,110.66,21,0,40.73
28.618,152.99,22,4,37.12
21.102,174.1,11,0,42.81
32.001,170.43,13,4,47.58
22.335,156.3,5,3,28.89
35.158,111.39,4,0,42.83
10.033,174.17,13,5,45.07
9.022,81.66,8,5,32.66
234.757,32.46,17,3,215.71
19.49,199.14,11,4,61.93
0.619,188.69,20,5,19.25
0.972,7.92,10,5,8.98
21.853,64.1,10,4,30.31
14.712,94.58,4,0,40.88
31.674,147.05,9,4,39.7
236.936,136.14,3,0,121.03
28.333,88.15,20,2,46.37
12.384,189.8,17,4,39.47
466.352,76.95,19,6,429.77
27.992,179.14,16,0,39.81
6.034,33.03,11,2,19.46
29.317,47.22,2,6,28.9
400.377,126.17,22,3,211.15
375.63,52.04,6,4,210.11
439.179,108.79,23,3,175.5
27.653,75.36,23,3,42.29
23.804,193.72,12,3,40.83
145.718,125.38,9,3,154.83
10.814,81.83,4,2,34.57
4.766,88.33,18,4,34.33
37.151,158.38,20,4,34.23
25.419,129.55,19,6,50.31
83.262,84.92,8,1,116.85
394.199,89.61,13,2,314.32
14.128,131.95,23,5,47.23
29.272,73.89,2,5,46.7
296.544,50.93,16,3,152.91
411.668,88.9,19,3,421.79
28.349,97.22,21,5,47.98
41.565,34.15,22,0,33.66
6.163,188.94,23,1,23.82
27.673,69.0,0,4,36.78
19.509,1.42,12,4,39.34
281.772,34.47,0,3,140.17
342.025,42.46,16,0,210.53
10.275,31.01,13,1,31.55
20.511,101.79,3,4,36.5
334.476,91.62,9,4,209.56
16.975,69.38,15,1,43.87
20.433,141.89,19,0,37.24
30.649,6.45,2,3,30.27
262.485,119.41,10,1,193.87
13.096,194.56,23,0,31.8
0.948,49.98,4,4,12.11
322.717,174.68,6,0,232.01
299.149,108.88,3,2,138.97
15.414,85.32,16,3,43.72
16.189,190.12,13,5,49.42
37.357,191.84,3,5,44.5
236.08,128.28,7,2,250.24
19.463,122.75,18,3,53.66
280.789,7.53,19,3,234.97
39.234,42.96,17,0,60.12
92.307,8.49,7,3,64.76
306.139,39.08,0,4,172.06
31.724,133.03,5,3,44.17
20.79,65.34,20,3,37.67
69.031,33.73,7,4,57.33
23.208,134.16,5,6,27.55
350.947,110.18,9,3,348.66
206.063,53.73,17,0,268.96
29.59,53.99,13,1,53.86
25.722,73.16,0,2,34.77
2.028,174.91,15,5,23.44
83.695,175.77,7,6,96.94
8.774,22.09,11,5,27.4
35.523,135.47,6,2,53.3
412.348,76.71,21,4,311.29
144.289,23.48,3,2,88.15
3.02,17.23,14,0,16.43
4.85,133.21,18,2,43.47
33.739,151.44,10,3,39.83
207.809,73.88,15,6,161.62
37.837,30.1,5,6,32.49
13.398,84.74,5,2,34.64
18.03,16.32,9,4,39.9
27.45,186.0,15,5,37.15
185.318,92.97,16,4,128.82
294.766,49.93,15,0,210.0
29.071,23.29,9,5,28.96
36.655,187.05,14,0,57.69
82.508,178.28,0,5,72.51
19.286,162.9,6,2,56.9
19.97,176.6,2,3,49.1
8.922,44.41,2,5,23.9
1.67,48.95,10,3,17.64
26.795,170.43,23,2,34.19
35.827,87.59,4,6,44.36
38.436,141.5,2,6,52.25
343.084,188.53,4,2,167.76
39.715,58.84,23,0,40.22
9.36,161.36,19,6,45.0
219.819,29.46,15,2,156.21
37.889,150.44,8,4,35.69
27.796,42.72,20,0,35.4
35.45,48.5,3,6,34.5
17.415,167.14,23,2,35.65
282.368,196.79,8,0,264.46
20.183,47.7,22,1,26.89
154.36,151.84,15,0,138.14
75.191,161.75,22,3,67.16
22.759,94.81,2,5,32.95
379.366,71.76,18,0,411.97
14.329,184.35,4,4,41.59
8.617,175.76,19,5,29.93
81.577,69.33,8,0,85.7
29.717,102.61,19,0,50.5
221.126,159.83,2,6,127.17
443.971,29.79,5,1,215.52
5.912,0.56,22,5,10.69
27.718,139.89,8,0,53.57
126.769,40.39,20,3,96.65
372.317,2.47,8,1,391.77
15.1,101.69,2,4,41.29
102.533,191.86,10,1,82.85
30.76,72.89,22,6,37.46
12.168,156.76,15,1,31.16
25.26,84.51,21,6,33.07
332.855,47.95,6,0,244.45
351.143,35.71,8,3,302.58
87.65,42.3,23,1,56.07
31.521,104.79,10,5,43.51
23.598,166.77,7,3,44.69
481.043,41.1,19,1,594.79
15.343,10.91,0,4,22.56
25.172,15.0,14,6,26.47
0.623,88.91,8,5,16.74
9.322,41.85,1,5,24.89
34.325,176.48,0,0,35.83
273.545,26.12,6,2,146.65
299.739,149.23,16,2,241.94
19.94,118.35,17,6,71.56
236.038,59.03,10,6,163.83
1.137,82.25,21,3,24.71
23.136,197.38,22,3,43.09
13.81,44.12,19,1,50.8
25.099,194.51,0,6,33.81
16.86,162.17,18,1,62.47
6.183,19.39,5,6,13.74
22.576,186.34,7,1,49.05
304.745,121.22,10,5,144.33
25.612,25.96,14,1,30.39
318.456,169.44,10,5,195.93
22.951,150.73,13,4,40.99
245.481,199.37,22,5,158.72
39.844,6.82,10,2,53.54
27.775,65.23,15,6,42.38
29.309,129.23,10,4,37.13
437.484,15.78,1,2,200.47
23.051,168.6,8,3,45.32
1.389,142.67,8,6,23.82
176.018,193.56,14,2,168.44
11.64,85.06,10,3,31.92
19.085,66.35,2,0,41.99
27.41,74.64,17,5,46.2
4.8,188.02,14,6,35.96
261.273,160.81,23,5,180.91
327.888,138.19,7,6,291.14
12.638,75.21,13,4,44.83
14.936,189.68,16,4,41.55
20.585,154.55,2,6,30.49
37.698,136.6,8,6,74.45
189.323,114.98,22,6,130.64
304.617,61.22,0,4,192.4
35.338,159.13,4,5,44.11
22.626,128.84,15,6,40.22
23.101,185.05,14,4,36.66
22.735,171.02,14,0,41.79
17.292,190.08,1,5,48.01
115.294,167.74,4,2,59.39
37.17,3.2,11,3,33.75
15.303,130.56,23,6,37.33
26.632,171.16,14,3,37.92
14.54,90.11,14,0,56.78
11.643,123.58,1,5,35.15
18.602,64.82,11,3,47.08
14.599,146.54,22,5,36.84
228.6,48.48,10,5,142.27
13.988,43.24,0,5,33.9
25.189,139.13,4,3,32.73
307.292,54.61,5,5,197.86
16.685,84.79,19,4,44.49
7.313,180.9,19,6,38.01
38.44,120.67,12,6,63.52
6.013,98.25,13,2,24.12
27.374,116.43,0,6,29.1
24.454,69.8,19,3,47.21
19.391,9.31,16,0,48.06
37.904,96.12,7,1,58.09
31.312,124.74,3,4,42.56
94.272,138.88,18,6,102.51
4.726,31.22,14,4,23.28
6.231,161.96,7,4,22.88
38.106,196.77,21,3,47.92
27.189,144.23,11,6,38.86
20.286,77.04,15,5,33.42
32.744,146.23,14,3,44.72
8.572,15.02,5,2,20.16
167.844,168.4,20,2,130.93
16.086,111.71,14,6,40.61
11.102,118.94,5,6,28.56
10.656,157.71,12,4,40.13
15.398,124.12,12,2,43.68
9.206,133.18,1,1,29.38
3.228,119.07,8,1,25.26
234.273,87.62,3,2,129.72
36.154,132.38,0,0,38.93
9.397,175.07,7,3,50.37
22.905,18.55,14,2,28.98
7.803,20.82,22,6,17.74
60.373,168.31,0,0,52.95
3.532,159.8,17,4,23.79
0.503,15.56,16,3,6.68
64.381,183.12,10,6,80.18
19.103,12.92,17,5,32.02
2.577,178.85,23,1,21.35
463.661,125.46,1,6,255.12
35.603,172.5,15,3,49.2
212.971,63.43,11,0,146.92
388.276,77.42,8,5,236.92
10.685,21.27,16,1,26.64
22.544,157.77,12,0,40.24
202.896,98.07,17,1,217.94
448.289,52.6,23,2,239.47
392.247,149.77,15,6,228.03
2.223,65.75,3,1,22.38
35.172,189.48,14,0,50.43
20.444,59.03,0,3,25.86
36.116,44.07,11,4,44.86
401.933,78.35,23,0,182.64
31.963,86.54,2,5,42.54
29.832,176.13,0,3,31.74
4.555,125.06,15,3,32.15
317.892,31.95,5,4,178.04
405.953,22.24,5,3,195.33
8.253,190.75,14,2,30.56
198.835,116.84,8,6,210.92
29.513,106.73,17,0,60.27
9.039,19.3,0,6,13.2
57.703,14.07,12,6,61.3
36.11,185.42,19,2,62.38
36.011,150.68,13,5,56.9
464.898,149.27,12,6,293.99
212.83,97.69,4,6,117.25
37.837,4.02,19,2,60.74
8.57,191.73,20,6,33.85
450.336,150.96,1,5,293.08
39.696,193.54,7,6,78.02
2.948,140.34,10,6,26.72
432.191,125.78,1,3,217.72
11.665,176.73,1,5,34.18
10.881,3.05,15,5,17.14
42.016,188.82,1,2,47.52
25.116,185.53,10,3,43.18
19.646,4.97,5,4,35.22
12.932,36.84,11,5,41.76
13.514,50.65,2,0,28.19
396.35,2.79,11,0,307.67
20.759,71.84,2,6,36.72
41.491,51.73,1,2,34.02
32.188,30.89,13,5,38.29
36.736,53.12,7,4,47.94
8.544,9.78,1,2,14.27
12.416,162.62,3,1,35.42
32.657,113.54,13,3,54.38
17.387,135.63,6,0,49.39
211.503,84.2,3,2,113.26
12.095,140.28,20,0,43.04
27.115,9.37,6,0,27.5
358.091,105.08,7,0,322.88
110.638,3.33,0,0,54.91
467.283,85.81,9,3,524.35
29.481,121.23,13,1,44.09
129.025,11.67,17,6,144.89
4.188,159.45,18,4,26.32
206.491,104.78,12,1,204.93
426.168,80.81,16,5,259.39
37.924,77.5,0,3,36.66
36.322,97.32,1,2,35.06
213.619,100.77,0,3,116.04
24.64,157.26,19,3,56.75
10.944,145.0,19,4,33.46
23.154,188.83,8,4,42.94
15.397,138.44,23,5,49.16
234.284,84.56,23,3,143.26
259.206,136.78,7,5,187.15
36.933,128.52,10,5,36.92
35.136,105.22,15,0,54.77
85.278,126.38,14,1,72.61
426.736,133.76,12,1,353.06
268.519,108.97,14,1,186.06
227.911,27.06,16,2,152.08
1.035,23.07,14,3,15.28
28.07,102.25,10,6,37.59
13.697,157.67,12,3,55.09
114.528,196.54,13,3,116.14
9.493,32.81,22,1,26.27
323.428,160.72,17,5,171.69
20.289,84.31,18,3,46.08
15.231,53.81,17,0,61.2
306.626,82.14,15,1,177.25
3.547,164.4,13,6,31.22
31.436,113.36,2,0,35.97
312.724,64.68,10,2,169.12
16.305,130.94,15,5,48.7
41.954,129.38,5,6,35.96
37.261,39.58,15,6,33.62
32.928,180.21,18,0,64.8
437.684,162.77,2,1,191.41
38.044,81.49,5,1,44.04
12.611,134.33,10,1,42.83
13.135,38.57,15,3,27.09
23.134,70.54,22,6,32.92
14.686,127.9,17,3,59.35
445.538,32.81,16,5,286.75
34.558,79.93,8,5,48.67
250.673,55.92,20,6,174.54
28.238,69.08,14,4,40.11
175.67,171.37,15,3,135.45
460.215,96.22,23,6,234.12
35.967,131.86,2,0,44.11
7.363,101.62,18,4,30.14
20.484,192.09,15,6,43.94
23.89,0.45,20,2,23.05
145.154,135.74,11,3,87.24
171.938,183.83,8,0,170.76
72.713,146.78,18,2,95.75
30.106,131.2,8,6,60.2
21.16,14.76,3,6,21.0
26.57,15.84,8,2,41.3
63.851,11.74,0,3,55.22
16.386,26.12,21,1,42.88
132.993,85.54,14,1,113.07
29.679,8.11,16,4,22.83
26.711,32.7,20,1,37.58
22.846,21.86,16,2,33.37
20.524,72.53,22,4,33.01
48.213,83.94,11,0,56.96
289.962,148.22,15,0,199.14
72.511,129.56,18,6,120.27
444.735,123.29,13,5,404.15
4.946,4.18,0,6,14.31
32.748,104.41,14,0,43.18
144.56,179.51,1,6,77.3
20.09,179.49,19,1,44.77
354.486,141.81,15,2,266.83
258.835,38.97,2,5,158.65
287.967,26.89,21,0,215.59
26.339,53.6,3,4,37.79
304.357,194.44,20,3,203.71
369.625,28.31,15,3,249.09
145.118,127.27,16,2,125.97
26.029,23.81,0,1,30.79
259.357,115.85,8,2,263.71
374.971,137.29,0,0,158.91
0.558,16.33,5,3,6.46
429.157,167.55,12,2,370.39
19.326,194.83,2,6,39.71
109.87,48.81,19,6,120.75
12.769,97.1,0,6,33.0
252.914,167.29,0,2,143.1
0.503,98.2,16,0,17.61
213.802,70.39,1,3,156.02
24.354,44.13,14,0,27.6
353.283,88.67,13,5,312.53
1.775,186.02,12,5,27.95
34.581,102.3,0,4,37.13
248.067,112.68,16,4,148.31
287.43,86.22,5,3,123.35
45.617,155.89,1,4,43.06
47.339,162.5,6,6,57.69
374.339,17.66,10,3,252.5
123.955,58.83,12,2,118.64
94.749,48.07,2,3,44.12
343.905,74.8,18,3,311.25
94.355,130.77,19,0,110.28
52.113,180.55,19,0,104.57
30.915,136.5,17,0,58.76
35.522,199.93,22,5,46.1
33.753,119.35,0,4,53.96
73.403,192.28,9,2,104.81
218.82,20.66,14,5,170.61
22.506,6.06,23,4,20.19
45.359,124.65,15,3,55.46
55.402,11.84,2,2,46.17
14.228,111.72,13,1,42.58
38.408,122.04,18,6,63.29
74.63,114.56,2,0,75.19
492.323,88.67,15,5,305.0
27.32,84.59,5,1,36.73
31.62,18.37,16,5,36.01
16.513,55.37,3,5,33.96
15.052,195.26,5,1,33.66
151.418,92.62,5,6,98.7
84.162,40.98,11,6,69.81
17.768,110.39,15,1,37.77
13.38,104.69,9,6,42.92
27.31,31.93,12,1,39.13
247.831,153.25,5,5,177.66
215.044,104.76,11,2,163.16
78.04,81.81,14,2,86.89
332.519,89.9,0,6,181.74
259.328,67.56,12,6,199.11
19.758,47.35,14,4,43.16
154.16,36.94,18,4,77.43
31.421,44.68,21,6,36.01
25.984,158.44,12,2,35.92
15.646,187.87,4,0,35.55
11.119,196.52,18,4,33.52
3.469,135.59,12,0,27.44
3.432,190.24,21,6,22.97
15.555,194.87,16,5,34.44
88.673,11.54,13,5,70.45
38.162,151.14,5,2,40.23
22.111,109.31,18,5,37.17
20.82,152.7,12,6,44.81
7.39,191.77,22,3,29.26
26.181,196.31,21,4,39.68
426.59,34.84,22,5,231.48
399.416,44.81,2,5,247.92
361.277,9.43,18,3,334.74
28.781,52.36,3,4,42.23
18.775,119.72,22,5,32.44
24.955,88.21,12,0,43.66
31.569,3.49,5,5,29.4
22.281,174.59,17,2,46.1
5.646,90.76,12,0,25.49
4.326,8.6,2,3,17.91
111.806,108.69,0,0,71.02
22.845,177.48,2,6,33.5
34.68,47.32,12,0,40.89
25.494,56.54,1,5,33.63
448.213,70.23,7,1,344.81
5.716,194.83,1,2,24.37
207.066,15.02,23,2,107.73
18.004,11.12,18,6,50.81
132.707,113.46,21,3,99.34
15.664,132.22,16,2,37.78
0.961,159.1,9,0,20.54
28.678,86.16,7,5,38.01
30.857,180.81,11,6,42.63
173.609,172.08,9,5,104.62
7.183,19.07,11,0,16.57
1.125,118.81,15,6,22.51
219.346,180.73,15,5,124.47
337.851,132.41,21,5,206.29
17.287,175.96,20,4,48.69
6.116,0.8,17,3,19.92
15.375,59.14,8,2,52.18
92.899,181.39,14,2,77.91
482.033,10.04,20,4,276.69
19.084,194.78,13,2,59.31
38.18,122.08,18,4,42.34
10.933,86.18,9,3,51.66
17.402,33.56,11,1,43.56
126.575,148.63,14,3,103.81
15.114,135.83,3,3,40.4
22.2,110.94,17,0,49.17
455.75,5.36,17,1,373.7
38.113,27.41,1,6,30.62
212.971,92.76,11,3,147.11
66.666,136.13,20,6,83.91
6.632,93.75,0,4,26.01
21.078,125.77,3,2,29.22
37.584,134.55,23,4,42.52
38.599,172.23,18,6,54.96
499.839,8.64,10,1,345.59
26.994,45.07,1,1,24.44
16.373,28.55,22,6,31.07
1.002,97.97,3,4,23.42
37.48,55.54,13,4,65.44
18.457,86.85,6,4,48.11
230.05,84.98,10,4,138.29
16.653,32.9,15,1,40.27
323.268,114.24,1,2,171.04
465.003,53.19,21,1,248.38
23.303,101.45,12,6,39.03
37.338,162.09,20,0,43.61
30.099,88.34,23,5,36.05
3.472,199.06,6,2,29.9
105.729,24.95,3,5,58.31
18.087,51.14,17,3,61.25
468.601,158.72,13,6,435.86
4.36,79.35,17,2,34.3
26.061,177.61,8,1,44.99
258.004,147.19,3,3,162.66
161.717,13.8,21,4,111.82
16.385,143.15,17,4,39.56
413.302,91.56,13,6,358.49
3.873,90.34,4,6,29.96
9.554,155.27,20,4,30.77
224.847,98.07,8,4,170.14
35.173,185.18,15,5,49.14
399.237,20.74,2,2,180.16
37.335,17.77,12,3,47.31
3.37,145.22,16,3,27.16
36.577,137.17,16,4,44.22
16.989,107.45,5,4,44.09
25.551,44.74,1,6,31.55
18.198,191.0,3,2,41.5
29.3,48.67,5,0,36.22
34.463,17.19,13,6,45.47
218.849,110.55,2,5,162.87
28.298,15.58,4,4,26.75
57.088,112.41,13,1,89.14
8.956,89.79,20,4,34.64
38.77,5.16,13,6,49.52
364.713,81.59,18,6,352.79
10.415,43.94,13,3,29.68
423.084,83.36,2,6,182.47
206.608,27.71,19,2,202.21
27.405,160.95,22,1,39.26
495.159,7.6,4,2,217.15
268.405,12.54,3,3,126.75
460.044,151.83,23,0,205.36
310.986,0.61,16,6,172.46
35.731,109.83,0,4,50.57
16.822,170.66,19,6,52.27
25.173,41.4,2,1,25.75
15.002,58.26,11,0,47.73
15.432,126.96,17,0,57.3
387.059,156.86,12,0,288.51
425.53,23.25,18,3,476.42
5.099,175.73,21,6,29.49
115.681,58.45,11,3,91.57
8.91,151.85,12,6,36.04
1.16,111.36,8,6,19.96
21.233,31.56,20,2,25.3
31.365,187.47,21,0,49.13
4.765,127.92,6,3,31.22
219.557,181.57,7,6,211.93
451.169,41.74,0,4,276.23
8.293,198.73,22,2,28.44
2.116,37.19,12,3,19.25
8.785,83.88,14,6,37.73
210.333,192.99,1,2,153.58
410.09,131.32,20,1,250.92
216.194,43.7,2,4,128.32
33.581,61.22,8,5,45.87
167.802,59.7,17,5,105.43
27.166,77.44,8,6,53.2
219.79,174.34,16,6,182.75
27.862,64.78,1,5,43.09
403.379,52.16,8,1,390.01
16.773,12.28,10,2,40.19
2.665,63.59,2,6,26.94
7.149,111.81,0,1,28.59
350.944,3.82,20,5,222.47
8.06,130.84,19,1,32.29
38.752,90.42,19,3,62.24
260.433,96.53,16,3,196.64
282.659,14.09,7,6,274.34
105.51,159.89,4,2,64.9
10.488,79.36,8,4,29.4
154.284,51.42,18,5,102.03
7.23,181.02,20,0,27.91
115.219,1.93,0,6,44.72
15.72,5.27,20,2,38.63
443.215,37.71,10,1,259.58
466.812,127.49,10,4,261.29
339.761,34.99,14,6,273.92
409.991,45.32,10,3,281.86
13.159,78.81,12,0,48.63
23.224,166.29,22,6,32.88
25.634,187.58,15,1,38.21
10.597,199.83,11,5,39.86
141.375,151.89,8,5,93.3
27.157,15.32,19,6,36.32
352.638,165.49,6,2,231.14
28.746,163.72,4,6,33.67
275.144,167.15,7,6,258.91
13.657,14.69,23,6,22.13
48.49,139.79,17,1,66.68
393.668,83.59,11,0,260.54
37.898,144.43,18,3,64.98
146.736,63.19,8,3,177.81
291.643,137.62,8,5,236.81
386.927,21.58,11,0,248.02
1.565,7.69,8,5,11.16
113.167,77.73,0,2,63.02
416.72,177.63,9,4,286.21
291.328,44.01,7,4,205.53
38.858,100.97,11,6,56.59
283.5,171.09,21,6,201.13
8.344,136.46,2,4,27.39
434.315,136.11,9,3,450.04
17.072,133.9,21,5,42.66
245.854,187.86,20,4,179.01
345.684,7.01,10,5,176.32
459.157,177.35,9,1,484.71
127.466,33.63,4,2,66.4
27.442,47.18,3,4,34.67
2.788,39.25,12,3,22.5
16.094,161.11,8,1,55.09
19.595,198.2,15,5,45.12
5.84,140.23,0,4,32.15
74.608,77.31,20,6,71.17
470.052,11.98,15,2,340.99
292.926,4.94,9,1,268.35
8.884,170.28,9,3,36.93
68.201,90.9,20,1,79.07
73.304,24.54,3,0,56.07
474.25,106.66,1,5,282.57
15.933,93.04,21,3,41.71
9.398,146.33,12,5,34.95
463.82,153.67,19,0,366.16
140.024,164.94,15,4,96.62
30.951,107.66,9,2,60.25
1.529,92.66,1,0,24.4
10.845,69.51,22,6,36.34
13.989,20.91,4,6,23.86
273.2,18.04,5,3,106.57
384.394,51.72,20,5,267.37
27.938,21.55,11,4,53.15
398.268,184.53,4,0,237.02
0.531,106.21,3,6,17.44
3.867,30.53,13,3,24.6
30.711,187.21,17,3,56.14
35.512,70.05,19,6,61.32
174.237,37.23,5,2,105.42
19.554,150.7,21,6,43.66
9.37,32.3,21,5,31.53
24.794,142.53,1,5,36.78
393.112,124.23,12,5,322.22
109.436,143.57,13,0,101.27
364.368,137.37,20,6,269.14
494.512,163.28,21,6,370.64
13.176,139.15,13,3,65.05
14.379,16.86,16,1,33.42
10.362,87.08,1,5,27.89
170.812,29.08,22,2,86.19
21.703,149.06,7,0,39.88
9.832,60.44,15,0,31.54
87.954,134.44,17,5,63.58
19.333,41.23,3,6,28.21
477.457,112.12,14,3,336.85
381.451,52.32,14,3,268.5
33.87,80.28,10,6,43.94
27.663,28.8,17,2,50.06
190.462,125.16,11,6,120.09
12.84,91.98,9,0,52.43
2.335,107.2,7,1,28.8
206.662,57.46,17,4,145.97
411.186,61.91,15,3,262.69
306.202,21.93,20,0,217.33
26.588,177.37,20,1,42.35
22.622,179.04,0,5,32.82
490.637,139.49,10,3,345.48
27.405,56.43,15,4,38.84
8.096,158.69,17,4,30.74
24.9,77.87,17,5,35.32
10.447,25.44,13,5,32.21
15.701,84.01,13,0,43.62
26.931,24.11,16,6,34.77
21.754,109.28,12,6,36.83
429.626,31.0,6,0,296.57
7.217,33.34,22,4,23.68
11.13,69.74,22,0,30.95
248.998,26.9,21,1,162.78
111.155,111.77,6,2,98.04
23.514,179.14,17,3,50.96
64.388,28.25,23,1,43.63
450.425,129.93,8,3,445.92
17.67,132.56,0,2,44.78
16.671,54.45,18,4,46.84
418.96,121.98,2,3,202.6
36.699,123.07,23,5,44.29
32.479,112.53,19,0,56.44
164.407,51.57,1,4,97.34
486.273,69.38,17,6,674.83
26.649,71.16,0,0,36.68
342.494,198.87,14,2,238.89
389.317,174.66,13,4,416.34
375.303,0.39,10,5,187.61
174.963,129.14,21,2,125.7
198.679,114.47,1,3,95.09
37.581,161.78,15,5,37.3
11.909,77.33,1,5,31.69
434.981,134.9,1,5,249.7
25.288,135.0,16,0,35.36
31.349,112.78,11,3,49.27
396.331,150.21,16,6,258.14
16.838,64.82,12,4,49.43
39.438,100.24,16,1,49.48
7.442,70.53,12,5,33.01
20.634,27.33,8,5,28.6
183.229,7.14,21,5,119.45
36.426,129.79,2,4,41.41
341.279,69.72,18,2,376.83
153.229,186.22,4,2,106.54
21.032,172.16,22,5,34.16
129.091,10.42,8,4,69.04
10.703,136.92,18,6,49.77
180.653,96.04,22,4,125.39
36.939,133.09,14,3,61.79
12.07,16.35,19,3,30.22
334.489,5.64,10,1,167.53
28.028,98.07,1,1,41.28
287.366,193.71,14,3,211.16
7.238,103.22,7,0,41.02
200.335,183.76,3,1,122.51
28.814,40.44,11,5,35.4
4.514,76.7,5,6,27.46
31.441,119.43,16,6,45.7
36.16,6.76,16,5,39.18
262.914,46.56,9,2,297.11
212.666,192.03,7,5,179.48
312.512,109.5,15,0,188.39
25.773,145.53,11,6,32.56
464.575,73.23,8,5,282.72
105.187,144.51,7,2,126.98
35.717,185.53,11,6,53.89
321.892,0.95,11,5,210.92
115.96,53.66,16,3,117.03
13.712,190.01,12,1,36.14
296.01,176.6,19,4,169.76
369.623,97.72,6,6,220.45
38.957,193.89,12,5,54.39
52.064,91.05,10,0,69.83
277.279,153.09,20,5,172.55
384.414,142.54,5,1,208.26
16.272,138.07,18,0,51.15
153.275,151.78,10,4,122.81
491.741,29.48,1,6,256.81
34.322,194.37,3,2,46.57
177.055,29.21,23,4,112.21
46.935,19.39,4,3,37.16
161.788,47.24,1,5,105.53
317.916,194.64,3,5,193.46
29.592,103.94,13,5,43.74
314.197,90.92,18,2,269.5
0.511,93.04,19,0,20.11
5.318,193.93,13,3,24.14
460.509,39.64,5,4,258.92
18.468,108.82,23,1,37.07
17.571,118.84,5,1,42.32
20.254,185.57,5,5,42.91
19.671,5.58,18,6,66.04
11.477,14.97,9,2,31.98
15.102,88.61,0,4,36.16
200.288,55.98,5,5,103.47
168.034,70.55,6,6,142.94
245.519,128.82,18,2,221.39
49.951,48.54,1,4,43.99
39.656,69.14,15,1,60.26
19.541,111.96,2,4,48.71
28.904,150.67,5,5,40.44
26.03,173.9,1,4,35.27
470.179,0.24,5,2,199.13
347.276,52.91,20,0,230.78
121.852,60.73,2,1,68.23
52.038,129.51,18,6,75.52
17.26,53.4,9,6,66.77
17.492,54.2,23,5,51.14
359.925,181.15,6,3,265.88
31.898,8.7,2,2,26.31
379.092,48.23,2,5,190.02
394.813,55.2,14,2,293.62
6.951,82.77,7,0,29.48
29.514,146.37,23,0,38.95
24.437,59.53,4,0,37.83
1.28,55.97,18,0,26.82
3.32,168.01,9,4,27.93
28.661,82.91,1,2,34.9
74.518,160.16,11,6,81.33
22.211,7.88,13,0,26.72
9.504,187.45,10,3,33.54
18.584,10.44,4,0,30.51
36.335,86.94,23,3,41.41
161.093,7.25,3,5,97.75
37.908,69.62,3,6,45.28
6.252,87.8,10,5,29.98
1.29,103.56,23,6,19.97
30.747,46.12,7,3,53.37
31.395,166.65,18,0,51.13
32.548,122.27,16,0,52.09
102.43,140.19,20,1,83.68
194.298,118.27,8,4,131.7
16.504,52.19,5,3,45.1
16.052,87.53,8,4,45.69
102.408,175.61,4,6,61.76
24.892,46.79,12,3,28.61
2.625,121.97,7,5,28.2
29.825,19.51,11,3,27.21
28.564,128.62,0,0,37.79
189.68,23.52,4,3,92.87
23.664,155.2,2,6,22.8
1.565,113.64,21,5,18.6
21.381,45.78,6,1,31.12
15.946,80.94,15,3,50.61
33.343,9.83,19,0,44.95
2.394,141.97,16,6,35.11
3.574,114.83,9,6,28.69
2.403,2.67,5,4,10.67
30.612,101.0,23,2,36.63
24.592,47.48,2,3,30.39
17.836,74.33,22,5,44.74
34.897,147.59,3,2,45.3
64.121,107.72,17,3,93.56
20.08,111.09,14,6,45.63
3.463,63.16,8,5,22.95
5.897,0.31,3,1,12.34
34.322,23.22,7,5,39.82
158.258,19.46,12,0,115.9
31.975,22.84,12,3,51.22
11.002,119.88,8,1,45.8
38.365,28.35,22,1,33.34
4.634,68.16,20,6,35.66
12.44,159.06,11,5,40.48
13.024,108.23,12,2,47.39
11.34,38.12,19,0,34.64
16.719,157.0,9,2,65.27
213.762,128.86,1,4,103.66
31.228,93.62,9,3,56.88
47.377,31.77,18,1,76.96
8.505,79.96,21,0,40.15
16.428,1.01,16,4,29.42
441.904,101.18,19,3,409.58
5.666,115.37,17,6,31.99
178.25,58.99,10,0,142.2
10.524,196.02,12,4,47.1
21.477,199.29,4,4,39.9
438.262,68.98,6,0,321.68
324.266,159.21,22,4,205.12
333.147,45.26,7,2,283.49
39.675,148.8,11,2,42.31
19.912,181.24,9,1,59.46
21.291,26.66,6,4,30.17
18.135,66.66,0,0,35.83
36.358,127.44,12,5,64.07
7.64,50.72,8,0,40.25
9.344,123.2,13,3,36.32
28.128,130.55,13,2,37.88
353.347,148.94,15,1,259.15
10.569,17.29,12,2,30.96
111.339,82.52,16,6,82.2
245.21,49.96,17,3,217.72
12.258,199.49,3,2,34.86
26.076,32.76,11,6,34.78
9.299,133.56,15,2,33.37
31.274,116.87,16,6,47.74
14.642,47.45,21,2,35.35
10.653,52.07,12,2,35.74
392.906,170.84,0,0,197.37
18.128,54.58,7,4,37.42
247.342,170.27,11,6,155.66
33.007,124.01,21,3,38.32
33.966,160.64,1,1,42.45
17.26,105.08,22,5,40.96
61.51,142.46,12,1,82.05
18.881,22.38,14,4,44.58
35.625,24.61,12,1,48.81
372.348,39.58,9,0,390.22
33.817,79.62,13,6,44.84
290.949,144.62,20,5,175.35
74.958,27.81,9,3,104.07
467.061,84.78,1,5,302.86
278.654,114.2,14,4,203.99
314.922,11.13,0,6,166.6
150.021,68.29,4,2,101.99
39.679,171.51,2,4,47.96
24.345,0.48,0,3,17.35
4.339,169.57,9,2,33.23
14.277,197.55,7,2,61.21
55.21,32.18,9,5,51.96
23.383,133.74,11,6,39.48
40.857,85.78,21,5,50.83
10.997,184.56,10,2,43.03
277.184,160.72,7,3,223.33
492.166,62.45,9,4,290.01
16.794,89.75,6,4,46.37
166.387,173.52,18,2,212.79
18.152,191.41,20,6,46.17
289.088,33.98,18,4,171.52
20.708,144.69,19,4,41.03
461.711,21.06,0,6,200.99
17.32,86.97,1,5,33.64
12.759,193.39,0,0,34.84
32.252,153.78,3,6,41.96
36.671,98.77,6,1,55.18
25.439,131.16,19,1,51.7
89.571,75.85,19,6,98.89
185.817,139.9,4,0,108.92
25.562,157.26,0,4,37.04
3.744,178.78,21,1,29.62
24.534,72.85,6,5,41.23
37.864,74.39,10,1,55.42
7.573,154.24,13,5,33.87
38.666,164.05,17,0,59.55
16.766,110.32,22,2,35.03
11.671,168.69,20,3,41.45
36.511,113.19,11,1,43.69
414.589,80.14,14,5,278.02
39.3,182.78,10,5,50.4
318.809,28.97,0,0,138.24
6.146,154.76,17,6,31.37
8.073,4.84,14,3,17.39
403.451,81.96,20,5,227.97
75.715,37.85,0,5,68.87
13.117,148.75,17,0,56.72
11.408,163.97,9,5,37.28
353.729,133.12,16,0,265.27
361.87,77.1,10,6,246.26
345.055,143.33,22,6,197.2
344.216,24.32,4,4,229.45
35.45,61.65,7,1,68.76
27.232,162.69,4,0,32.94
20.892,183.38,20,0,39.14
18.463,165.14,10,2,52.28
9.245,145.42,6,3,29.24
20.46,150.02,8,5,41.44
39.834,146.1,20,0,50.49
114.433,128.25,13,4,87.59
3.888,140.06,15,1,32.42
36.696,182.66,23,3,43.2
78.675,67.98,2,4,76.6
25.263,28.2,3,3,28.2
260.591,128.66,5,4,169.74
494.933,76.85,3,5,309.75
13.756,98.18,3,1,36.1
9.138,176.75,8,6,43.29
11.627,60.54,9,1,43.79
34.013,67.23,19,1,66.65
26.593,85.54,23,2,33.48
470.807,139.2,11,3,308.92
8.862,3.18,14,5,14.51
127.4,112.99,16,0,97.68
170.032,62.9,21,6,135.96
262.449,162.17,0,5,174.76
373.489,47.17,22,1,199.92
476.997,86.33,12,5,373.79
459.159,82.72,15,0,301.27
404.231,23.63,15,4,187.53
267.571,64.46,11,4,217.61
179.075,159.42,17,5,135.55
245.151,162.51,14,5,142.69
328.453,13.59,15,4,180.22
19.75,52.16,16,4,45.78
17.397,10.53,9,4,34.11
21.773,15.3,2,4,24.53
23.731,87.69,16,5,43.11
39.513,128.48,20,0,58.85
11.754,163.91,10,2,38.81
314.699,127.39,0,5,224.63
330.22,74.72,6,0,176.04
160.607,30.36,5,2,72.88
5.524,10.55,11,2,12.9
88.119,93.88,20,4,60.83
384.473,43.28,9,1,376.89
2.526,14.66,13,2,13.05
33.231,137.35,23,2,40.48
9.659,34.13,1,0,26.4
495.391,39.11,5,0,209.37
35.797,77.71,20,0,44.12
98.239,79.44,18,2,126.11
35.602,34.21,17,4,40.32
37.851,19.41,11,0,39.27
257.477,158.56,18,3,311.86
164.422,35.71,1,3,89.32
60.815,91.14,5,1,69.61
300.549,146.8,15,2,214.59
15.979,177.35,20,3,52.23
5.164,12.84,6,0,14.23
8.711,44.58,5,1,20.01
26.293,125.87,8,2,56.8
11.51,22.02,22,1,26.08
10.281,131.77,18,3,54.06
75.604,77.17,23,6,84.12
344.518,129.73,11,2,260.29
131.268,93.04,1,1,80.96
31.251,166.42,7,3,56.51
394.946,196.43,12,0,350.94
36.501,64.11,12,5,58.13
3.316,23.16,15,4,21.12
307.591,81.14,9,1,295.54
14.252,109.3,2,4,42.62
27.346,32.44,21,2,35.17
279.413,172.54,7,3,289.29
8.44,162.75,6,3,36.78
25.563,36.58,12,3,35.45
16.975,47.79,0,0,36.24
8.468,81.89,0,2,28.97
3.936,28.49,3,1,21.14
22.965,115.8,20,1,35.07
6.733,164.66,23,1,25.22
376.243,174.44,16,1,287.31
39.689,165.82,19,4,62.5
20.297,117.95,16,6,35.28
16.064,35.48,4,2,26.26
24.291,27.3,15,1,30.23
32.118,199.33,7,1,62.58
126.295,174.76,18,3,121.92
399.427,84.47,17,3,521.73
444.223,45.03,18,3,542.04
6.383,115.03,12,5,27.53
275.537,42.52,4,5,190.21
38.948,65.99,11,6,56.7
26.744,101.77,2,3,36.74
386.028,15.14,19,3,323.38
7.759,39.54,8,2,30.17
26.832,147.62,6,5,33.52
111.453,39.59,15,3,83.15
352.674,26.32,20,0,242.37
20.772,133.66,21,4,36.55
7.478,185.63,17,1,36.72
7.148,20.31,9,2,31.72
492.964,141.82,7,0,571.45
484.479,178.78,12,1,324.42
10.789,198.21,7,5,32.72
19.648,82.09,18,1,54.91
455.075,51.02,17,5,324.36
5.181,111.38,18,5,25.39
209.808,58.74,19,1,227.88
4.443,43.48,16,3,24.42
17.459,2.27,8,1,58.52
359.394,47.46,15,0,234.13
483.1,160.94,5,0,264.56
0.516,137.52,19,6,23.17
22.407,34.02,6,0,31.35
293.899,177.08,14,2,239.47
31.276,23.49,4,5,38.7
190.054,0.34,12,6,129.97
62.477,120.64,14,1,70.79
32.832,126.49,18,2,65.69
16.643,146.28,6,4,39.29
7.998,188.12,4,4,33.2
14.678,139.89,21,2,36.66
254.423,49.52,11,4,196.52
494.595,45.39,22,3,265.93
18.728,23.26,13,2,45.37
11.139,73.92,1,3,27.51
99.095,52.81,13,1,80.28
27.932,55.42,14,4,44.06
79.169,179.43,22,0,69.01
306.705,92.58,12,1,284.35
10.837,61.92,11,1,29.77
15.043,184.19,13,3,44.42
403.103,131.81,14,4,215.4
26.396,153.33,3,4,29.2
145.094,190.13,13,0,117.97
22.762,27.92,18,1,33.55
42.011,117.07,11,0,57.86
121.183,114.48,22,2,73.23
27.922,5.68,19,3,41.48
33.075,46.45,6,6,42.01
35.719,176.87,13,2,57.96
5.946,17.93,1,0,14.3
344.281,147.89,18,0,404.24
483.988,136.6,23,5,243.7
470.233,141.76,1,6,210.12
85.941,170.14,5,0,57.43
301.729,192.32,2,4,155.24
419.062,108.85,1,1,185.74
16.265,115.48,15,0,44.71
150.295,71.61,9,2,154.6
200.393,181.99,14,5,127.76
1.158,31.45,16,5,11.38
25.53,124.65,8,2,49.11
19.431,104.29,12,4,54.69
472.539,166.38,0,3,230.2
39.462,164.03,9,4,49.15
15.953,123.19,22,1,39.9
0.564,184.57,20,5,19.02
12.749,154.78,17,6,50.13
418.869,109.92,14,0,334.06
247.95,65.71,19,0,257.38
23.18,5.31,6,1,24.52
19.728,101.69,2,0,38.69
246.103,198.71,3,1,138.49
24.486,154.05,20,5,42.23
17.758,106.55,19,1,68.94
34.205,42.9,11,4,36.72
14.343,32.01,18,1,48.0
35.899,113.41,9,0,64.1
18.348,111.17,22,6,45.75
202.791,85.74,9,3,209.76
187.916,112.19,11,6,161.49
36.974,172.87,2,0,48.29
20.372,0.66,5,3,21.43
33.999,109.14,9,5,46.13
416.696,36.79,11,0,231.61
0.502,159.75,20,1,17.62
143.138,2.6,18,6,137.98
39.495,168.4,15,3,57.01
34.193,126.05,10,5,48.17
30.275,112.11,7,5,43.09
26.6,114.14,20,6,42.08
14.224,188.8,20,5,34.28
5.625,1.5,22,0,9.84
250.456,153.25,3,0,137.82
28.861,185.87,1,2,38.68
30.201,127.06,3,4,52.14
19.885,155.33,6,2,51.06
117.294,3.39,9,1,135.72
37.086,81.47,8,4,52.01
1.876,74.72,3,2,18.0
18.902,0.55,14,6,42.9
34.376,80.44,21,3,47.14
31.633,111.36,12,6,51.04
14.897,193.88,15,3,46.39
33.633,22.17,11,3,32.97
35.513,170.2,20,1,41.06
5.931,184.59,8,2,27.95
38.084,93.92,22,2,47.74
19.328,113.46,16,5,40.01
378.317,178.13,16,3,205.6
353.153,24.09,7,1,307.17
135.893,18.84,7,1,132.59
106.494,100.69,19,3,114.09
337.105,168.35,23,0,214.71
35.228,61.12,16,2,51.95
19.887,155.28,17,0,74.49
487.299,133.76,10,4,288.23
275.157,32.9,8,6,272.45
142.649,125.4,3,1,75.02
39.485,181.51,10,5,46.39
10.214,69.55,3,1,26.69
35.204,171.35,19,5,42.83
38.146,1.84,1,3,31.39
163.201,91.47,21,3,124.17
23.214,23.34,22,1,23.24
9.973,51.33,19,3,49.89
32.884,16.62,16,2,32.17
26.91,144.32,8,5,37.05
172.868,50.22,9,1,155.84
10.657,0.48,8,6,28.1
263.096,103.41,9,5,183.38
20.677,133.3,12,2,37.98
39.257,95.18,17,2,64.0
17.756,121.91,15,2,38.99
31.199,88.32,3,2,35.95
13.035,152.53,0,5,38.38
7.627,194.93,14,1,30.93
9.053,95.55,21,0,31.22
295.545,97.96,14,1,231.25
13.988,105.94,20,3,44.55
9.441,189.5,16,4,35.63
374.54,111.4,11,6,294.34
36.521,159.82,19,4,46.97
297.732,57.13,20,0,179.16
196.125,162.17,6,1,143.78
244.613,125.13,8,0,257.82
8.241,125.37,1,6,34.52
251.391,22.41,6,1,157.64
38.449,61.23,15,4,45.46
35.876,16.8,5,2,28.29
6.286,170.3,18,4,27.66
11.599,130.33,11,1,33.85
36.288,42.18,2,6,32.76
16.525,170.91,1,0,33.06
17.784,11.91,21,6,37.56
209.23,5.0,1,0,106.51
31.26,197.17,20,1,51.15
405.317,149.04,17,2,330.8
89.291,118.49,2,4,83.14
5.797,165.09,2,1,24.1
64.25,76.19,7,3,88.45
296.217,186.54,21,2,220.75
194.866,163.39,22,5,152.15
4.144,74.18,19,6,44.03
112.936,186.27,14,1,91.44
382.864,25.22,13,5,274.33
497.718,67.13,5,6,276.67
24.096,85.41,4,2,29.72
473.632,131.03,12,0,377.15
326.289,182.52,7,0,328.12
317.372,37.11,2,0,149.83
32.565,51.09,2,2,37.11
363.724,83.24,17,0,338.79
209.845,70.52,16,5,118.51
24.711,114.93,22,3,35.53
23.446,196.7,23,6,31.45
23.615,99.0,21,4,38.35
34.543,174.81,15,1,49.33
16.46,87.87,21,6,43.56
38.19,120.53,7,5,35.93
323.778,30.95,10,1,243.91
6.302,159.38,11,6,27.32
18.37,73.31,5,0,32.27
49.261,57.77,13,2,68.16
172.928,131.59,6,3,134.53
28.941,30.82,23,6,33.93
33.383,176.94,7,5,42.98
33.423,118.25,17,3,65.76
23.059,28.72,11,4,37.51
1.141,80.0,19,5,15.87
9.009,74.14,21,5,31.29
15.428,0.75,10,6,31.1
6.412,28.18,23,0,22.09
474.2,8.46,3,6,234.54
3.192,75.82,6,6,26.33
18.796,123.24,15,6,54.22
472.463,198.47,7,6,445.44
15.555,154.62,18,2,57.8
49.09,156.57,10,2,59.84
1.923,31.49,8,5,17.67
423.562,52.75,16,0,255.81
191.195,196.58,5,2,105.48
9.472,131.93,20,2,39.88
482.378,30.81,4,0,246.78
21.198,89.98,23,6,29.44
20.656,97.89,0,3,27.04
1.736,115.76,12,3,25.35
15.445,126.59,22,4,38.11
59.119,158.42,15,0,63.02
10.653,166.11,10,5,29.43
94.297,137.6,20,3,79.81
23.49,127.16,5,4,35.75
393.055,85.31,10,2,239.93
12.552,118.85,9,3,51.61
1.603,128.68,9,1,29.54
175.187,179.83,6,4,110.71
193.134,49.01,11,3,151.55
280.974,192.66,13,6,212.07
487.669,195.56,22,4,250.14
333.862,14.74,19,0,374.88
92.992,15.89,23,6,51.95
14.469,121.95,5,4,42.82
31.143,75.34,19,3,48.41
29.823,150.67,4,0,33.61
1.702,115.69,8,2,24.09
30.126,135.5,10,3,39.36
282.026,76.59,6,1,178.36
25.833,17.63,7,0,30.56
258.84,15.77,3,2,116.6
101.653,44.23,12,5,87.3
8.47,181.04,16,6,32.73
357.642,145.28,10,2,207.15
174.696,175.44,4,6,103.9
12.555,163.39,14,4,36.47
12.156,145.64,8,1,47.12
16.278,21.99,15,3,33.43
14.183,140.72,17,3,52.12
34.059,43.07,18,2,64.69
98.811,69.35,11,1,81.32
224.143,41.31,15,5,129.71
265.168,6.49,7,0,238.89
9.886,41.33,17,1,40.72
17.435,61.87,7,4,40.12
146.251,190.19,19,1,145.25
400.391,55.79,5,2,195.46
401.583,39.9,6,6,242.88
233.521,106.75,23,5,134.44
13.555,62.97,12,5,37.43
56.62,76.83,19,4,72.34
184.315,171.07,12,4,141.57
4.424,181.06,2,2,30.59
1.625,77.43,4,0,23.6
228.058,34.04,21,2,132.83
26.537,85.57,11,3,34.93
277.158,87.61,20,5,183.46
36.988,39.85,0,3,36.8
255.684,58.27,20,2,141.2
439.196,100.34,3,3,253.18
364.664,39.45,10,3,260.56
35.053,90.7,1,1,35.05
37.486,115.16,21,2,54.29
37.969,84.23,19,3,81.62
11.21,21.55,22,2,28.09
159.598,113.8,16,2,113.78
3.157,132.05,4,0,22.54
35.552,24.44,6,5,36.49
32.368,111.85,3,4,42.05
0.608,169.55,2,3,21.51
28.655,136.77,10,5,40.69
193.544,137.26,19,1,222.15
30.104,97.55,15,1,38.81
454.401,113.91,3,1,199.75
400.373,68.99,19,1,374.03
20.988,25.6,13,6,27.12
19.018,153.48,8,4,47.84
493.975,39.12,3,1,185.16
23.914,169.13,16,3,43.16
12.954,141.8,17,1,56.62
7.487,151.65,10,2,35.53
2.079,155.82,1,1,19.81
28.333,83.22,22,3,34.97
19.87,53.37,15,3,53.79
27.995,180.33,20,1,36.21
18.62,179.47,19,5,46.65
6.701,142.64,1,3,29.55
147.224,195.79,14,6,138.4
354.502,50.46,18,3,389.17
39.457,11.09,0,1,29.22
124.261,147.23,3,3,73.6
64.37,16.04,0,3,40.64
11.038,101.8,16,3,39.45
39.528,70.0,16,5,44.6
4.409,174.77,2,3,27.35
34.767,10.93,12,4,38.45
1.32,172.07,23,6,16.16
20.911,79.6,16,6,38.86
9.545,188.42,10,0,36.53
160.302,19.42,5,0,93.57
7.522,112.61,19,2,40.6
302.069,172.59,2,0,165.16
259.813,60.27,10,1,170.45
27.943,113.6,13,3,48.29
225.852,13.74,8,5,143.05
26.773,102.47,6,5,35.67
152.712,185.96,5,6,73.47
36.944,62.43,0,6,45.97
35.436,159.66,23,1,43.64
2.973,176.9,14,0,28.01
19.473,176.49,19,6,63.2
6.074,189.3,19,1,35.65
77.217,68.2,2,3,68.86
22.914,47.27,7,1,44.9
326.266,84.01,20,5,205.35
11.416,96.9,13,2,39.72
464.617,42.91,16,2,263.27
253.03,35.67,18,4,159.42
28.992,95.71,21,6,33.12
26.044,115.53,13,6,34.2
8.24,139.91,0,1,31.38
39.51,193.41,13,2,49.33
25.999,164.76,9,4,30.47
361.437,1.64,23,4,203.71
135.228,73.47,23,6,86.52
28.354,179.41,10,1,43.41
91.347,25.88,5,2,48.61
17.152,61.25,7,5,37.15
29.695,128.9,7,0,69.73
7.504,161.61,8,3,41.81
19.511,14.15,1,1,37.73
30.437,54.64,20,3,39.2
34.998,156.31,20,1,46.3
29.116,105.44,13,4,42.12
20.753,191.92,6,4,31.83
214.291,36.19,4,1,104.25
260.764,194.99,7,5,140.68
15.388,103.33,19,3,60.09
323.728,70.24,17,3,405.52
239.603,106.97,1,3,139.15
18.004,142.43,22,4,38.35
205.086,115.29,8,3,227.94
19.693,8.68,13,1,36.4
151.142,56.0,17,5,91.58
322.491,164.78,12,0,271.06
14.891,94.56,8,3,52.43
28.135,64.63,0,3,40.83
273.736,142.44,11,4,195.48
17.631,137.38,22,4,44.85
494.905,138.05,10,0,314.6
24.491,75.0,7,6,44.01
12.1,113.11,3,5,40.66
6.848,139.56,9,6,28.66
469.788,47.46,1,0,219.43
427.491,161.01,19,3,441.09
21.732,7.84,10,0,23.03
17.676,178.19,2,1,35.5
65.145,80.57,19,5,84.08
23.624,132.37,4,6,33.69
8.879,25.52,9,5,22.49
303.033,74.79,2,3,153.8
22.289,63.43,18,2,39.27
15.089,13.13,13,6,27.16
411.601,103.83,15,2,365.77
355.944,115.62,19,1,335.28
17.912,199.84,16,4,48.25
43.425,128.39,17,2,83.21
15.641,10.53,6,5,36.23
29.9,105.71,13,2,50.67
165.276,3.19,7,4,94.22
456.057,128.33,1,5,250.56
1.959,79.88,4,1,26.1
26.125,61.82,20,3,37.52
35.638,156.03,23,1,33.38
429.362,166.01,0,2,241.07
360.267,85.7,15,4,161.94
37.106,61.75,8,1,65.27
8.032,173.93,2,5,35.58
5.428,27.7,13,6,22.28
126.154,135.15,7,1,148.06
27.113,46.99,14,1,35.17
34.323,49.94,19,4,43.15
405.846,41.54,12,1,331.49
25.506,160.64,13,2,42.36
480.881,184.04,1,0,270.61
463.543,139.94,6,4,342.89
163.997,136.95,22,5,91.92
2.448,96.23,19,5,27.17
21.025,161.41,11,5,41.51
12.151,85.59,2,4,31.86
462.607,83.06,4,3,239.26
184.303,66.57,20,5,118.97
202.01,119.95,5,5,141.0
35.816,112.25,13,1,58.26
26.101,19.43,12,1,26.86
37.649,131.88,6,1,64.15
4.99,21.94,14,0,33.56
18.522,166.1,6,3,59.25
15.52,122.07,13,4,47.53
37.907,197.83,8,5,46.78
1.097,89.54,14,2,25.97
25.324,20.96,15,2,33.43
35.979,148.18,8,1,55.99
13.683,15.68,21,1,30.64
0.74,192.56,2,5,21.03
24.47,23.55,9,2,42.35
14.697,122.64,8,3,50.2
3.525,176.23,7,1,39.04
3.332,98.33,2,0,25.64
4.534,191.42,11,0,32.18
31.105,108.57,6,3,41.61
17.34,15.67,16,0,35.36
21.414,171.53,22,1,24.94
1.743,185.62,9,5,20.79
0.602,71.59,23,0,21.63
260.528,42.28,0,1,158.45
7.07,156.46,7,6,34.12
107.225,129.83,1,2,64.97
30.426,131.41,11,2,49.63
436.159,192.28,18,3,481.48
24.776,86.93,4,3,33.66
22.686,141.35,5,3,29.94
34.172,58.26,2,4,43.4
12.764,9.97,20,6,30.5
5.523,150.52,18,5,23.18
18.769,182.65,6,4,39.32
6.647,12.85,15,2,17.82
250.873,79.69,10,0,190.79
17.708,107.26,13,3,48.24
29.54,15.75,4,5,29.99
8.804,155.43,8,1,39.58
194.466,135.21,10,6,127.54
21.053,40.12,22,1,21.64
34.356,187.65,22,1,37.99
171.803,76.02,0,6,107.53
28.659,196.49,23,2,34.61
2.334,182.01,1,6,23.6
6.025,116.47,11,0,28.47
14.526,51.95,8,1,46.24
29.881,149.33,3,2,36.02
33.472,78.61,17,6,66.39
481.604,135.83,20,2,267.72
364.881,78.71,10,2,230.32
28.832,164.51,18,5,41.82
7.452,140.67,3,2,28.16
297.226,93.91,20,6,228.58
39.504,116.7,0,4,45.0
76.018,144.88,0,3,72.56
139.969,104.97,3,4,87.45
22.697,163.63,21,3,32.67
56.614,57.89,11,2,66.5
456.775,179.74,14,1,391.8
318.087,81.74,13,4,271.89
423.332,53.79,2,0,223.1
387.082,61.01,19,2,324.72
14.865,158.11,23,1,39.87
2.674,132.27,4,3,24.72
495.257,152.69,17,3,528.37
6.864,20.06,18,2,22.39
34.858,186.63,13,0,56.88
2.258,54.58,20,4,21.1
93.1,24.91,9,5,63.5
10.064,53.32,20,2,36.29
400.455,51.01,5,1,175.94
380.309,35.74,10,1,224.08
10.513,107.42,2,3,27.18
418.362,161.05,12,4,270.54
475.654,86.56,5,0,246.89
216.72,24.67,8,1,219.42
6.875,121.64,14,4,26.01
355.693,124.59,2,3,200.58
26.993,70.12,6,1,47.44
30.652,184.21,17,3,63.32
1.901,23.06,7,1,23.38
32.411,54.39,8,0,74.5
4.112,82.97,7,4,31.66
130.849,73.65,6,0,104.51
38.546,188.75,22,4,48.59
214.415,99.28,6,3,163.43
30.002,60.37,5,1,37.84
275.297,64.27,5,6,128.73
10.599,169.79,11,3,40.65
268.251,195.86,12,2,247.08
27.837,157.35,20,0,42.5
37.889,178.01,0,0,41.04
339.341,114.27,8,0,360.25
37.179,186.87,5,3,35.76
475.715,52.37,10,2,364.82
260.232,61.22,15,5,143.45
8.182,178.47,2,5,31.64
293.068,27.05,3,6,124.13
262.617,120.65,12,0,238.25
18.657,84.55,3,3,38.31
13.388,138.24,12,0,41.31
28.572,14.42,2,6,29.71
209.561,34.03,6,1,126.65
31.976,8.75,18,0,50.14
29.569,191.15,23,6,39.14
1.468,168.61,4,1,24.87
422.903,140.48,3,5,273.67
2.306,41.01,11,5,18.44
205.312,21.2,3,1,114.32
288.894,132.31,19,1,302.59
21.571,31.36,12,0,28.62
430.009,81.68,3,2,209.04
11.195,4.83,12,1,19.51
12.301,113.25,20,0,28.95
23.812,15.92,6,0,22.2
453.277,115.88,17,0,369.59
16.703,178.58,0,5,46.11
34.786,56.65,5,3,39.81
26.179,1.29,22,4,28.94
27.13,118.42,21,3,32.4
392.679,196.35,3,5,237.24
378.627,96.61,21,2,280.07
16.869,145.9,19,2,71.33
3.805,86.38,10,3,25.21
31.166,142.94,13,6,49.66
404.46,20.18,1,1,217.13
34.435,171.42,10,5,45.14
83.125,76.86,4,1,58.03
312.342,79.5,5,4,182.77
10.072,85.82,2,3,26.93
16.183,116.64,14,4,32.6
480.831,109.1,19,1,470.48
244.068,9.24,2,0,92.82
295.186,37.03,16,1,180.73
425.749,34.62,20,6,360.37
22.9,106.55,18,2,49.81
37.316,150.15,0,0,40.04
2.917,20.89,11,0,15.3
31.154,171.8,2,3,36.76
433.21,62.23,22,4,221.59
24.173,97.8,16,2,37.44
24.373,45.34,8,2,34.99
36.994,99.74,14,1,62.43
1.511,194.4,2,3,18.33
175.491,21.99,23,5,123.46
219.57,197.73,16,3,161.34
14.839,111.0,6,6,53.63
180.174,7.97,11,5,138.18
186.11,192.29,12,6,139.36
13.739,154.63,3,0,38.13
21.131,131.46,22,2,27.24
411.826,160.82,13,1,373.49
3.588,5.75,22,6,12.51
10.697,9.53,16,3,24.87
277.604,191.26,0,6,125.43
288.486,43.46,3,5,139.6
290.301,165.3,0,4,207.06
12.716,147.1,21,4,34.92
13.896,66.63,0,1,30.69
24.622,122.16,4,5,31.47
8.12,120.97,2,6,25.05
11.036,150.86,6,3,37.73
28.169,77.83,14,5,37.55
28.776,136.25,22,2,33.93
204.457,54.49,17,5,156.3
5.961,65.64,5,6,23.65
21.562,194.9,10,2,38.47
38.123,173.8,23,4,43.8
23.873,73.66,0,0,38.57
11.496,143.09,9,1,59.06
403.28,171.71,6,4,239.49
47.659,78.14,9,3,75.13
17.882,150.54,6,3,48.86
12.579,155.34,9,3,51.35
122.174,12.66,23,0,54.2
18.69,143.62,6,0,46.5
3.502,174.09,18,4,30.49
466.4,55.86,14,3,342.82
30.218,43.16,11,3,32.47
374.061,119.06,4,4,259.19
28.268,74.79,0,6,32.08
215.829,47.72,11,5,184.99
35.429,174.09,0,1,44.08
1.364,38.86,0,0,13.67
53.281,188.54,14,1,79.0
422.208,28.24,20,3,231.39
24.648,54.27,12,3,40.96
11.675,83.77,17,4,38.8
14.681,173.66,9,3,48.97
208.676,155.17,18,1,233.06
27.416,169.51,19,5,39.82
35.452,65.31,2,4,47.33
71.261,57.0,15,5,74.96
75.58,193.79,0,1,66.43
478.893,35.89,15,6,275.99
348.143,87.68,22,6,215.53
28.265,132.97,10,3,39.38
16.575,18.62,23,3,22.53
3.015,178.44,21,6,24.33
284.557,166.19,13,5,218.53
240.882,82.03,1,6,125.19
253.032,21.49,22,2,124.21
29.65,52.67,12,2,47.95
38.657,193.62,6,2,47.7
122.756,159.64,14,5,89.38
316.35,10.39,23,6,137.7
34.219,72.05,21,3,45.1
126.588,198.85,22,0,76.19
32.565,198.49,19,4,42.52
30.278,41.34,18,6,47.33
6.096,21.5,20,1,19.24
14.234,108.41,19,5,47.53
303.888,93.53,6,0,182.56
35.88,184.41,18,4,51.91
36.363,193.98,2,1,42.0
250.925,117.22,21,4,148.18
5.966,36.42,2,2,18.87
11.516,65.01,3,5,39.59
0.548,107.53,14,3,17.0
238.219,95.21,9,6,229.48
18.974,51.39,17,2,73.88
104.551,196.88,17,5,64.74
480.935,96.27,1,5,253.54
13.98,191.96,13,4,40.49
26.779,16.08,11,2,26.09
19.349,23.99,3,1,30.82
247.245,11.79,15,6,154.05
178.06,179.54,10,2,120.37
241.531,20.71,3,2,109.29
2.139,59.77,12,6,28.11
303.07,56.02,13,4,265.56
34.347,111.0,11,4,39.78
32.214,70.06,5,3,38.75
22.217,87.83,5,6,32.37
39.046,186.76,22,5,44.36
25.01,145.66,21,5,36.88
141.49,132.45,22,1,82.81
436.54,176.55,16,3,278.76
6.03,25.65,1,2,15.49
39.443,9.95,18,4,35.95
33.514,3.2,2,2,21.9
28.98,153.82,15,1,43.26
16.414,106.22,23,4,51.62
17.276,47.8,11,0,53.77
32.981,190.41,4,5,39.78
36.351,182.99,21,3,43.04
238.384,60.03,17,3,234.96
34.348,24.11,5,5,28.05
46.216,139.55,6,6,45.28
30.438,48.13,5,1,28.57
355.152,137.99,7,3,368.84
9.795,65.97,3,2,25.6
39.969,199.74,13,0,65.91
96.387,179.45,5,5,67.42
327.728,41.3,9,4,158.8
483.343,179.08,2,2,230.35
26.116,100.72,11,3,34.59
142.751,144.95,4,1,83.81
15.832,186.57,10,0,48.23
351.108,170.54,17,2,393.94
495.771,90.77,2,3,255.88
2.002,9.54,11,1,15.04
263.74,36.85,18,1,238.73
12.885,169.88,23,4,35.73
178.312,101.14,19,6,173.94
29.612,111.27,17,4,40.18
20.355,60.91,11,4,35.61
4.959,52.44,4,4,32.63
16.469,131.89,10,5,40.67
15.591,56.03,21,1,53.22
30.522,132.91,10,6,44.65
26.723,141.62,14,2,52.03
323.869,143.83,1,4,193.46
451.081,166.77,5,3,197.98
457.715,101.26,6,2,347.05
76.338,111.43,12,5,93.02
94.835,45.26,1,1,59.88
30.396,52.42,15,5,43.05
31.8,5.75,0,6,27.82
33.07,117.79,8,0,67.31
394.568,114.19,3,2,207.63
471.958,53.39,7,5,289.68
20.949,183.95,9,3,43.49
134.925,79.49,10,4,82.76
329.585,118.15,9,4,234.65
438.225,157.69,7,4,294.71
22.879,106.98,18,3,39.59
29.321,114.86,18,6,65.17
1.559,167.74,20,3,23.05
17.257,167.99,14,3,50.74
17.631,42.87,21,6,33.95
281.26,38.51,23,1,131.54
11.522,154.49,22,0,27.92
2.562,49.25,17,2,24.02
111.489,194.61,6,1,84.0
7.114,125.76,16,0,30.91
310.674,163.38,10,6,215.02
9.004,162.86,1,3,24.77
316.559,145.29,13,1,273.54
25.174,112.64,15,2,35.91
171.223,148.54,15,0,132.21
23.637,48.0,6,3,37.23
24.871,20.96,4,5,27.29
15.488,111.97,15,0,48.47
35.045,79.69,14,0,51.66
31.548,143.19,18,6,57.28
458.626,173.3,17,5,254.67
54.884,7.09,9,3,94.36
4.051,195.31,22,2,27.01
39.45,191.67,6,2,54.85
383.159,17.52,20,3,235.26
274.127,66.62,1,3,140.13
185.854,130.33,2,4,111.16
322.132,168.85,20,6,221.94
135.664,12.99,10,1,89.01
32.911,43.29,0,4,43.37
74.912,104.2,1,3,60.81
31.297,40.97,14,0,52.37
7.332,153.21,8,6,39.51
23.246,31.73,0,2,26.81
150.002,135.26,4,5,102.83
22.32,72.33,23,6,47.04
365.811,195.72,23,0,222.56
34.903,151.65,3,4,58.69
14.88,82.95,18,0,56.89
79.275,94.52,19,6,128.33
5.353,146.36,11,1,29.17
370.984,143.7,11,5,286.99
458.966,5.71,8,0,457.0
26.815,107.7,2,4,32.78
36.738,80.1,12,1,53.17
481.919,178.32,20,5,269.25
36.295,191.6,8,1,57.68
3.605,68.15,3,2,25.31
32.628,56.09,11,4,55.67
11.12,0.8,14,4,23.04
30.349,43.46,18,1,45.78
15.281,115.39,18,2,50.18
246.801,63.7,8,3,258.61
234.818,69.32,22,0,142.76
8.21,166.57,14,0,35.2
38.681,85.99,11,1,51.22
42.671,150.32,17,1,78.38
335.029,170.75,19,4,202.57
5.61,35.47,3,0,17.76
265.913,16.49,1,5,197.82
38.393,2.35,10,0,45.1
102.648,72.29,14,4,79.15
13.652,122.51,23,5,41.02
2.442,0.99,20,3,9.14
87.893,21.25,11,0,56.38
298.539,117.15,18,1,274.15
78.761,37.44,20,6,93.77
250.09,137.96,18,2,226.44
23.517,12.58,12,2,24.21
408.804,155.47,3,1,223.15
8.549,152.04,22,1,25.81
74.228,62.52,21,6,90.07
452.773,134.66,19,6,416.53
268.474,8.99,2,4,151.51
146.803,37.81,12,6,114.85
0.935,67.75,20,0,21.2
39.455,84.15,3,5,49.93
6.258,180.32,3,0,27.52
195.482,51.43,22,0,105.9
9.695,130.87,13,2,30.94
454.585,4.74,23,0,213.88
154.088,33.01,8,6,154.98
36.828,164.62,10,0,53.27
26.725,171.76,2,3,39.3
22.543,158.11,20,1,38.53
170.47,54.63,16,0,116.38
13.372,122.68,2,4,42.41
23.77,151.69,12,6,43.83
365.503,89.45,0,2,195.7
2.877,89.54,1,4,25.39
32.276,65.28,5,6,34.75
27.778,142.59,6,4,41.21
217.199,143.39,8,4,107.42
228.749,109.71,23,0,140.03
441.665,198.65,22,5,214.94
19.876,155.32,3,3,43.66
13.749,106.26,3,0,39.24
4.391,72.58,3,4,39.21
10.899,93.71,22,6,35.61
18.029,82.32,15,0,51.32
31.998,88.14,21,6,36.36
33.88,197.27,21,5,43.65
12.489,129.01,9,6,43.2
10.223,180.66,19,3,50.7
489.032,158.77,21,0,284.7
336.362,36.43,7,0,329.81
0.858,184.22,11,6,17.0
22.251,87.17,10,0,38.93
4.566,27.9,4,3,23.42
204.738,180.74,0,0,135.42
197.923,101.04,6,1,127.27
18.37,169.07,0,0,41.79
8.489,154.95,4,5,28.54
33.285,173.88,12,3,42.23
30.956,143.71,11,1,44.88
16.881,190.19,23,4,44.75
158.974,186.73,7,1,183.53
230.881,72.83,16,3,166.06
370.582,41.58,4,1,209.15
20.72,173.88,2,6,32.95
10.883,162.51,21,0,38.27
38.525,138.51,9,0,60.09
36.111,53.3,22,5,42.29
28.598,30.19,6,3,34.43
59.874,61.08,11,5,74.2
39.19,162.06,23,1,44.8
39.132,25.9,14,0,50.1
432.163,138.79,2,6,248.61
3.085,13.84,4,4,14.12
137.666,11.2,15,3,75.98
402.824,145.57,2,3,205.03
34.802,6.27,21,6,36.55
36.979,62.34,10,6,51.56
33.754,71.73,15,5,41.61
145.844,114.78,5,5,98.62
34.742,4.54,13,4,36.92
16.257,62.44,18,2,61.51
116.448,131.27,9,2,122.31
486.451,173.43,2,3,237.53
6.746,32.75,20,5,22.78
18.437,160.89,9,4,50.02
178.558,65.78,22,2,93.55
309.756,51.42,12,5,238.12
99.638,80.7,9,5,76.07
201.734,52.86,23,5,138.33
33.635,2.2,13,6,32.32
24.998,135.31,17,0,55.35
28.72,68.8,6,4,49.51
307.81,38.14,5,4,177.21
187.412,88.54,19,4,124.94
1.954,101.94,11,0,21.65
331.916,32.29,15,5,205.37
121.49,46.09,16,6,88.37
78.31,169.19,8,4,84.43
10.754,149.94,7,4,35.48
3.399,123.45,21,6,27.16
3.617,194.38,11,4,31.6
6.504,184.48,4,5,33.47
412.33,85.4,18,3,451.43
113.096,33.01,22,3,65.67
315.235,197.69,15,3,227.79
314.938,118.29,23,0,158.67
5.168,67.69,8,5,21.37
19.285,65.72,13,2,56.17
7.747,14.9,23,2,15.55
199.622,64.12,7,1,229.15
456.893,155.71,17,6,553.8
32.039,2.85,16,6,35.37
22.641,56.46,18,4,35.22
376.191,142.39,12,4,243.88
196.637,153.78,23,1,106.01
383.53,85.11,8,6,344.62
147.436,89.09,14,5,119.87
447.811,127.49,11,0,323.7
37.808,114.07,7,4,44.87
15.093,20.15,11,6,37.91
33.057,111.27,14,4,36.07
27.355,171.92,16,3,48.07
188.704,188.25,19,4,102.23
55.581,12.71,17,4,43.76
357.227,46.03,19,5,195.25
12.921,198.82,18,1,47.91
37.812,76.07,14,2,60.47
38.53,111.21,13,1,54.84
26.296,141.21,3,3,36.71
20.021,86.11,15,2,32.95
29.418,40.88,10,0,35.46
8.523,23.53,8,4,17.14
29.79,9.18,2,5,20.45
301.585,19.39,18,6,275.21
7.851,13.64,8,2,23.41
1.49,99.66,18,1,20.83
8.127,138.81,5,2,32.3
89.713,63.75,21,2,77.39
40.691,155.04,5,4,49.05
338.057,195.27,16,3,214.82
29.449,70.15,18,3,55.42
8.445,102.77,10,3,31.89
12.475,0.49,4,3,14.73
166.925,179.37,3,5,133.04
2.682,57.34,10,0,30.33
30.497,4.31,17,6,42.6
38.341,3.35,21,5,30.93
25.222,84.44,20,2,34.87
95.634,102.85,3,3,66.45
456.353,143.41,4,1,197.55
3.32,153.88,12,6,30.48
308.689,119.01,17,5,205.52
98.376,100.47,23,2,61.27
20.578,18.85,16,3,26.27
9.458,187.36,22,2,26.96
12.426,89.38,4,3,31.04
24.612,136.29,19,3,48.22
248.124,6.47,15,2,182.73
31.44,87.65,8,6,77.09
0.675,129.66,17,1,18.48
383.466,76.43,11,4,350.78
185.903,168.11,7,1,179.55
311.319,7.55,7,4,220.05
17.754,146.31,21,6,51.64
37.595,177.24,3,1,39.99
35.232,159.53,11,1,51.72
5.076,90.03,7,3,32.0
18.125,127.65,10,5,36.86
4.919,177.99,14,5,34.01
2.177,141.88,3,5,20.96
367.37,10.56,0,6,188.47
40.891,183.98,17,1,67.71
95.388,64.1,10,6,77.46
274.394,171.22,0,1,128.41
242.87,44.09,4,5,155.59
34.397,181.72,17,0,55.52
39.564,92.55,4,5,53.25
36.334,47.13,22,5,36.66
25.348,83.97,0,2,38.36
289.708,170.34,18,0,266.27
18.974,76.03,19,4,48.25
22.055,16.46,3,2,22.09
13.702,91.93,0,5,36.32
34.244,3.4,5,5,30.64
27.806,166.3,5,0,33.61
346.722,48.35,3,5,183.61
34.614,108.47,13,3,56.18
23.087,140.11,13,0,43.84
29.365,127.72,14,2,47.25
285.626,87.39,20,4,158.88
224.253,31.74,4,4,149.73
33.165,0.5,17,0,45.91
256.609,47.37,3,6,147.03
21.83,135.8,1,1,28.74
25.167,46.25,21,1,34.2
201.007,193.62,9,3,207.85
424.749,58.1,14,6,359.01
15.981,77.56,18,6,61.04
212.923,43.82,13,4,141.8
39.08,121.05,6,0,58.24
24.204,35.44,2,1,28.77
402.389,22.42,13,3,371.66
28.521,151.21,23,0,34.86
173.68,97.51,5,6,90.34
35.836,173.41,11,5,64.03
20.263,129.98,4,2,34.26
32.046,93.35,6,0,42.4
442.754,95.17,2,1,235.13
158.62,22.56,23,5,94.39
296.042,162.65,2,4,191.02
384.683,70.12,16,2,307.61
199.613,161.32,18,6,208.45
33.509,72.78,5,4,44.36
196.252,157.1,21,5,123.23
451.428,162.37,21,1,235.38
302.246,73.21,10,5,241.31
5.734,50.35,13,3,25.66
0.932,88.82,2,3,20.07
19.572,184.42,0,4,46.78
24.882,144.83,15,3,38.24
26.88,71.23,8,0,47.86
26.779,65.05,16,2,38.41
32.411,107.59,10,5,33.96
77.724,97.57,9,4,63.55
378.223,70.09,8,3,350.41
28.071,97.44,19,1,55.94
38.753,108.27,8,2,74.08
16.184,153.31,13,2,55.18
39.881,101.18,10,1,59.56
235.893,83.91,20,0,154.13
30.157,101.52,14,2,47.29
20.6,64.66,10,3,40.83
2.066,154.0,10,5,24.04
170.446,188.82,7,1,196.55
72.628,164.89,13,2,107.53
216.094,78.01,19,4,139.38
39.49,117.62,0,0,42.84
468.855,185.25,1,3,227.91
436.557,47.83,10,2,289.74
4.011,116.33,20,1,32.32
7.001,160.25,20,1,30.02
24.617,183.23,2,0,35.39
40.055,4.01,5,5,29.81
16.539,51.44,22,4,35.16
106.076,98.89,15,6,78.2
203.056,151.62,4,1,102.5
8.509,65.61,18,1,38.71
212.943,57.8,19,6,178.64
62.288,150.25,21,0,77.48
12.193,111.87,12,2,43.33
30.482,183.78,3,1,38.06
15.404,20.7,15,2,39.09
248.165,21.01,3,3,124.16
36.793,38.0,22,3,40.11
21.402,6.52,16,2,21.97
14.554,133.31,0,0,44.64
3.697,184.89,18,5,26.38
0.798,154.77,12,2,16.51
326.834,58.06,8,2,301.95
5.905,128.02,6,4,31.35
33.574,127.07,0,6,40.09
11.809,108.31,19,3,47.22
22.274,62.81,5,2,29.55
7.033,11.13,23,5,16.8
1.199,192.69,12,3,22.63
23.149,6.69,0,6,18.91
9.993,151.77,23,1,33.09
35.122,127.17,1,2,32.43
0.788,189.84,12,1,17.03
29.326,43.28,7,1,51.02
195.158,85.18,6,2,139.78
434.146,14.35,13,2,317.53
21.444,158.81,10,5,36.65
4.652,8.82,3,5,14.97
14.861,8.74,17,0,42.55
16.651,4.04,23,4,25.62
21.306,74.77,16,5,28.92
13.755,138.66,9,2,48.51
3.914,42.12,11,1,20.66
119.62,84.93,1,4,87.87
488.739,121.86,14,0,366.48
35.307,89.94,7,0,60.74
28.592,42.71,4,6,27.47
132.047,59.58,15,3,93.36
239.837,195.3,11,4,191.9
218.655,193.53,19,4,147.34
19.829,127.11,20,1,63.51
347.896,135.31,20,2,216.55
131.733,106.47,13,0,106.79
475.929,70.68,3,0,236.88
22.715,80.34,19,6,44.04
29.492,87.73,4,4,34.85
16.878,42.84,3,2,31.96
35.117,13.92,3,3,30.82
10.994,66.81,4,6,30.12
176.789,89.56,18,5,117.87
4.662,188.15,22,3,27.14
7.647,162.37,6,6,38.26
189.329,142.59,6,0,157.05
221.747,154.2,2,6,142.71
440.912,130.42,18,4,310.76
206.347,37.99,17,0,206.4
41.638,186.16,18,3,72.35
168.018,1.36,13,2,108.56
216.91,26.07,18,2,269.36
473.681,150.76,9,4,323.87
416.488,88.18,17,6,447.88
7.483,32.41,23,3,16.71
2.648,151.53,15,1,23.14
11.205,177.78,3,5,26.67
6.178,146.54,0,6,21.49
29.186,20.66,21,5,33.13
199.097,53.99,7,3,169.91
493.431,83.94,19,4,281.42
116.299,179.58,7,2,157.7
23.375,38.57,16,2,30.99
196.17,176.36,21,5,128.04
347.171,195.78,1,0,131.47
169.365,193.12,1,1,108.19
427.982,71.85,1,6,235.27
21.95,80.64,13,4,39.15
179.93,14.27,18,3,208.3
9.184,128.69,9,2,39.25
19.918,63.12,9,6,62.52
281.659,78.84,12,3,231.79
84.805,51.99,3,3,49.96
30.369,135.5,8,5,36.99
237.167,128.64,15,3,161.3
27.529,160.58,23,2,34.78
10.307,187.21,13,1,31.48
234.101,66.21,10,5,145.44
177.694,80.28,10,4,123.82
30.63,16.84,8,4,28.14
19.687,116.04,12,4,52.97
27.054,169.56,3,6,44.61
342.603,122.66,16,1,255.74
276.754,89.59,8,6,284.07
5.681,91.56,17,0,29.24
345.056,197.03,12,6,251.42
368.212,68.63,23,4,226.68
30.185,15.54,2,4,28.0
13.076,157.72,3,3,29.72
18.034,5.79,11,0,30.66
300.227,155.48,6,5,214.63
18.389,55.29,2,4,36.74
16.38,166.84,3,6,31.28
301.99,145.25,20,3,205.07
0.811,87.02,14,6,24.74
205.156,137.47,19,0,202.58
26.299,31.83,11,4,31.77
223.266,124.64,2,4,158.2
39.632,16.19,7,2,48.5
388.314,8.57,12,1,277.55
4.022,49.23,16,6,27.3
35.867,86.55,19,4,41.05
64.252,86.18,13,0,85.13
32.294,102.56,20,2,40.13
230.283,195.92,14,4,141.04
392.46,159.8,19,1,489.01
15.434,4.42,17,5,24.87
444.325,158.78,9,1,469.44
21.217,134.94,14,0,35.32
49.818,57.05,12,6,64.39
17.647,44.29,12,5,46.41
30.336,41.85,19,1,52.66
30.339,19.46,7,3,48.76
455.714,60.52,17,3,460.74
9.654,67.1,14,6,31.93
329.709,141.69,11,4,288.47
448.478,13.68,6,3,277.95
368.196,132.45,10,0,244.76
491.706,120.84,17,1,570.92
326.675,109.25,4,6,164.21
472.244,112.46,7,3,469.72
28.268,14.12,23,0,23.1
80.127,133.96,10,4,64.55
38.249,120.51,21,1,52.14
265.598,100.97,22,6,161.53
26.157,8.48,1,5,29.73
29.229,28.42,21,6,35.85
1.867,125.01,9,2,25.82
13.902,97.2,4,2,42.88
22.183,95.16,15,0,38.08
212.125,182.56,19,6,225.08
30.886,140.83,5,1,32.54
106.396,9.31,19,5,61.57
234.947,112.11,9,0,230.59
321.052,17.57,15,3,170.02
97.655,173.77,9,1,104.23
356.715,178.14,2,0,179.45
23.896,35.88,1,3,26.8
187.193,30.48,16,4,133.48
1.473,73.0,13,4,22.65
39.996,95.0,0,2,37.96
1.363,104.79,14,4,24.05
280.217,50.94,3,1,152.51
7.413,184.48,1,1,23.54
8.333,160.95,0,3,27.56
400.615,94.72,1,4,276.53
161.379,76.17,9,1,208.94
36.444,143.06,20,5,40.44
339.446,125.28,23,1,185.54
36.066,8.91,21,6,30.99
14.318,68.7,13,1,47.58
377.51,119.35,19,2,421.1
8.235,42.83,5,6,15.49
29.774,171.24,10,3,46.2
21.49,74.91,17,5,32.77
442.836,30.68,19,2,521.28
7.96,74.01,19,0,33.45
10.982,145.82,18,4,29.31
339.932,126.28,3,5,212.87
433.047,88.31,7,2,435.07
30.567,169.97,14,6,47.1
32.78,187.11,17,3,63.71
348.54,6.68,10,4,235.91
21.555,68.8,20,0,40.63
19.896,196.18,15,5,53.1
3.702,112.29,21,0,28.26
34.93,141.85,9,0,70.4
11.776,93.72,18,1,54.06
27.034,163.9,0,2,33.54
26.174,1.21,8,6,39.74
11.262,22.41,18,4,29.66
12.062,44.18,21,3,30.05
144.556,4.12,17,0,142.86
5.088,60.0,15,2,26.64
8.991,101.24,23,5,25.73
37.099,186.26,20,3,36.48
21.366,106.71,3,3,34.87
13.42,103.13,0,3,32.64
14.057,28.59,9,3,43.25
368.548,155.16,17,3,387.78
5.509,12.2,19,2,24.47
53.07,76.01,10,4,58.84
154.012,5.92,3,4,90.4
13.368,136.37,2,2,34.78
162.623,115.68,18,4,116.56
37.819,128.31,2,5,52.22
11.758,81.88,7,1,52.0
2.823,172.5,10,2,29.93
10.973,170.96,20,2,36.95
30.013,183.06,18,1,71.49
14.745,106.54,11,5,48.17
33.826,36.18,14,2,41.07
317.889,199.15,0,3,178.17
407.067,83.15,6,2,262.45
2.872,172.81,19,2,31.18
447.11,184.67,12,1,335.43
169.422,52.91,9,4,122.58
85.711,3.32,7,2,94.0
8.868,167.75,18,1,48.24
168.63,161.05,19,1,185.96
381.259,58.28,22,6,223.76
21.261,120.67,20,1,31.47
15.803,43.83,4,0,31.4
494.477,117.98,2,2,257.82
488.164,88.54,12,4,326.85
18.678,30.16,8,1,54.58
311.174,189.61,5,1,165.38
35.076,94.83,15,6,54.17
38.003,110.87,3,5,53.37
19.355,44.05,23,5,45.97
12.306,156.18,13,4,37.04
24.857,52.28,21,6,30.86
339.442,77.65,13,6,271.6
290.527,114.73,4,4,183.49
265.367,165.56,7,4,141.71
16.42,3.79,14,2,35.89
146.46,100.15,1,0,97.94
5.677,162.13,20,3,26.04
29.179,136.14,3,4,35.25
2.085,34.3,20,0,17.2
175.324,77.65,2,5,132.98
17.599,81.91,5,6,44.53
132.508,150.85,5,1,80.31
23.328,23.77,12,4,32.14
176.386,88.9,10,4,105.57
449.216,91.46,23,6,200.33
35.042,137.6,4,4,40.51
19.117,100.25,2,5,49.46
53.218,15.93,14,4,46.39
7.567,2.84,20,1,15.36
13.123,28.29,19,2,61.5
224.653,126.71,3,1,121.74
305.43,21.27,6,4,193.68
12.869,88.98,12,2,41.35
33.227,130.97,5,3,49.72
38.923,30.61,23,5,35.64
12.326,162.36,16,4,30.7
2.044,131.82,0,3,21.94
257.309,12.07,9,4,149.56
156.797,108.13,19,0,142.04
1.514,119.8,4,5,21.39
194.719,192.33,17,5,116.01
30.546,192.17,18,3,47.55
376.701,157.08,6,1,222.38
129.102,130.62,22,3,75.2
12.382,157.05,8,6,57.62
354.195,195.76,11,4,297.34
159.388,97.22,2,4,132.0
222.518,63.04,15,1,168.74
13.668,84.01,14,1,41.47
6.577,196.24,22,5,27.57
25.648,40.94,1,0,26.58
8.808,11.25,18,6,30.14
31.054,76.84,22,5,54.03
2.665,198.62,20,6,27.25
6.49,15.2,7,1,19.5
276.561,194.35,15,1,173.51
7.915,54.95,3,1,25.51
13.768,108.6,15,4,29.77
37.814,94.62,13,1,48.92
370.681,195.36,23,0,226.83
318.83,178.73,10,6,211.38
3.624,171.34,10,3,25.17
18.024,21.0,8,0,71.88
70.869,54.08,6,4,70.78
16.314,137.81,11,2,37.38
316.284,171.18,20,6,211.05
23.391,109.78,16,4,32.61
180.081,56.06,0,3,103.89
302.699,73.22,9,0,288.88
36.633,159.05,15,3,47.71
4.071,46.04,5,4,23.01
22.792,115.7,11,1,35.9
360.234,117.63,3,6,203.65
274.263,52.08,20,6,172.54
19.706,35.55,3,1,34.1
11.227,129.44,16,6,28.8
3.391,135.77,2,3,22.83
23.432,148.78,7,0,48.31
12.489,189.98,12,0,41.49
27.162,59.74,9,2,45.01
38.21,192.57,20,6,49.64
1.789,31.36,0,2,16.33
34.934,85.63,14,2,56.22
216.088,41.34,4,0,98.62
14.509,17.17,18,4,28.06
12.521,22.69,16,3,27.1
28.049,45.76,19,1,49.59
218.534,31.62,0,4,141.48
330.898,124.88,18,3,318.4
37.992,49.9,5,2,30.52
338.659,49.47,4,2,149.96
1.294,79.29,4,3,25.9
227.066,71.77,16,1,178.39
9.287,151.95,21,6,36.91
13.142,78.45,2,4,34.62
4.788,29.38,21,3,21.75
10.627,59.45,0,5,33.95
482.396,71.45,22,1,263.91
136.494,56.85,12,3,103.79
180.359,149.09,8,1,186.32
21.783,98.36,13,6,35.42
113.353,166.92,18,4,74.97
33.832,131.78,16,0,42.65
199.614,192.75,23,0,101.38
126.309,64.79,16,3,87.47
37.717,77.5,12,4,63.59
380.016,178.52,2,1,205.7
17.133,150.21,14,6,54.65
5.971,3.41,23,1,9.5
349.86,14.52,15,4,220.03
190.771,172.55,11,5,140.11
16.916,141.61,11,6,46.9
196.189,7.92,8,6,196.58
16.593,74.74,16,0,47.03
25.768,130.62,2,2,31.75
7.158,21.55,17,5,27.05
21.789,133.47,22,1,27.96
17.663,131.46,21,6,55.11
470.087,184.32,8,5,299.98
10.031,44.16,12,3,25.41
11.668,140.22,7,0,56.26
413.645,160.28,13,5,273.3
223.516,129.07,13,0,168.91
232.056,152.51,23,0,137.88
432.486,173.19,9,5,271.56
24.143,146.17,22,1,28.22
23.703,122.88,19,6,49.52
12.04,74.44,12,2,37.43
32.22,84.8,9,6,53.9
33.099,74.83,18,2,53.18
405.637,39.48,2,2,187.85
3.676,185.96,2,1,25.96
6.865,96.26,12,1,32.4
134.826,154.27,18,3,142.98
36.345,59.17,15,0,40.72
23.447,21.63,20,4,29.8
92.195,160.7,10,3,71.71
1.876,20.35,12,6,18.78
233.058,96.13,14,6,185.5
214.469,41.67,15,1,164.39
17.106,100.07,2,6,36.02
18.617,198.24,13,4,59.98
46.839,31.62,17,1,69.78
31.419,55.21,0,3,34.44
351.802,69.52,5,4,199.85
446.673,106.84,10,4,288.17
64.035,153.88,11,5,80.91
25.722,16.69,21,0,28.03
499.803,186.02,14,6,331.4
39.776,128.44,0,5,54.88
320.875,28.42,2,3,139.39
35.352,161.33,19,4,49.59
226.931,83.08,17,6,236.19
110.434,196.16,1,4,74.74
34.382,141.85,11,0,46.6
35.771,105.98,2,5,43.67
106.907,139.28,9,0,108.91
32.029,134.16,14,6,52.47
316.186,37.25,7,1,267.66
477.587,117.49,12,0,392.56
34.124,100.51,0,4,48.57
375.524,124.04,16,4,261.06
25.254,17.59,21,3,24.42
39.413,17.6,17,2,57.43
3.589,110.02,12,2,26.46
13.746,4.83,7,6,35.3
202.811,176.05,19,5,127.56
34.35,5.57,23,3,31.8
25.367,138.72,4,0,29.25
22.294,149.76,17,1,45.3
9.165,161.04,3,5,32.47
2.69,127.73,17,3,37.85
20.03,22.28,10,1,28.24
2.85,178.21,11,3,31.77
307.005,63.25,0,3,152.41
361.871,141.71,23,4,195.33
73.101,177.13,2,5,80.91
373.029,76.64,2,3,184.66
6.226,58.56,1,6,23.07
48.599,157.0,18,0,85.27
21.669,166.39,8,6,56.5
277.424,33.58,1,3,121.87
21.868,94.43,5,4,36.41
34.21,101.54,21,3,42.69
37.571,162.7,23,3,45.24
252.761,156.61,4,2,139.63
126.584,104.74,9,0,148.84
194.156,139.76,18,2,226.02
10.593,35.12,22,4,29.66
6.513,163.15,14,0,30.69
13.342,16.13,19,6,37.39
0.939,149.12,21,1,21.4
20.188,47.31,16,6,23.33
11.377,104.86,22,0,41.37
109.531,194.9,16,4,76.34
81.406,112.0,2,6,62.59
73.707,57.57,3,5,77.75
15.381,166.38,5,1,36.98
32.21,123.39,3,3,43.77
114.249,171.68,14,0,93.01
408.544,165.02,15,1,233.14
297.579,32.46,8,1,329.3
206.205,187.31,3,1,103.14
130.332,49.02,8,3,133.66
293.75,158.43,21,3,194.52
498.687,171.24,16,4,266.2
15.349,124.95,10,3,49.19
10.803,174.71,8,3,38.08
11.022,168.67,0,3,33.5
7.959,116.42,0,6,25.75
424.433,97.92,3,5,288.95
412.739,193.26,20,5,279.46
17.438,24.71,23,0,40.47
393.455,185.37,13,5,333.91
21.869,156.42,11,5,34.86
14.49,47.19,3,4,32.36
15.819,36.59,16,2,44.7
34.011,132.75,5,1,41.19
25.41,131.56,3,0,32.31
74.13,31.09,2,4,81.88
39.934,125.07,13,5,61.92
18.619,148.2,22,3,40.44
10.814,128.67,8,2,48.8
135.571,44.0,0,0,58.59
16.499,176.31,7,2,47.44
5.467,105.31,20,6,29.96
5.874,68.86,1,3,24.95
14.244,165.26,20,1,40.56
148.422,131.96,6,6,106.03
201.701,52.62,23,1,151.53
30.637,80.97,1,0,39.04
462.204,129.32,12,0,345.86
4.315,157.27,11,4,34.71
194.171,1.66,8,3,160.72
456.784,148.89,18,6,515.41
12.023,9.18,2,6,17.94
51.664,17.99,0,3,41.17
251.146,155.43,1,4,161.95
5.928,192.99,2,5,26.31
26.943,47.97,14,1,37.29
4.433,42.47,23,0,17.75
29.891,173.88,11,1,40.87
25.599,123.71,10,0,36.38
19.976,177.99,7,0,61.52
1.787,170.24,20,0,22.02
301.178,135.5,18,1,364.88
2.426,65.35,11,0,21.73
14.215,125.53,22,5,39.49
19.564,169.28,8,3,53.6
9.799,62.64,11,0,28.39
18.582,72.62,20,3,46.75
25.373,85.62,7,3,42.23
1.639,69.23,18,4,25.35
7.909,61.34,18,1,43.27
130.78,120.72,13,3,100.89
58.365,71.82,20,2,80.22
24.221,125.42,6,0,38.26
58.718,108.59,15,1,68.58
1.828,89.28,15,6,27.52
31.11,90.63,0,5,46.96
20.529,186.2,6,0,34.86
265.575,157.72,19,5,213.77
8.37,119.23,8,3,33.89
154.144,63.38,6,6,127.05
32.857,67.32,7,5,41.39
33.678,7.16,0,0,25.03
36.255,79.79,3,3,42.35
21.984,165.11,14,6,42.35
15.755,83.92,9,2,68.6
81.305,3.27,1,0,38.33
324.245,40.66,10,5,172.23
6.016,30.1,10,5,22.44
43.074,155.24,14,1,58.65
128.086,61.55,17,4,87.16
54.251,5.0,8,1,83.92
38.48,198.15,4,2,43.35
12.186,22.32,4,5,23.98
263.7,153.9,20,1,207.42
447.805,196.52,15,4,289.22
25.408,105.04,9,6,57.34
315.659,15.16,4,3,165.43
12.606,129.1,11,0,44.2
2.316,184.47,15,0,23.18
14.731,31.26,1,2,28.6
12.58,165.27,6,6,32.0
10.351,16.71,2,6,19.89
327.512,18.75,18,2,242.2
16.765,6.72,21,4,27.58
3.324,131.35,10,5,24.94
8.757,93.98,17,5,35.21
340.668,166.15,8,3,376.08
9.302,71.68,8,5,35.68
26.181,199.76,14,6,42.55
426.87,91.17,11,3,316.77
17.118,186.35,11,2,52.94
3.523,43.41,1,0,22.37
113.666,193.67,21,1,95.02
16.515,161.19,2,3,44.35
1.116,66.75,0,0,20.74
165.677,31.98,14,6,135.68
34.491,123.15,18,4,42.99
35.439,4.51,21,4,29.59
359.279,186.12,3,3,160.36
36.026,86.14,17,4,48.98
38.63,198.72,11,1,49.79
476.039,57.76,22,0,242.78
296.477,17.98,17,4,158.26
265.367,54.44,1,4,134.2
437.614,90.62,14,5,312.01
31.38,40.24,23,2,30.55
398.401,76.59,19,2,418.37
1.365,21.35,17,2,14.4
25.39,12.5,7,4,24.78
5.054,59.17,14,3,20.96
28.115,36.88,13,1,36.87
204.198,88.49,5,0,99.59
7.659,89.03,14,6,29.16
337.85,72.83,18,3,346.82
